split,ID,Speaker_ID,Speech_Duration_seconds,Gender,Speech_Class,Native_Region,Discipline_Group,Topic,model,mode,reference_source,reference_raw,reference,hypothesis_raw,hypothesis,wer,cer,ref_recall,length_ratio
test,zk1lXf7Ceiw,176,1.0,M,SLOW,SOUTH,Non-Engineering,Higher Order BVPs,tiny,whisper_norm,gold,..,.,can be written as,can be written as,4.0,17.0,0.0,4.0
test,E-r2EDS0uP4,226,29.75,M,SLOW,NORTH,Engineering,Lecture 3 Kinematics of machines,tiny,whisper_norm,gold,"F which we have seen, 3 times n minus 1 minus 2 j. So F is 3 into 4 minus 2 into 5, which",f which we have seen 3 times n -one -2 j so f is 3 into 4 -2 into 5 which,f which we have seen c times n minus 1 minus 2 j sorry this is I made a mistake here j 2 is 1 but j 2 is 2 j 2 so this should be counted as 2 into 1 that is 2 and j is 5. So f is c into 4 minus 2 into 5 which is 2.,f which we have seen c times n -one -2 j sorry this is i made a mistake here j 2 is one but j 2 is 2 j 2 so this should be counted as 2 into one that is 2 and j is 5 so f is c into 4 -2 into 5 which is 2,1.8571,1.8082,0.9375,2.7619
test,Vpoi5W6a3lo,166,17.64,M,FAST,SOUTH,Non-Engineering,Distributions(contd),tiny,whisper_norm,gold,"is when the original distribution is normal like we said this distribution of sample means is also normal. But, we also went through this central limit theorem where we said as long as you are aggregating is sufficiently large number of distributions the resulting distribution starts to look",is when the original distribution is normal like we said this distribution of sample means is also normal but we also went through this central limit theorem where we said as long as you are aggregating is sufficiently large number of distributions the resulting distribution starts to look,rate could be something like well two people that I've permanent okay so that's too and I want to ask the question what is the probability zero people will arrive over the next minute so I'd say on average two people that I've at the bus stop k is that zero right so I'll put it's a substitute k would zero,rate could be something like well 2 people that i have permanent okay so that is too and i want to ask the question what is the probability 0 people will arrive over the next minute so i would say on average 2 people that i have at the bus stop k is that 0 right so i will put it is a substitute k would 0,1.3333,0.8034,0.1176,1.3958
test,4XulH3TfbT0,203,52.541,M,SLOW,EAST,Engineering,Surface Tension Driven Flows (Contd.),tiny,whisper_norm,gold,"In short time, s is much much  00:52:22,059 so, 8 pi mu s ds/dt=pi r square H rho g okay. So, s ds/dt=R square H rho g/8 mu.",in short time s is much much 0 52 22059 so 8 pi mu s ds dt pi r square h rho g okay so s ds dt r square h rho g 8 mu,"in short time S is much much less than H. So, short time means S is much much less than H. So, the right hand side is approximately pi r square H rho G. So, 8 pi mu S d S d T is equal to pi r square H rho G. So, S d S d T is equal to r square H rho G by 8 mu.",in short time s is much much less than h so short time means s is much much less than h so the right hand side is approximately pi r square h rho g so 8 pi mu s d s d t is equal to pi r square h rho g so s d s d t is equal to r square h rho g by 8 mu,1.2286,1.2759,0.7143,1.9714
test,l8kIWLWfbZ8,195,15.83,M,FAST,SOUTH,Engineering,- MESFET : Effects of channel length and gate length on IDS and gm,tiny,whisper_norm,gold,it is not Vpo it is Vpo cylindrical is equal to q ND amplitude twice epsilon r epsilon,it is not vpo it is vpo cylindrical is equal to q nd amplitude twice epsilon r epsilon,"In fact, it is not if you throw it, it will be throw a friend at all. A is equal to 3 and the magnitude, 5 epsilon are epsilon 0.",in fact it is not if you throw it it will be throw a friend at all a is equal to 3 and the magnitude 5 epsilon are epsilon 0,1.1667,0.7209,0.4615,1.6667
test,g1vBAfoGvSI,42,21.28,M,SLOW,NORTH,Non-Engineering,Cycloaddition Reactions - II,tiny,whisper_norm,gold,"dienes for diels alder reaction, but if you take this type of cases like these are S cis",dienes for diels alder reaction but if you take this type of cases like these are s cis,times for the other reaction. But if you take this type of cases like this other When you are at it with your thoughts complex possible external thoughts other than if you treat,times for the other reaction but if you take this type of cases like this other when you are at it with your thoughts complex possible external thoughts other than if you treat,1.1667,1.1839,0.6667,1.8333
test,vf0S_1ZITuA,203,32.75,M,SLOW,EAST,Engineering,Fundamentals of Discretization: Finite Difference and Finite Volume Method,tiny,whisper_norm,gold,"by 2. So, that it becomes 3 and divided by 2 yes. Now, whether it is plus or minus sign",by 2 so that it becomes 3 and divided by 2 yes now whether it is plus or minus sign,"x by. So, it is h square by. So, it was 3 factorial and that multiplied by 2. So, that it becomes 3 and divided by 2. Yes.",x by so it is h square by so it was 3 factorial and that multiplied by 2 so that it becomes 3 and divided by 2 yes,1.1,0.988,0.6471,1.4
test,sCXbZp08jMA,49,24.12,M,FAST,SOUTH,Engineering,6 Soil Mechanics,tiny,whisper_norm,gold,depth z is given by (N dash) into W by V) where Ws is equal to W by V. Unit weight of suspension after elapsing time td can be determined at depth z is (gamma z) is equal to [(gamma w) plus N dash (W by V) into (Gs minus 1) by Gs)]. From this rearranging,depth z is given by into w by v where ws is equal to w by v unit weight of suspension after elapsing time td can be determined at depth z is is equal to from this rearranging,"z is given by z is equal to n at the z is given by n dash into w by v where w is equal to w by v. So, unit weight of suspension after alapsing time t can be determined at the z as gamma z is equal to gamma w in plus n dash w by v into g s minus 1 divided by g s. So, from this root.",z is given by z is equal to n at the z is given by n dash into w by v where w is equal to w by v so unit weight of suspension after alapsing time t can be determined at the z as gamma z is equal to gamma w in plus n dash w by v into g s -one divided by g s so from this root,1.0526,0.7184,0.8148,1.8684
test,-2aOCNaOiLs,222,4.989,M,SLOW,SOUTH,Engineering,Conduction- Cylindrical and Spherical geometries,tiny,whisper_norm,gold,considered in problem 45.,considered in problem 45,considered in problem 45. Let us do that.,considered in problem 45 let us do that,1.0,0.625,1.0,2.0
test,RZQTTfU9TNA,284,29.08,M,FAST,SOUTH,Engineering,Encoders and Decoders,tiny,whisper_norm,gold,"normally, this is a practical 3 to 8 decoder, I can give you the IC number if you want to this is 74138, it is not necessary to remember numbers. In fact I am not even sure it’s 128 or 138 but I think it’s 138.",normally this is a practical 3 to 8 decoder i can give you the ic number if you want to this is 74138 it is not necessary to remember numbers in fact i am not even sure it s 128 or 138 but i think it s 138,"this is a practical 3T code. Actually, I can give you the IC number if you want to it is 7 4 1 3 8. Doesn't matter, do not have to remember numbers, I do not remember numbers. I always become in fact, I am not even sure it is 1 2 8 or 1 3 8, I think it is 1 3 8. Somebody has a book and have a quick look at it. Anyway, now.",this is a practical 3 t code actually i can give you the ic number if you want to it is 7 4 one 3 8 does not matter do not have to remember numbers i do not remember numbers i always become in fact i am not even sure it is one 2 8 or one 3 8 i think it is one 3 8 somebody has a book and have a quick look at it anyway now,0.9792,0.8146,0.7714,1.6458
test,kHeysMOk9h4,82,24.69,M,SLOW,NORTH,Engineering,Parallel Algorithm,tiny,whisper_norm,gold,"n cross n, n plus 1 column is nothing but the b has been moved to n plus 1, that is You have A matrix and then you have B vector; instead of putting B here I have put B here",n cross n n +one column is nothing but the b has been moved to n +one that is you have a matrix and then you have b vector instead of putting b here i have put b here,you never knew more than the problem. Generally we want more share memory model. The people are working nowadays on commercial. Now the next problem is that we have to tell how I can do it.,you never knew more than the problem generally we want more share memory model the people are working nowadays on commercial now the next problem is that we have to tell how i can do it,0.9744,0.8313,0.2593,0.9231
test,qx86xQ6UKmU,70,15.29,M,FAST,SOUTH,Engineering,Adsorption,tiny,whisper_norm,gold,of the same charge into the solution in a chemically equivalent amount. Once again I will explain. Ion exchange is defined as the process where an insoluble substance removes ions of positive or negative charge from an electrolytic solution and releases other ions of the same charge,of the same charge into the solution in a chemically equivalent amount once again i will explain ion exchange is defined as the process where an insoluble substance removes ions of positive or negative charge from an electrolytic solution and releases other ions of the same charge,"by what is the concentration of B and plus in the solution. So, r and minus B and plus resin means activity of B and plus in the resin and B and plus 1 yes means activity of B and plus in the solution.",by what is the concentration of b and plus in the solution so r and minus b and plus resin means activity of b and plus in the resin and b and +one yes means activity of b and plus in the solution,0.9574,0.7046,0.1667,0.9149
test,lnD212vbPSk,70,26.769,M,FAST,SOUTH,Engineering,Sludge Treatment(Continued),tiny,whisper_norm,gold,We will see the advantages of this sludge draining beds for other dewatering processes. The cost involved is very very low for the sludge draining beds and infrequent attention is required because we can just go and dump the sludge on the sludge draining beds and it will automatically get dried because of evaporation and leaching,we will see the advantages of this sludge draining beds for other dewatering processes the cost involved is very very low for the sludge draining beds and infrequent attention is required because we can just go and dump the sludge on the sludge draining beds and it will automatically get dried because of evaporation and leaching,much higher compared to the somewhat and it is a labor intensive process as far as sludge removal is concerned because we are pumping the liquid sludge to the sludge drying but once the sludge is dried how can we remove it? We have to remove the sludge from the sludge drying but manually so it is a labor intensive process. and,much higher compared to the somewhat and it is a labor intensive process as far as sludge removal is concerned because we are pumping the liquid sludge to the sludge drying but once the sludge is dried how can we remove it we have to remove the sludge from the sludge drying but manually so it is a labor intensive process and,0.9464,0.7061,0.2571,1.1071
test,3vVJkvTsbXQ,88,25.36,M,SLOW,NORTH,Engineering,Open MP&PRAM Model of Computation,tiny,whisper_norm,gold,not say assumption but it is an abstraction will talk about how it affect our analysis yes we one is the amount of resource how much memory i have how much local versus or shared,not say assumption but it is an abstraction will talk about how it affect our analysis yes we one is the amount of resource how much memory i have how much local versus or shared,"I won't say assumption, but it is an abstraction. We will talk about how it affects our analysis. So, as many number of processors as you need, which means it is valid for a single processor to machine of even million. Yes. Right. Right. Right. The one is the amount of resources. How much memory I have, how much local versus auto shared.",i will not say assumption but it is an abstraction we will talk about how it affects our analysis so as many number of processors as you need which means it is valid for a single processor to machine of even 1000000 yes right right right the one is the amount of resources how much memory i have how much local versus auto shared,0.9429,0.8596,0.9,1.8286
test,whuItiXjk5s,277,64.92,M,SLOW,SOUTH,Engineering,Error Budgeting for Thermo Couple Amplifier,tiny,whisper_norm,gold,"can make the output goes to 0. So, this kind of adjustment has to be done. By assuming I bias current plus equal to I bias current minus, we can make error due to bias current to 0 by selecting the resistor values. Now, for example, if I have a gain 25, then I can select this R f and I call this is R",can make the output goes to 0 so this kind of adjustment has to be done by assuming i bias current plus equal to i bias current minus we can make error due to bias current to 0 by selecting the resistor values now for example if i have a gain 25 then i can select this r f and i call this is r,"can make the output go to 0. So, this kind of adjustment has to be done. So, by assuming by assuming, as assuming, I plus I by r square n plus equal to I minus minus, we can we I plus I by r square n plus equal to I minus minus, we can we can make error due to to y square n to 0 and to 0 by adjusting by inserting the restore values. By adjusting by inserting the restore values, now for example, if I want to have",can make the output go to 0 so this kind of adjustment has to be done so by assuming by assuming as assuming i plus i by r square n plus equal to i -minus we can we i plus i by r square n plus equal to i -minus we can we can make error due to to y square n to 0 and to 0 by adjusting by inserting the restore values by adjusting by inserting the restore values now for example if i want to have,0.9231,0.6689,0.6818,1.3692
test,qBw8ZQrJeys,292,7.01,M,SLOW,SOUTH,Engineering,Level Testing,tiny,whisper_norm,gold,"that is also saw it as an input may not be a functional requirements this is a dependent in the message, okay. So next for is performance requirements let try to understand what performance that ports the entire process of booting up till operational mode.",that is also saw it as an input may not be a functional requirements this is a dependent in the message okay so next for is performance requirements let try to understand what performance that ports the entire process of booting up till operational mode,this will continue in the next.,this will continue in the next,0.9111,0.8933,0.1053,0.1333
test,LT8uiz2YdgY,97,29.71,M,AVG,SOUTH,Engineering,7,tiny,whisper_norm,gold,"the user believes his what is going to get, I guarantee this is what I am going to give. So, the SRS document is one of the most important documents, which are signed by the contractor. In this case, system provider and the user or organization to whom it is given.",the user believes his what is going to get i guarantee this is what i am going to give so the srs document is one of the most important documents which are signed by the contractor in this case system provider and the user or organization to whom it is given,"So, at this time, here is a agreement, on this as r is document is reached. So, that there is, there is, there is, there is what is going to get, I get into the, this is what I want to give. So, the as r is document is, one of the most important documents, which are signed by the contractor, this is the simple rather. And the user.",so at this time here is a agreement on this as r is document is reached so that there is there is there is there is what is going to get i get into the this is what i want to give so the as r is document is one of the most important documents which are signed by the contractor this is the simple rather and the user,0.902,0.655,0.6216,1.3529
test,DY97mPGW6oI,195,25.48,M,SLOW,SOUTH,Engineering,Approaches for Pattern Transfer,tiny,whisper_norm,gold,and in another similar approach is based on what is called stamp lithography or soft lithography which also basically used initial mold made by the high resolution approaches and reusing them for productionising different devices,and in another similar approach is based on what is called stamp lithography or soft lithography which also basically used initial mold made by the high resolution approaches and reusing them for productionising different devices,And in another similar approach is based on what is called stamp lithography or soft lithography which also basically use initial mold made by the high resolution approaches and reusing them for producing a different devices. And in another similar approach is based on what is called stamp lithography or soft lithography or soft lithography which is based on what is called stamp lithography,and in another similar approach is based on what is called stamp lithography or soft lithography which also basically use initial mold made by the high resolution approaches and reusing them for producing a different devices and in another similar approach is based on what is called stamp lithography or soft lithography or soft lithography which is based on what is called stamp lithography,0.8857,0.7555,0.9375,1.8286
test,6CwSfoOR7-U,50,15.7,M,SLOW,EAST,Engineering,25,tiny,whisper_norm,gold,"Therefore, if you look at the sway moments, they turn out to be equal toů.",therefore if you look at the sway moments they turn out to be equal tou,"So, therefore, if you look at the stray moments, if you look at the stray moments, they turn out to be equal to m.",so therefore if you look at the stray moments if you look at the stray moments they turn out to be equal to m,0.7333,0.5634,0.8667,1.6
test,VPwq6SN4Zos,236,23.102,M,AVG,WEST,Engineering,5 Parallel Manipulators,tiny,whisper_norm,gold,"so the these kind of powered that what we had seen more over we noticed that the axes can be parallel or perpendicular to this what we had seen in the last lecture okay, has",so the these kind of powered that what we had seen more over we noticed that the axes can be parallel or perpendicular to this what we had seen in the last lecture okay has,"because this can be forward that is what we have seen. No, no, we notice that the access can be access can be parallel or perpendicular to each other. If what we have seen we do not.",because this can be forward that is what we have seen no no we notice that the access can be access can be parallel or perpendicular to each other if what we have seen we do not,0.7143,0.4826,0.4444,1.0571
test,zk1lXf7Ceiw,176,1.0,M,SLOW,SOUTH,Non-Engineering,Higher Order BVPs,base,whisper_norm,gold,..,.,can be written as.,can be written as,4.0,17.0,0.0,4.0
test,E-r2EDS0uP4,226,29.75,M,SLOW,NORTH,Engineering,Lecture 3 Kinematics of machines,base,whisper_norm,gold,"F which we have seen, 3 times n minus 1 minus 2 j. So F is 3 into 4 minus 2 into 5, which",f which we have seen 3 times n -one -2 j so f is 3 into 4 -2 into 5 which,"f which we have seen, c times n minus 1 minus 2 j. Sorry, this is I made a mistake here, j 2 is 1, but j 2 is 2 j 2. So, this should be counted as 2 into 1 that is 2 and j is 5. So, f is c into 4 minus 2 into 5 which is 2.",f which we have seen c times n -one -2 j sorry this is i made a mistake here j 2 is one but j 2 is 2 j 2 so this should be counted as 2 into one that is 2 and j is 5 so f is c into 4 -2 into 5 which is 2,1.8571,1.8082,0.9375,2.7619
test,Vpoi5W6a3lo,166,17.64,M,FAST,SOUTH,Non-Engineering,Distributions(contd),base,whisper_norm,gold,"is when the original distribution is normal like we said this distribution of sample means is also normal. But, we also went through this central limit theorem where we said as long as you are aggregating is sufficiently large number of distributions the resulting distribution starts to look",is when the original distribution is normal like we said this distribution of sample means is also normal but we also went through this central limit theorem where we said as long as you are aggregating is sufficiently large number of distributions the resulting distribution starts to look,"rate could be something like, well, two people arrive per minute. Okay, so that's two. And I want to ask the question, what is the probability zero people will arrive over the next minute? So I'd say, on average, two people arrive at the bus stop. K is that zero, right? So I'll put, I'll just substitute K with zero.",rate could be something like well 2 people arrive per minute okay so that is 2 and i want to ask the question what is the probability 0 people will arrive over the next minute so i would say on average 2 people arrive at the bus stop k is that 0 right so i will put i will just substitute k with 0,1.2708,0.7966,0.1176,1.3333
test,4XulH3TfbT0,203,52.541,M,SLOW,EAST,Engineering,Surface Tension Driven Flows (Contd.),base,whisper_norm,gold,"In short time, s is much much  00:52:22,059 so, 8 pi mu s ds/dt=pi r square H rho g okay. So, s ds/dt=R square H rho g/8 mu.",in short time s is much much 0 52 22059 so 8 pi mu s ds dt pi r square h rho g okay so s ds dt r square h rho g 8 mu,"in short time s is much much less than h. So, short time means s is much much less than h. So, the right hand side is approximately pi r square h rho g. So, 8 pi mu s d s d t is equal to pi r square h rho g. So, s d s d t is equal to r square h rho g by 8 mu",in short time s is much much less than h so short time means s is much much less than h so the right hand side is approximately pi r square h rho g so 8 pi mu s d s d t is equal to pi r square h rho g so s d s d t is equal to r square h rho g by 8 mu,1.2286,1.2759,0.7143,1.9714
test,RZQTTfU9TNA,284,29.08,M,FAST,SOUTH,Engineering,Encoders and Decoders,base,whisper_norm,gold,"normally, this is a practical 3 to 8 decoder, I can give you the IC number if you want to this is 74138, it is not necessary to remember numbers. In fact I am not even sure it’s 128 or 138 but I think it’s 138.",normally this is a practical 3 to 8 decoder i can give you the ic number if you want to this is 74138 it is not necessary to remember numbers in fact i am not even sure it s 128 or 138 but i think it s 138,"is a practical 380 quarter actually I can give you the IC number if you want to it is 7, 4, 1, 3, 8. It does not matter, do not have to remember numbers, I do not remember numbers, I will always book out, book out, in fact I am not even sure with 1, 2, 8 or 1, 3, 8, I think it is not 3, 8. Somebody has a book you can have a quick look at it anyway.",is a practical 380 quarter actually i can give you the ic number if you want to it is 7 4 one 3 8 it does not matter do not have to remember numbers i do not remember numbers i will always book out book out in fact i am not even sure with one 2 8 or one 3 8 i think it is not 3 8 somebody has a book you can have a quick look at it anyway,1.1042,0.9512,0.7429,1.6875
test,vf0S_1ZITuA,203,32.75,M,SLOW,EAST,Engineering,Fundamentals of Discretization: Finite Difference and Finite Volume Method,base,whisper_norm,gold,"by 2. So, that it becomes 3 and divided by 2 yes. Now, whether it is plus or minus sign",by 2 so that it becomes 3 and divided by 2 yes now whether it is plus or minus sign,"x by so it is h square by. So, it was 3 factorial and that multiplied by 2 so that it becomes 3 and divided by 2 yes.",x by so it is h square by so it was 3 factorial and that multiplied by 2 so that it becomes 3 and divided by 2 yes,1.1,0.988,0.6471,1.4
test,-2aOCNaOiLs,222,4.989,M,SLOW,SOUTH,Engineering,Conduction- Cylindrical and Spherical geometries,base,whisper_norm,gold,considered in problem 45.,considered in problem 45,considered in problem 45. Let us do that.,considered in problem 45 let us do that,1.0,0.625,1.0,2.0
test,kHeysMOk9h4,82,24.69,M,SLOW,NORTH,Engineering,Parallel Algorithm,base,whisper_norm,gold,"n cross n, n plus 1 column is nothing but the b has been moved to n plus 1, that is You have A matrix and then you have B vector; instead of putting B here I have put B here",n cross n n +one column is nothing but the b has been moved to n +one that is you have a matrix and then you have b vector instead of putting b here i have put b here,something in every new monitor methods problem generally we walk on shared memory model. The people are working nowadays on platform issues. So the next problem is that we have to tell me how I can do it.,something in every new monitor methods problem generally we walk on shared memory model the people are working nowadays on platform issues so the next problem is that we have to tell me how i can do it,0.9744,0.8976,0.2222,0.9744
test,lnD212vbPSk,70,26.769,M,FAST,SOUTH,Engineering,Sludge Treatment(Continued),base,whisper_norm,gold,We will see the advantages of this sludge draining beds for other dewatering processes. The cost involved is very very low for the sludge draining beds and infrequent attention is required because we can just go and dump the sludge on the sludge draining beds and it will automatically get dried because of evaporation and leaching,we will see the advantages of this sludge draining beds for other dewatering processes the cost involved is very very low for the sludge draining beds and infrequent attention is required because we can just go and dump the sludge on the sludge draining beds and it will automatically get dried because of evaporation and leaching,"much higher compared to the summer and it is a labor intensive sludge process as far as sludge removal is concerned because we are pumping the liquid sludge to the sludge drying birds. Once the sludge is dried how can we remove it? We have to remove the sludge from the sludge drying bird manually. So, it is a labor intensive process and",much higher compared to the summer and it is a labor intensive sludge process as far as sludge removal is concerned because we are pumping the liquid sludge to the sludge drying birds once the sludge is dried how can we remove it we have to remove the sludge from the sludge drying bird manually so it is a labor intensive process and,0.9643,0.7061,0.2571,1.125
test,qx86xQ6UKmU,70,15.29,M,FAST,SOUTH,Engineering,Adsorption,base,whisper_norm,gold,of the same charge into the solution in a chemically equivalent amount. Once again I will explain. Ion exchange is defined as the process where an insoluble substance removes ions of positive or negative charge from an electrolytic solution and releases other ions of the same charge,of the same charge into the solution in a chemically equivalent amount once again i will explain ion exchange is defined as the process where an insoluble substance removes ions of positive or negative charge from an electrolytic solution and releases other ions of the same charge,"by what is the concentration of b n plus in the solution. So, R n minus b n plus resin means active activity of b n plus in the resin and b n plus 1 s means activity of b n plus",by what is the concentration of b n plus in the solution so r n minus b n plus resin means active activity of b n plus in the resin and b n plus ones means activity of b n plus,0.9574,0.7046,0.1667,0.8723
test,sCXbZp08jMA,49,24.12,M,FAST,SOUTH,Engineering,6 Soil Mechanics,base,whisper_norm,gold,depth z is given by (N dash) into W by V) where Ws is equal to W by V. Unit weight of suspension after elapsing time td can be determined at depth z is (gamma z) is equal to [(gamma w) plus N dash (W by V) into (Gs minus 1) by Gs)]. From this rearranging,depth z is given by into w by v where ws is equal to w by v unit weight of suspension after elapsing time td can be determined at depth z is is equal to from this rearranging,"z is given by z is equal to n at depth z is given by n dash into w by v where w s is equal to w by v. So, unit weight of suspension after elapsing time t can be determined at depth z as gamma z is equal to gamma w in plus n dash w by v into g s minus 1 divided by g s.",z is given by z is equal to n at depth z is given by n dash into w by v where w s is equal to w by v so unit weight of suspension after elapsing time t can be determined at depth z as gamma z is equal to gamma w in plus n dash w by v into g s -one divided by g s,0.9474,0.5862,0.8148,1.7895
test,3vVJkvTsbXQ,88,25.36,M,SLOW,NORTH,Engineering,Open MP&PRAM Model of Computation,base,whisper_norm,gold,not say assumption but it is an abstraction will talk about how it affect our analysis yes we one is the amount of resource how much memory i have how much local versus or shared,not say assumption but it is an abstraction will talk about how it affect our analysis yes we one is the amount of resource how much memory i have how much local versus or shared,"I won't say assumption, but it is an abstraction. We'll talk about how it affects our analysis. So, as many number of processors as you need, which means it is valid for a single processor to machine of even million. Yes. Right. Right. So, one is the amount of resources. How much memory I have, how much local version or shared.",i will not say assumption but it is an abstraction we will talk about how it affects our analysis so as many number of processors as you need which means it is valid for a single processor to machine of even 1000000 yes right right so one is the amount of resources how much memory i have how much local version or shared,0.9143,0.8146,0.9,1.8
test,qBw8ZQrJeys,292,7.01,M,SLOW,SOUTH,Engineering,Level Testing,base,whisper_norm,gold,"that is also saw it as an input may not be a functional requirements this is a dependent in the message, okay. So next for is performance requirements let try to understand what performance that ports the entire process of booting up till operational mode.",that is also saw it as an input may not be a functional requirements this is a dependent in the message okay so next for is performance requirements let try to understand what performance that ports the entire process of booting up till operational mode,stability. This will continue in the next.,stability this will continue in the next,0.9111,0.8696,0.1053,0.1556
test,whuItiXjk5s,277,64.92,M,SLOW,SOUTH,Engineering,Error Budgeting for Thermo Couple Amplifier,base,whisper_norm,gold,"can make the output goes to 0. So, this kind of adjustment has to be done. By assuming I bias current plus equal to I bias current minus, we can make error due to bias current to 0 by selecting the resistor values. Now, for example, if I have a gain 25, then I can select this R f and I call this is R",can make the output goes to 0 so this kind of adjustment has to be done by assuming i bias current plus equal to i bias current minus we can make error due to bias current to 0 by selecting the resistor values now for example if i have a gain 25 then i can select this r f and i call this is r,"can make the output code to 0. So, this kind of adjustment has to be done. So, by assuming by assuming as assuming I plus I by as current plus equal to I by as current minus we can we I plus I by as current plus equal to I by as current minus we can we can make error due to error due to by as current to 0 and to 0 by adjust by setting there is a value register values. Now, for example, if I want to have a",can make the output code to 0 so this kind of adjustment has to be done so by assuming by assuming as assuming i plus i by as current plus equal to i by as current minus we can we i plus i by as current plus equal to i by as current minus we can we can make error due to error due to by as current to 0 and to 0 by adjust by setting there is a value register values now for example if i want to have a,0.9077,0.6689,0.75,1.4154
test,Xatxc4IV9UE,50,17.32,M,SLOW,EAST,Engineering,16,base,whisper_norm,gold,"shown it to you. This is here; this is the modified fixed end moment, so we can call",shown it to you this is here this is the modified fixed end moment so we can call,"to you. So, here we are saying that this, so this is here and this is the modified fixed end moment. So, we can call it as fixed end moment.",to you so here we are saying that this so this is here and this is the modified fixed end moment so we can call it as fixed end moment,0.8889,0.7284,0.9375,1.6667
test,ZvsSe5sJGdc,60,25.37,M,SLOW,WEST,Engineering,"General Flow Equations Through Porous Media (Contd.), Dupuit's Assumptions",base,whisper_norm,gold,d by dx of – k dh by dx into h + d by dy of – k into dh by dy into h,d by dx of k dh by dx into h d by dy of k into dh by dy into h,by d x of minus k d h by d x into h plus d by d y of minus k into d h by d y into h into h.,by d x of minus k d h by d x into h plus d by d y of minus k into d h by d y into h into h,0.8571,0.5161,0.6667,1.4762
test,6CwSfoOR7-U,50,15.7,M,SLOW,EAST,Engineering,25,base,whisper_norm,gold,"Therefore, if you look at the sway moments, they turn out to be equal toů.",therefore if you look at the sway moments they turn out to be equal tou,"So, this for therefore, if you look at the sway moments, if you look at the sway moments they turn out to be equal to M.",so this for therefore if you look at the sway moments if you look at the sway moments they turn out to be equal to m,0.8,0.6479,0.9333,1.7333
test,l8kIWLWfbZ8,195,15.83,M,FAST,SOUTH,Engineering,- MESFET : Effects of channel length and gate length on IDS and gm,base,whisper_norm,gold,it is not Vpo it is Vpo cylindrical is equal to q ND amplitude twice epsilon r epsilon,it is not vpo it is vpo cylindrical is equal to q nd amplitude twice epsilon r epsilon,"In fact, it is not v p 0, it is v p 0, so integral is equal to q and d, amplitude. 5 epsilon r epsilon 0.",in fact it is not v p 0 it is v p 0 so integral is equal to q and d amplitude 5 epsilon r epsilon 0,0.7778,0.3605,0.6923,1.5
test,EayOCWaiRkw,277,27.8,M,SLOW,SOUTH,Engineering,Dual Slope ADC and Successor approximation ADC,base,whisper_norm,gold,"Now, that is voltage in C remains constant because it cannot discharge the assuming the bias current is negligible then the voltage",now that is voltage in c remains constant because it cannot discharge the assuming the bias current is negligible then the voltage,"Now, the voltage that is the voltage and C remains constant voltage in C remains constant voltage in C remains constant because it cannot discharge assuming the bias current is negligible. Then, the voltage is negligible.",now the voltage that is the voltage and c remains constant voltage in c remains constant voltage in c remains constant because it cannot discharge assuming the bias current is negligible then the voltage is negligible,0.7273,0.7308,1.0,1.6364
test,VPwq6SN4Zos,236,23.102,M,AVG,WEST,Engineering,5 Parallel Manipulators,base,whisper_norm,gold,"so the these kind of powered that what we had seen more over we noticed that the axes can be parallel or perpendicular to this what we had seen in the last lecture okay, has",so the these kind of powered that what we had seen more over we noticed that the axes can be parallel or perpendicular to this what we had seen in the last lecture okay has,"because these can be powered that is what we had seen. No matter where we notice that the axis can be, axis can be parallel or perpendicular to each other. This is what we had seen. This is what we had seen in the last.",because these can be powered that is what we had seen no matter where we notice that the axis can be axis can be parallel or perpendicular to each other this is what we had seen this is what we had seen in the last,0.7143,0.4477,0.6296,1.2857
test,zk1lXf7Ceiw,176,1.0,M,SLOW,SOUTH,Non-Engineering,Higher Order BVPs,small,whisper_norm,gold,..,.,can be written as.,can be written as,4.0,17.0,0.0,4.0
test,vf0S_1ZITuA,203,32.75,M,SLOW,EAST,Engineering,Fundamentals of Discretization: Finite Difference and Finite Volume Method,small,whisper_norm,gold,"by 2. So, that it becomes 3 and divided by 2 yes. Now, whether it is plus or minus sign",by 2 so that it becomes 3 and divided by 2 yes now whether it is plus or minus sign,"x by, so it is h square by, so it was 3 factorial and that multiplied by 2, so that it becomes 3 and divided by 2, yes. So, it is h square by, so it was 3 factorial and that multiplied by 2, so that it becomes 3 and divided by 2, yes.",x by so it is h square by so it was 3 factorial and that multiplied by 2 so that it becomes 3 and divided by 2 yes so it is h square by so it was 3 factorial and that multiplied by 2 so that it becomes 3 and divided by 2 yes,2.05,1.9036,0.6471,2.7
test,E-r2EDS0uP4,226,29.75,M,SLOW,NORTH,Engineering,Lecture 3 Kinematics of machines,small,whisper_norm,gold,"F which we have seen, 3 times n minus 1 minus 2 j. So F is 3 into 4 minus 2 into 5, which",f which we have seen 3 times n -one -2 j so f is 3 into 4 -2 into 5 which,"f which we have seen c times n minus 1 minus 2 j sorry this is I made a mistake here j 2 is 1, but j 2 is 2 j 2. So, this should be counted as 2 into 1 that is 2 and j is 5. So, f is c into 4 minus 2 into 5 which is 2.",f which we have seen c times n -one -2 j sorry this is i made a mistake here j 2 is one but j 2 is 2 j 2 so this should be counted as 2 into one that is 2 and j is 5 so f is c into 4 -2 into 5 which is 2,1.8571,1.8082,0.9375,2.7619
test,4XulH3TfbT0,203,52.541,M,SLOW,EAST,Engineering,Surface Tension Driven Flows (Contd.),small,whisper_norm,gold,"In short time, s is much much  00:52:22,059 so, 8 pi mu s ds/dt=pi r square H rho g okay. So, s ds/dt=R square H rho g/8 mu.",in short time s is much much 0 52 22059 so 8 pi mu s ds dt pi r square h rho g okay so s ds dt r square h rho g 8 mu,"In short time, S is much much much less than h. So short time means S is much much less than h. So the right hand side is approximately pi r square h rho g. So 8 pi mu S ds dt is equal to pi r square h rho g. So S ds dt is equal to r square h rho g by 8 mu. You can see that the right hand side is pi r square h rho g by 8 mu. So the right hand side is",in short time s is much much much less than h so short time means s is much much less than h so the right hand side is approximately pi r square h rho g so 8 pi mu s ds dt is equal to pi r square h rho g so s ds dt is equal to r square h rho g by 8 mu you can see that the right hand side is pi r square h rho g by 8 mu so the right hand side is,1.7143,2.0776,0.8095,2.5714
test,Vpoi5W6a3lo,166,17.64,M,FAST,SOUTH,Non-Engineering,Distributions(contd),small,whisper_norm,gold,"is when the original distribution is normal like we said this distribution of sample means is also normal. But, we also went through this central limit theorem where we said as long as you are aggregating is sufficiently large number of distributions the resulting distribution starts to look",is when the original distribution is normal like we said this distribution of sample means is also normal but we also went through this central limit theorem where we said as long as you are aggregating is sufficiently large number of distributions the resulting distribution starts to look,rate could be something like well two people arrive per minute. Okay so that's two and I want to ask the question what is the probability zero people will arrive over the next minute. So I'd say on average two people arrive at the bus stop. K is that zero right so I'll put I'll substitute K with zero.,rate could be something like well 2 people arrive per minute okay so that is 2 and i want to ask the question what is the probability 0 people will arrive over the next minute so i would say on average 2 people arrive at the bus stop k is that 0 right so i will put i will substitute k with 0,1.25,0.7862,0.1176,1.3125
test,RZQTTfU9TNA,284,29.08,M,FAST,SOUTH,Engineering,Encoders and Decoders,small,whisper_norm,gold,"normally, this is a practical 3 to 8 decoder, I can give you the IC number if you want to this is 74138, it is not necessary to remember numbers. In fact I am not even sure it’s 128 or 138 but I think it’s 138.",normally this is a practical 3 to 8 decoder i can give you the ic number if you want to this is 74138 it is not necessary to remember numbers in fact i am not even sure it s 128 or 138 but i think it s 138,"This is a practical 3 to 8 decoder. Actually, I can give you the IC number if you want to. It is 7, 4, 1, 3, 8. It does not matter. Do not have to remember numbers. I do not remember numbers. You can always look up the data. In fact, I am not even sure if it is 1, 2, 8 or 1, 3, 8. I think it is 1, 3, 8. If somebody has a book, you can have a quick look at it.",this is a practical 3 to 8 decoder actually i can give you the ic number if you want to it is 7 4 one 3 8 it does not matter do not have to remember numbers i do not remember numbers you can always look up the data in fact i am not even sure if it is one 2 8 or one 3 8 i think it is one 3 8 if somebody has a book you can have a quick look at it,1.0417,0.878,0.8,1.7917
test,rzqgipIaUwc,180,18.21,M,SLOW,NORTH,Non-Engineering,Calculus of Variations and Integral Equations,small,whisper_norm,gold,"square it will be 1 by 4 k 1 x, s plus lambda q it will be 1 by 4 k 2 x, s and then lambda",square it will be one by 4 k one x s plus lambda q it will be one by 4 k 2 x s and then lambda,square it will be 1 by 4 k 1 x comma s plus lambda cube it will be 1 by 4 k 2 x comma s and then lambda square it will be 1 by 4 k 2 x comma s plus lambda cube it will be 1 by 4 k 2 x comma,square it will be one by 4 k one x comma s plus lambda cube it will be one by 4 k 2 x comma s and then lambda square it will be one by 4 k 2 x comma s plus lambda cube it will be one by 4 k 2 x comma,1.037,1.1277,0.9375,2.0
test,3vVJkvTsbXQ,88,25.36,M,SLOW,NORTH,Engineering,Open MP&PRAM Model of Computation,small,whisper_norm,gold,not say assumption but it is an abstraction will talk about how it affect our analysis yes we one is the amount of resource how much memory i have how much local versus or shared,not say assumption but it is an abstraction will talk about how it affect our analysis yes we one is the amount of resource how much memory i have how much local versus or shared,"I won't say assumption, but it is an abstraction. We will talk about how it affects our analysis. Sir, so as many number of processors as you need, which means it is valid for a single processor to machine of even millions of processors. Yes. Right. Right. So one is the amount of resources, how much memory I have, how much local versus auto",i will not say assumption but it is an abstraction we will talk about how it affects our analysis sir so as many number of processors as you need which means it is valid for a single processor to machine of even 1000000s of processors yes right right so one is the amount of resources how much memory i have how much local versus auto,1.0286,0.9494,0.8667,1.8571
test,-2aOCNaOiLs,222,4.989,M,SLOW,SOUTH,Engineering,Conduction- Cylindrical and Spherical geometries,small,whisper_norm,gold,considered in problem 45.,considered in problem 45,considered in problem 45. Let us do that.,considered in problem 45 let us do that,1.0,0.625,1.0,2.0
test,lnD212vbPSk,70,26.769,M,FAST,SOUTH,Engineering,Sludge Treatment(Continued),small,whisper_norm,gold,We will see the advantages of this sludge draining beds for other dewatering processes. The cost involved is very very low for the sludge draining beds and infrequent attention is required because we can just go and dump the sludge on the sludge draining beds and it will automatically get dried because of evaporation and leaching,we will see the advantages of this sludge draining beds for other dewatering processes the cost involved is very very low for the sludge draining beds and infrequent attention is required because we can just go and dump the sludge on the sludge draining beds and it will automatically get dried because of evaporation and leaching,"much higher compared to the summer. And it is a labor intensive sludge process as far as sludge removal is concerned, because we are pumping the liquid sludge to the sludge drying bed, once the sludge is tried, how can we remove it? We have to remove the sludge from the sludge drying bed manually. So, it is a labor intensive process.",much higher compared to the summer and it is a labor intensive sludge process as far as sludge removal is concerned because we are pumping the liquid sludge to the sludge drying bed once the sludge is tried how can we remove it we have to remove the sludge from the sludge drying bed manually so it is a labor intensive process,0.9821,0.697,0.2286,1.1071
test,qx86xQ6UKmU,70,15.29,M,FAST,SOUTH,Engineering,Adsorption,small,whisper_norm,gold,of the same charge into the solution in a chemically equivalent amount. Once again I will explain. Ion exchange is defined as the process where an insoluble substance removes ions of positive or negative charge from an electrolytic solution and releases other ions of the same charge,of the same charge into the solution in a chemically equivalent amount once again i will explain ion exchange is defined as the process where an insoluble substance removes ions of positive or negative charge from an electrolytic solution and releases other ions of the same charge,"by what is the concentration of B n plus in the solution. So, R n minus B n plus resin means activity of B n plus in the resin and B n plus 1 S means activity of B n plus in the solution.",by what is the concentration of b n plus in the solution so r n minus b n plus resin means activity of b n plus in the resin and b n plus ones means activity of b n plus in the solution,0.9574,0.7117,0.1667,0.9149
test,kHeysMOk9h4,82,24.69,M,SLOW,NORTH,Engineering,Parallel Algorithm,small,whisper_norm,gold,"n cross n, n plus 1 column is nothing but the b has been moved to n plus 1, that is You have A matrix and then you have B vector; instead of putting B here I have put B here",n cross n n +one column is nothing but the b has been moved to n +one that is you have a matrix and then you have b vector instead of putting b here i have put b here,"problem generally we work on shared memory model, but people are working nowadays on class connections. Now, the next problem is that we have to tell me how I can do it.",problem generally we work on shared memory model but people are working nowadays on class connections now the next problem is that we have to tell me how i can do it,0.9231,0.7831,0.2593,0.8205
test,qBw8ZQrJeys,292,7.01,M,SLOW,SOUTH,Engineering,Level Testing,small,whisper_norm,gold,"that is also saw it as an input may not be a functional requirements this is a dependent in the message, okay. So next for is performance requirements let try to understand what performance that ports the entire process of booting up till operational mode.",that is also saw it as an input may not be a functional requirements this is a dependent in the message okay so next for is performance requirements let try to understand what performance that ports the entire process of booting up till operational mode,This will continue in the next class.,this will continue in the next class,0.9111,0.8696,0.1053,0.1556
test,Xatxc4IV9UE,50,17.32,M,SLOW,EAST,Engineering,16,small,whisper_norm,gold,"shown it to you. This is here; this is the modified fixed end moment, so we can call",shown it to you this is here this is the modified fixed end moment so we can call,"known it to you. So, here we are saying that this, so this is here and this is the modified fixed end moment. So, we can call it as a fixed end moment.",known it to you so here we are saying that this so this is here and this is the modified fixed end moment so we can call it as a fixed end moment,0.8889,0.8148,0.9375,1.8333
test,6CwSfoOR7-U,50,15.7,M,SLOW,EAST,Engineering,25,small,whisper_norm,gold,"Therefore, if you look at the sway moments, they turn out to be equal toů.",therefore if you look at the sway moments they turn out to be equal tou,"So, this 4 therefore, if you look at the sway moments, if you look at the sway moments they turn out to be equal to M.",so this 4 therefore if you look at the sway moments if you look at the sway moments they turn out to be equal to m,0.8,0.6197,0.9333,1.7333
test,OFfJiIhFkJ4,43,19.42,M,SLOW,EAST,Non-Engineering,Determination of Molecular Weight of Polymers (Contd.),small,whisper_norm,gold,"we know that in gel permeation chromatography there is no interaction between the polymer molecules and the pores or the column there is no interaction between them. So, the value",we know that in gel permeation chromatography there is no interaction between the polymer molecules and the pores or the column there is no interaction between them so the value,"we know that in gel Bermuda's permeation chromatography, there is no interaction between the polymer molecules and the pores or the column, there is no interaction between them. So, del H value is equal to 0.5, so del H value is equal to 0.5, so del H value is equal to",we know that in gel bermuda is permeation chromatography there is no interaction between the polymer molecules and the pores or the column there is no interaction between them so del h value is equal to 0.5 so del h value is equal to 0.5 so del h value is equal to,0.7667,0.4915,1.0,1.7333
test,ZvsSe5sJGdc,60,25.37,M,SLOW,WEST,Engineering,"General Flow Equations Through Porous Media (Contd.), Dupuit's Assumptions",small,whisper_norm,gold,d by dx of – k dh by dx into h + d by dy of – k into dh by dy into h,d by dx of k dh by dx into h d by dy of k into dh by dy into h,by d x of minus k d h by d x into h plus d by d y of minus k into d h by d y into h.,by d x of minus k d h by d x into h plus d by d y of minus k into d h by d y into h,0.7619,0.4032,0.6667,1.381
test,K5Bd9i0p7uQ,203,19.72,M,SLOW,EAST,Engineering,20 Lubrication Theory (Contd.),small,whisper_norm,gold,"dash and here u dash u~ that is u*=0. And h dash=function of time. The top plate is moving with respect to the bottom plate as the function of time. So del h t a =v’,",dash and here u dash u that is u 0 and h dash function of time the top plate is moving with respect to the bottom plate as the function of time so del h t a v,"dash and here u dash u tilde which is u star is equal to 0 and h dash is equal to a function of time. The top plate is moving with respect to the bottom plate as a function of time. So del h dash del t dash is equal to v dash. So, this is the top plate. So, this is the",dash and here u dash u tilde which is u star is equal to 0 and h dash is equal to a function of time the top plate is moving with respect to the bottom plate as a function of time so del h dash del t dash is equal to v dash so this is the top plate so this is the,0.7368,0.7025,0.96,1.6579
test,sCXbZp08jMA,49,24.12,M,FAST,SOUTH,Engineering,6 Soil Mechanics,small,whisper_norm,gold,depth z is given by (N dash) into W by V) where Ws is equal to W by V. Unit weight of suspension after elapsing time td can be determined at depth z is (gamma z) is equal to [(gamma w) plus N dash (W by V) into (Gs minus 1) by Gs)]. From this rearranging,depth z is given by into w by v where ws is equal to w by v unit weight of suspension after elapsing time td can be determined at depth z is is equal to from this rearranging,at depth z is given by n dash into W by v where Ws is equal to W by v. So unit weight of the suspension after elapsing time t can be determined at depth z as gamma z is equal to gamma w in plus n dash W by v into gs minus 1 divided by gs. So from this the,at depth z is given by n dash into w by v where ws is equal to w by v so unit weight of the suspension after elapsing time t can be determined at depth z as gamma z is equal to gamma w in plus n dash w by v into gs -one divided by gs so from this the,0.6842,0.5172,0.9259,1.6053
test,WqZUxu-KJYo,50,18.551,M,SLOW,EAST,Engineering,23,small,whisper_norm,gold,"this turns out to be equal to minus 24.2 and this is 0. Ultimately at the end, let me put down the values that I get.",this turns out to be equal to -24.2 and this is 0 ultimately at the end let me put down the values that i get,"turns out to be equal to minus 24.2 and this is a 0. So, ultimately at the end let me put down what are the values that I get and if I look at it this is equal to minus 24. So,",turns out to be equal to -24.2 and this is a 0 so ultimately at the end let me put down what are the values that i get and if i look at it this is equal to -24 so,0.68,0.578,1.0,1.6
test,zk1lXf7Ceiw,176,1.0,M,SLOW,SOUTH,Non-Engineering,Higher Order BVPs,medium,whisper_norm,gold,..,.,can be written as.,can be written as,4.0,17.0,0.0,4.0
test,E-r2EDS0uP4,226,29.75,M,SLOW,NORTH,Engineering,Lecture 3 Kinematics of machines,medium,whisper_norm,gold,"F which we have seen, 3 times n minus 1 minus 2 j. So F is 3 into 4 minus 2 into 5, which",f which we have seen 3 times n -one -2 j so f is 3 into 4 -2 into 5 which,"f which we have seen c times n minus 1 minus 2j sorry this is I made a mistake here j2 is 1 but j2 is 2j2 so this should be counted as 2 into 1 that is 2 and j is 5. So, f is c into 4 minus 2 into 5 which is 2.",f which we have seen c times n -one -2 j sorry this is i made a mistake here j 2 is one but j 2 is 2 j 2 so this should be counted as 2 into one that is 2 and j is 5 so f is c into 4 -2 into 5 which is 2,1.8571,1.8082,0.9375,2.7619
test,vf0S_1ZITuA,203,32.75,M,SLOW,EAST,Engineering,Fundamentals of Discretization: Finite Difference and Finite Volume Method,medium,whisper_norm,gold,"by 2. So, that it becomes 3 and divided by 2 yes. Now, whether it is plus or minus sign",by 2 so that it becomes 3 and divided by 2 yes now whether it is plus or minus sign,"x by, so it is h square by, so it was 3 factorial and that multiplied by 2, so that it becomes 3 and divided by 2, yes. So, this is the first one, so this is the second one, so",x by so it is h square by so it was 3 factorial and that multiplied by 2 so that it becomes 3 and divided by 2 yes so this is the 1st one so this is the 2nd one so,1.4,1.241,0.6471,2.05
test,Vpoi5W6a3lo,166,17.64,M,FAST,SOUTH,Non-Engineering,Distributions(contd),medium,whisper_norm,gold,"is when the original distribution is normal like we said this distribution of sample means is also normal. But, we also went through this central limit theorem where we said as long as you are aggregating is sufficiently large number of distributions the resulting distribution starts to look",is when the original distribution is normal like we said this distribution of sample means is also normal but we also went through this central limit theorem where we said as long as you are aggregating is sufficiently large number of distributions the resulting distribution starts to look,rate could be something like well two people arrive permanent. Okay so that's two and I want to ask the question what is the probability zero people will arrive over the next minute. So I'd say on average two people arrive at the bus stop. K is that zero right so I'll put I'll substitute K with zero,rate could be something like well 2 people arrive permanent okay so that is 2 and i want to ask the question what is the probability 0 people will arrive over the next minute so i would say on average 2 people arrive at the bus stop k is that 0 right so i will put i will substitute k with 0,1.2292,0.7828,0.1176,1.2917
test,tsdoIka0mEg,175,28.91,M,SLOW,NORTH,Non-Engineering,"Irrational numbers, Dedekind's Theorem",medium,whisper_norm,gold,"R, then alpha belongs to R, R, the number alpha itself, the number alpha itself may",r then alpha belongs to r r the number alpha itself the number alpha itself may,"r, then alpha belongs to R, R the number alpha itself, the number alpha itself may belong to R, R the number alpha itself may belong to R, R the number alpha itself may belong",r then alpha belongs to r r the number alpha itself the number alpha itself may belong to r r the number alpha itself may belong to r r the number alpha itself may belong,1.1875,1.1519,1.0,2.1875
test,EayOCWaiRkw,277,27.8,M,SLOW,SOUTH,Engineering,Dual Slope ADC and Successor approximation ADC,medium,whisper_norm,gold,"Now, that is voltage in C remains constant because it cannot discharge the assuming the bias current is negligible then the voltage",now that is voltage in c remains constant because it cannot discharge the assuming the bias current is negligible then the voltage,"Now, the voltage that is the voltage and C remains constant voltage in C remains constant voltage in C remains constant, because it cannot discharge assuming the bias current is negligible then the voltage in C remains constant, because it cannot discharge assuming",now the voltage that is the voltage and c remains constant voltage in c remains constant voltage in c remains constant because it cannot discharge assuming the bias current is negligible then the voltage in c remains constant because it cannot discharge assuming,1.0455,1.0769,1.0,1.9545
test,-2aOCNaOiLs,222,4.989,M,SLOW,SOUTH,Engineering,Conduction- Cylindrical and Spherical geometries,medium,whisper_norm,gold,considered in problem 45.,considered in problem 45,considered in problem 45. Let us do that.,considered in problem 45 let us do that,1.0,0.625,1.0,2.0
test,lnD212vbPSk,70,26.769,M,FAST,SOUTH,Engineering,Sludge Treatment(Continued),medium,whisper_norm,gold,We will see the advantages of this sludge draining beds for other dewatering processes. The cost involved is very very low for the sludge draining beds and infrequent attention is required because we can just go and dump the sludge on the sludge draining beds and it will automatically get dried because of evaporation and leaching,we will see the advantages of this sludge draining beds for other dewatering processes the cost involved is very very low for the sludge draining beds and infrequent attention is required because we can just go and dump the sludge on the sludge draining beds and it will automatically get dried because of evaporation and leaching,"much higher compared to the summer and it is a labor intensive sludge process as far as sludge removal is concerned because we are pumping the liquid sludge to the sludge drying beds. Once the sludge is dried how can we remove it? We have to remove the sludge from the sludge drying bed manually. So, it is a labor intensive process and it",much higher compared to the summer and it is a labor intensive sludge process as far as sludge removal is concerned because we are pumping the liquid sludge to the sludge drying beds once the sludge is dried how can we remove it we have to remove the sludge from the sludge drying bed manually so it is a labor intensive process and it,0.9464,0.6909,0.2857,1.1429
test,qx86xQ6UKmU,70,15.29,M,FAST,SOUTH,Engineering,Adsorption,medium,whisper_norm,gold,of the same charge into the solution in a chemically equivalent amount. Once again I will explain. Ion exchange is defined as the process where an insoluble substance removes ions of positive or negative charge from an electrolytic solution and releases other ions of the same charge,of the same charge into the solution in a chemically equivalent amount once again i will explain ion exchange is defined as the process where an insoluble substance removes ions of positive or negative charge from an electrolytic solution and releases other ions of the same charge,"by what is the concentration of Bn plus in the solution. So, Rn minus Bn plus resin means activity of Bn plus in the resin and Bn plus 1 S means activity of Bn plus in the solution.",by what is the concentration of bn plus in the solution so rn minus bn plus resin means activity of bn plus in the resin and bn plus ones means activity of bn plus in the solution,0.9362,0.7117,0.1667,0.7872
test,kHeysMOk9h4,82,24.69,M,SLOW,NORTH,Engineering,Parallel Algorithm,medium,whisper_norm,gold,"n cross n, n plus 1 column is nothing but the b has been moved to n plus 1, that is You have A matrix and then you have B vector; instead of putting B here I have put B here",n cross n n +one column is nothing but the b has been moved to n +one that is you have a matrix and then you have b vector instead of putting b here i have put b here,problem generally we work on shared memory model the people are working nowadays on cluster machines. Now the next problem is that we have to tell me how I can do it.,problem generally we work on shared memory model the people are working nowadays on cluster machines now the next problem is that we have to tell me how i can do it,0.9231,0.7831,0.2222,0.8205
test,qBw8ZQrJeys,292,7.01,M,SLOW,SOUTH,Engineering,Level Testing,medium,whisper_norm,gold,"that is also saw it as an input may not be a functional requirements this is a dependent in the message, okay. So next for is performance requirements let try to understand what performance that ports the entire process of booting up till operational mode.",that is also saw it as an input may not be a functional requirements this is a dependent in the message okay so next for is performance requirements let try to understand what performance that ports the entire process of booting up till operational mode,This we will continue in the next class.,this we will continue in the next class,0.9111,0.8656,0.1053,0.1778
test,3vVJkvTsbXQ,88,25.36,M,SLOW,NORTH,Engineering,Open MP&PRAM Model of Computation,medium,whisper_norm,gold,not say assumption but it is an abstraction will talk about how it affect our analysis yes we one is the amount of resource how much memory i have how much local versus or shared,not say assumption but it is an abstraction will talk about how it affect our analysis yes we one is the amount of resource how much memory i have how much local versus or shared,"I won't say assumption, but it is an abstraction. We'll talk about how it affects our analysis. As many number of processors as you need, which means it is valid for a single processor to machine of even millions of processors. Yes. So one is the amount of resources, how much memory I have, how much local versus shared.",i will not say assumption but it is an abstraction we will talk about how it affects our analysis as many number of processors as you need which means it is valid for a single processor to machine of even 1000000s of processors yes so one is the amount of resources how much memory i have how much local versus shared,0.8857,0.8146,0.9,1.7429
test,4XulH3TfbT0,203,52.541,M,SLOW,EAST,Engineering,Surface Tension Driven Flows (Contd.),medium,whisper_norm,gold,"In short time, s is much much  00:52:22,059 so, 8 pi mu s ds/dt=pi r square H rho g okay. So, s ds/dt=R square H rho g/8 mu.",in short time s is much much 0 52 22059 so 8 pi mu s ds dt pi r square h rho g okay so s ds dt r square h rho g 8 mu,"In short time, s is much much less than h. So short time means s is much much less than h. So the right hand side is approximately pi r square h rho g. So 8 pi mu s ds dt is equal to pi r square h rho g.",in short time s is much much less than h so short time means s is much much less than h so the right hand side is approximately pi r square h rho g so 8 pi mu s ds dt is equal to pi r square h rho g,0.8286,0.9397,0.8095,1.4286
test,OFfJiIhFkJ4,43,19.42,M,SLOW,EAST,Non-Engineering,Determination of Molecular Weight of Polymers (Contd.),medium,whisper_norm,gold,"we know that in gel permeation chromatography there is no interaction between the polymer molecules and the pores or the column there is no interaction between them. So, the value",we know that in gel permeation chromatography there is no interaction between the polymer molecules and the pores or the column there is no interaction between them so the value,"We know that in gel permeation chromatography, there is no interaction between the polymer molecules and the pores or the column, there is no interaction between them. So, del H value of the polymer molecules is equal to del H, del H is equal to del H, del H is equal",we know that in gel permeation chromatography there is no interaction between the polymer molecules and the pores or the column there is no interaction between them so del h value of the polymer molecules is equal to del h del h is equal to del h del h is equal,0.7333,0.4802,1.0,1.7
test,ZvsSe5sJGdc,60,25.37,M,SLOW,WEST,Engineering,"General Flow Equations Through Porous Media (Contd.), Dupuit's Assumptions",medium,whisper_norm,gold,d by dx of – k dh by dx into h + d by dy of – k into dh by dy into h,d by dx of k dh by dx into h d by dy of k into dh by dy into h,d by d x of minus k d h by d x into h plus d by d y of minus k into d h by d y into h.,d by d x of minus k d h by d x into h plus d by d y of minus k into d h by d y into h,0.7143,0.371,0.6667,1.4286
test,sCXbZp08jMA,49,24.12,M,FAST,SOUTH,Engineering,6 Soil Mechanics,medium,whisper_norm,gold,depth z is given by (N dash) into W by V) where Ws is equal to W by V. Unit weight of suspension after elapsing time td can be determined at depth z is (gamma z) is equal to [(gamma w) plus N dash (W by V) into (Gs minus 1) by Gs)]. From this rearranging,depth z is given by into w by v where ws is equal to w by v unit weight of suspension after elapsing time td can be determined at depth z is is equal to from this rearranging,z is given by N dash into W by V where Ws is equal to W by V. So unit weight of the suspension after elapsing time t can be determined at depth z as gamma z is equal to gamma W in plus N dash W by V into Gs minus 1 divided by Gs. So from this the,z is given by n dash into w by v where ws is equal to w by v so unit weight of the suspension after elapsing time t can be determined at depth z as gamma z is equal to gamma w in plus n dash w by v into gs -one divided by gs so from this the,0.6842,0.5345,0.9259,1.5526
test,l8kIWLWfbZ8,195,15.83,M,FAST,SOUTH,Engineering,- MESFET : Effects of channel length and gate length on IDS and gm,medium,whisper_norm,gold,it is not Vpo it is Vpo cylindrical is equal to q ND amplitude twice epsilon r epsilon,it is not vpo it is vpo cylindrical is equal to q nd amplitude twice epsilon r epsilon,"In fact, it is not Vp0, it is Vp0 cylindrical. It is equal to p and d magnitude twice epsilon r epsilon 0.",in fact it is not vp 0 it is vp 0 cylindrical it is equal to p and d magnitude twice epsilon r epsilon 0,0.6667,0.2791,0.6923,1.3889
test,RZQTTfU9TNA,284,29.08,M,FAST,SOUTH,Engineering,Encoders and Decoders,medium,whisper_norm,gold,"normally, this is a practical 3 to 8 decoder, I can give you the IC number if you want to this is 74138, it is not necessary to remember numbers. In fact I am not even sure it’s 128 or 138 but I think it’s 138.",normally this is a practical 3 to 8 decoder i can give you the ic number if you want to this is 74138 it is not necessary to remember numbers in fact i am not even sure it s 128 or 138 but i think it s 138,"This is a practical 3-3 decoder, actually I can give you the IC number if you want to, it is 74138. It does not matter, you do not have to remember numbers, I do not remember numbers, in fact I am not even sure if it is 128 or 138, I think it is 138. Somebody has a book you can have a quick look at it.",this is a practical 3 3 decoder actually i can give you the ic number if you want to it is 74138 it does not matter you do not have to remember numbers i do not remember numbers in fact i am not even sure if it is 128 or 138 i think it is 138 somebody has a book you can have a quick look at it,0.6667,0.6537,0.8571,1.4167
test,nwcOtus_7eo,230,13.909,M,SLOW,NORTH,Engineering,Free Vibration,medium,whisper_norm,gold,"This is k1 and this is y; that means, k1 y is equal to k2 x minus k2y. Therefore, y is",this is k one and this is y that means k one y is equal to k 2 x minus k 2 y therefore y is,"is y. That means k1y is equal to k2x minus y. Therefore, y is equal to k2x minus k2y.",is y that means k one y is equal to k 2 x minus y therefore y is equal to k 2 x minus k 2 y,0.6538,0.5824,0.8571,1.0385
test,U6xmF1EqMEM,178,30.0,M,SLOW,EAST,Non-Engineering,Laws of Probability,medium,whisper_norm,gold,should be= probability of ai*probability of aj* probability of ak i j k must != and so on probability of intersection ai i=1 to n must be= the product of all the probabilities basically these are 2 to the power n-n-1 conditions,should be probability of ai probability of aj probability of ak i j k must and so on probability of intersection ai i one to n must be the product of all the probabilities basically these are 2 to the power n n one conditions,"that should be equal to probability of a i into probability of a j into probability of a k i j k must not be equal and so on. Probability of intersection a i i is equal to 1 to n must be equal to the product of all the probabilities . Basically these are 2 to the power n minus n minus 1 conditions . So, this is the first condition.",that should be equal to probability of a i into probability of a j into probability of a k i j k must not be equal and so on probability of intersection a i i is equal to one to n must be equal to the product of all the probabilities basically these are 2 to the power n minus n -one conditions so this is the 1st condition,0.6444,0.4356,0.8929,1.5333
test,zk1lXf7Ceiw,176,1.0,M,SLOW,SOUTH,Non-Engineering,Higher Order BVPs,large,whisper_norm,gold,..,.,can be written as,can be written as,4.0,17.0,0.0,4.0
test,BvJXc1DQI-0,272,23.23,M,AVG,EAST,Non-Engineering,Special Techniques II,large,whisper_norm,gold,"expansion of the numbers. So, let us see how we can work it out. So, this is I got a an expression here. I can simply notice that if you pull out this a, a square from there this will go to the numerator and will cancel with",expansion of the numbers so let us see how we can work it out so this is i got a an expression here i can simply notice that if you pull out this a a square from there this will go to the numerator and will cancel with,"expansion of the numbers. So, let us see how we can work it out. So, this is I got a an expression here I can simply notice that if you pull out this a, a square from there this will go to the numerator and will cancel with I'll just say click circle from there that folks that can not go back or efficient so we can just use this here at the eye and you don't actually go back there directly control So, if a sq has a why is comparison your conclusion for the middle of x are you left or right on x and v Ba My first one, is it is curl curve is the controlling when you look at c c. So, this is using해요ув 의료용 we can let the word queremos",expansion of the numbers so let us see how we can work it out so this is i got a an expression here i can simply notice that if you pull out this a a square from there this will go to the numerator and will cancel with i will just say click circle from there that folks that can not go back or efficient so we can just use this here at the eye and you do not actually go back there directly control so if a sq has a why is comparison your conclusion for the middle of x are you left or right on x and v ba my 1st one is it is curl curve is the controlling when you look at c c so this is using해요ув 의료용 we can let the word queremos,1.8958,1.9174,1.0,2.8958
test,E-r2EDS0uP4,226,29.75,M,SLOW,NORTH,Engineering,Lecture 3 Kinematics of machines,large,whisper_norm,gold,"F which we have seen, 3 times n minus 1 minus 2 j. So F is 3 into 4 minus 2 into 5, which",f which we have seen 3 times n -one -2 j so f is 3 into 4 -2 into 5 which,"f which we have seen, c times n minus 1 minus 2j. Sorry, this is, I made a mistake here, j2 is 1, but j2 is 2j2. So, this should be counted as 2 into 1, that is 2, and j is 5. So, f is c into 4 minus 2 into 5, which is 2.",f which we have seen c times n -one -2 j sorry this is i made a mistake here j 2 is one but j 2 is 2 j 2 so this should be counted as 2 into one that is 2 and j is 5 so f is c into 4 -2 into 5 which is 2,1.8571,1.8082,0.9375,2.7619
test,AfQRHoPr2Fs,183,25.97,M,FAST,SOUTH,Non-Engineering,Gluing (n+1) copies of Affine n-Space to Produce Projective n-space in Topology,large,whisper_norm,gold,the homogeneity property it can be defined in more than one way and to explain that lets look at an example ok. So suppose you take a suppose we take a point lambda knot lambda N in projective space and,the homogeneity property it can be defined in more than one way and to explain that lets look at an example ok so suppose you take a suppose we take a point lambda knot lambda n in projective space and,the homogeneity property it can be defined in more than one way and to explain that let us look at an example okay. So suppose you take suppose we take a point lambda not lambda n in projective space and some二 pour and take some by� light in z as an inverse of the one voice function where theta 0 for that one word lambda n in material dimension calendar term and sometime you can basically find it in another 추가 Celsius here and sort as well. But once again the relation of these two is what we need.,the homogeneity property it can be defined in more than one way and to explain that let us look at an example okay so suppose you take suppose we take a point lambda not lambda n in projective space and some二 pour and take some by light in z as an inverse of the one voice function where theta 0 for that one word lambda n in material dimension calendar term and sometime you can basically find it in another 추가 celsius here and sort as well but once again the relation of these 2 is what we need,1.6,1.5075,0.9118,2.475
test,MbKrIieogNc,126,28.11,M,AVG,EAST,Engineering,29 Pneumatic Control Systems - I,large,whisper_norm,gold,"So, you need only apply pneumatic pressure for moving the valve to the right, for moment to the left is actually achieved by the spring. Similarly, if you connect it to this position, then what happens is that, the pressure gets connected, here and then when this valve is",so you need only apply pneumatic pressure for moving the valve to the right for moment to the left is actually achieved by the spring similarly if you connect it to this position then what happens is that the pressure gets connected here and then when this valve is,"So, you need only apply pneumatic pressure for moving the valve to the right from movement to the left is actually achieved by this spring. Similarly, if you connect it to this position then what happens is that the pressure gets connected here and then when this valve is connected to this position it says the pressure is limited. Achieved at first it says here but it doesn't show. So, suppose that all of a sudden the vacuum is connected to this position and then the pressure travels up to this position and theowa you get this logic in which you transforming the valve. You going to do another ruled pattern. Here. Let's do. Let's do another.",so you need only apply pneumatic pressure for moving the valve to the right from movement to the left is actually achieved by this spring similarly if you connect it to this position then what happens is that the pressure gets connected here and then when this valve is connected to this position it says the pressure is limited achieved at 1st it says here but it does not show so suppose that all of a sudden the vacuum is connected to this position and then the pressure travels up to this position and theowa you get this logic in which you transforming the valve you going to do another ruled pattern here let us do let us do another,1.5102,1.4151,0.9714,2.449
test,kPnr_57oii4,290,29.74,M,SLOW,EAST,Engineering,Other matching networks,large,whisper_norm,gold,"course assuming that Q is large, so what is this",course assuming that q is large so what is this,"course, assuming that Q is large, assuming that Q is large. So, what is this? So, what is this? So, what is this?",course assuming that q is large assuming that q is large so what is this so what is this so what is this,1.3,1.2128,1.0,2.3
test,4XulH3TfbT0,203,52.541,M,SLOW,EAST,Engineering,Surface Tension Driven Flows (Contd.),large,whisper_norm,gold,"In short time, s is much much  00:52:22,059 so, 8 pi mu s ds/dt=pi r square H rho g okay. So, s ds/dt=R square H rho g/8 mu.",in short time s is much much 0 52 22059 so 8 pi mu s ds dt pi r square h rho g okay so s ds dt r square h rho g 8 mu,"in short time S is much much less than h. So, short time means S is much much less than h. So, the right hand side is approximately pi r square h rho g. So, 8 pi mu S d S d t is equal to pi r square h rho g. So, S d S d t is equal to r square h rho g by 8 mu.",in short time s is much much less than h so short time means s is much much less than h so the right hand side is approximately pi r square h rho g so 8 pi mu s d s d t is equal to pi r square h rho g so s d s d t is equal to r square h rho g by 8 mu,1.2286,1.2759,0.7143,1.9714
test,EayOCWaiRkw,277,27.8,M,SLOW,SOUTH,Engineering,Dual Slope ADC and Successor approximation ADC,large,whisper_norm,gold,"Now, that is voltage in C remains constant because it cannot discharge the assuming the bias current is negligible then the voltage",now that is voltage in c remains constant because it cannot discharge the assuming the bias current is negligible then the voltage,"Now, the voltage that is the voltage on C remains constant voltage in C remains constant voltage in C remains constant because it cannot discharge assuming the bias current is negligible then the voltage in C remains constant. So, this is the voltage that is the voltage",now the voltage that is the voltage on c remains constant voltage in c remains constant voltage in c remains constant because it cannot discharge assuming the bias current is negligible then the voltage in c remains constant so this is the voltage that is the voltage,1.2273,1.1154,1.0,2.1364
test,Vpoi5W6a3lo,166,17.64,M,FAST,SOUTH,Non-Engineering,Distributions(contd),large,whisper_norm,gold,"is when the original distribution is normal like we said this distribution of sample means is also normal. But, we also went through this central limit theorem where we said as long as you are aggregating is sufficiently large number of distributions the resulting distribution starts to look",is when the original distribution is normal like we said this distribution of sample means is also normal but we also went through this central limit theorem where we said as long as you are aggregating is sufficiently large number of distributions the resulting distribution starts to look,rate could be something like well two people arrive per minute okay so that's two and I want to ask the question what is the probability zero people will arrive over the next minute so I'd say on average two people arrive at the bus stop K is that zero right so I'll put substitute K with zero,rate could be something like well 2 people arrive per minute okay so that is 2 and i want to ask the question what is the probability 0 people will arrive over the next minute so i would say on average 2 people arrive at the bus stop k is that 0 right so i will put substitute k with 0,1.2083,0.7759,0.1176,1.2708
test,vf0S_1ZITuA,203,32.75,M,SLOW,EAST,Engineering,Fundamentals of Discretization: Finite Difference and Finite Volume Method,large,whisper_norm,gold,"by 2. So, that it becomes 3 and divided by 2 yes. Now, whether it is plus or minus sign",by 2 so that it becomes 3 and divided by 2 yes now whether it is plus or minus sign,"x by, so it is h square by, so it was 3 factorial and that multiplied by 2, so that it becomes 3 and divided by 2. So, this is the",x by so it is h square by so it was 3 factorial and that multiplied by 2 so that it becomes 3 and divided by 2 so this is the,1.2,1.0602,0.5882,1.55
test,whCu4Xl3m98,203,14.58,M,FAST,EAST,Engineering,Fluid Kinematics,large,whisper_norm,gold,"y. So, you can write similarly that dy/ dt is = by, so dy/y is = b dt, again you integrate",y so you can write similarly that dy dt is by so dy y is b dt again you integrate,"y. So, you can write similarly that dy dt is equal to by, so dy by y is equal to b dt again you integrate with. So, you can write that d y by y is equal to b dt.",y so you can write similarly that dy dt is equal to by so dy by y is equal to b dt again you integrate with so you can write that d y by y is equal to b dt,1.0,0.9136,1.0,2.0
test,3vVJkvTsbXQ,88,25.36,M,SLOW,NORTH,Engineering,Open MP&PRAM Model of Computation,large,whisper_norm,gold,not say assumption but it is an abstraction will talk about how it affect our analysis yes we one is the amount of resource how much memory i have how much local versus or shared,not say assumption but it is an abstraction will talk about how it affect our analysis yes we one is the amount of resource how much memory i have how much local versus or shared,"I won't say assumption, but it is an abstraction. We will talk about how it affects our analysis. Sir, so as many number of processors as you need which means it is valid for single processor to machine of even millions of processors. Yes. Right. Right. The, so one is the amount of resources, how much memory I have, how much local versus shared.",i will not say assumption but it is an abstraction we will talk about how it affects our analysis sir so as many number of processors as you need which means it is valid for single processor to machine of even 1000000s of processors yes right right the so one is the amount of resources how much memory i have how much local versus shared,1.0,0.9326,0.9,1.8571
test,-2aOCNaOiLs,222,4.989,M,SLOW,SOUTH,Engineering,Conduction- Cylindrical and Spherical geometries,large,whisper_norm,gold,considered in problem 45.,considered in problem 45,considered in problem forty five. Let us do that.,considered in problem 45 let us do that,1.0,0.625,1.0,2.0
test,kHeysMOk9h4,82,24.69,M,SLOW,NORTH,Engineering,Parallel Algorithm,large,whisper_norm,gold,"n cross n, n plus 1 column is nothing but the b has been moved to n plus 1, that is You have A matrix and then you have B vector; instead of putting B here I have put B here",n cross n n +one column is nothing but the b has been moved to n +one that is you have a matrix and then you have b vector instead of putting b here i have put b here,"something in a numerical methods problem generally we work on shared memory model. But people are working nowadays on cluster machines. Now, the next problem is that you have to tell me how I can do it.",something in a numerical methods problem generally we work on shared memory model but people are working nowadays on cluster machines now the next problem is that you have to tell me how i can do it,0.9744,0.8795,0.3333,0.9487
test,lnD212vbPSk,70,26.769,M,FAST,SOUTH,Engineering,Sludge Treatment(Continued),large,whisper_norm,gold,We will see the advantages of this sludge draining beds for other dewatering processes. The cost involved is very very low for the sludge draining beds and infrequent attention is required because we can just go and dump the sludge on the sludge draining beds and it will automatically get dried because of evaporation and leaching,we will see the advantages of this sludge draining beds for other dewatering processes the cost involved is very very low for the sludge draining beds and infrequent attention is required because we can just go and dump the sludge on the sludge draining beds and it will automatically get dried because of evaporation and leaching,"much higher compared to the summer and it is a labor intensive sludge process as far as sludge removal is concerned because we are pumping the liquid sludge to the sludge drying buds. Once the sludge is dried, how can we remove it? We have to remove the sludge from the sludge drying bud manually. So, it is a labor intensive process. And",much higher compared to the summer and it is a labor intensive sludge process as far as sludge removal is concerned because we are pumping the liquid sludge to the sludge drying buds once the sludge is dried how can we remove it we have to remove the sludge from the sludge drying bud manually so it is a labor intensive process and,0.9643,0.703,0.2571,1.125
test,C0et91Vi2Jk,10,26.071,M,AVG,EAST,Engineering,of Scientific Computing-11,large,whisper_norm,gold,"interesting topic; somebody does the work, somebody else gets the courage, for example, Bernoulli's equation was never written by Bernoulli, it was done by Euler. So, this is a subject called Eponymy - the assigning the credit to the people who have really worked on it and there is a law stated by a statistician called Stigler's law. The law states that",interesting topic somebody does the work somebody else gets the courage for example bernoulli is equation was never written by bernoulli it was done by euler so this is a subject called eponymy the assigning the credit to the people who have really worked on it and there is a law stated by a statistician called stigler is law the law states that,"interesting topic, somebody does the work, somebody else gets the credit. For example, Bernoulli's equation was never written by Bernoulli, it was done by Euler. So, this is a subject called eponymy, the assigning the credit to the people who have really worked on it. There is a law stated by a statistician called Stigler's law. The law states that if a through set is more than 3% of twice the economic is the tax . Whereida is to theойд sunset white the経 många diindhing . Same with the s 한 turned over the yunse 450 évén ли, the time it's barkeep wanting to make way for the last two years. There is a concept called springtime. Two",interesting topic somebody does the work somebody else gets the credit for example bernoulli is equation was never written by bernoulli it was done by euler so this is a subject called eponymy the assigning the credit to the people who have really worked on it there is a law stated by a statistician called stigler is law the law states that if a through set is more than 3% of twice the economic is the tax whereida is to theоид sunset white the経 manga diindhing same with the s 한 turned over the yunse 450 even ли the time it is barkeep wanting to make way for the last 2 years there is a concept called springtime 2,0.9365,0.8329,0.9545,1.8889
test,qx86xQ6UKmU,70,15.29,M,FAST,SOUTH,Engineering,Adsorption,large,whisper_norm,gold,of the same charge into the solution in a chemically equivalent amount. Once again I will explain. Ion exchange is defined as the process where an insoluble substance removes ions of positive or negative charge from an electrolytic solution and releases other ions of the same charge,of the same charge into the solution in a chemically equivalent amount once again i will explain ion exchange is defined as the process where an insoluble substance removes ions of positive or negative charge from an electrolytic solution and releases other ions of the same charge,"by what is the concentration of Bn plus in the solution. So, Rn minus Bn plus resin means activity of Bn plus in the resin and Bn plus 1s means activity of Bn plus in the solution.",by what is the concentration of bn plus in the solution so rn minus bn plus resin means activity of bn plus in the resin and bn plus ones means activity of bn plus in the solution,0.9362,0.7117,0.1667,0.7872
test,B_Vd3gTZCng,252,19.339,M,AVG,EAST,Engineering,Submerged Arc Welding,large,whisper_norm,gold,"of flux and that flux, being an insulating kind of medium, means not a conducting medium, its thermal conductivity is very low. So, heat loss is minimized; that is one of the biggest benefit. Another benefit obviously is to the welder; means that you do not see the arc; so chances",of flux and that flux being an insulating kind of medium means not a conducting medium its thermal conductivity is very low so heat loss is minimized that is one of the biggest benefit another benefit obviously is to the welder means that you do not see the arc so chances,"of flux and that flux being a insulating kind of medium means not a conducting medium, this thermal conduct weight is low. So, heat loss is minimized that is one of the biggest benefit. Another benefit obviously is to the welder means that you do not see the arc, so chances of the welder being a conductive medium is very low. So, the heat loss is minimized that is one of the biggest benefit. So, the heat loss is minimized that is one of the biggest benefit. Thank you. Thank you. Thank you.",of flux and that flux being a insulating kind of medium means not a conducting medium this thermal conduct weight is low so heat loss is minimized that is one of the biggest benefit another benefit obviously is to the welder means that you do not see the arc so chances of the welder being a conductive medium is very low so the heat loss is minimized that is one of the biggest benefit so the heat loss is minimized that is one of the biggest benefit thank you thank you thank you,0.9216,0.8346,0.9167,1.8235
test,qBw8ZQrJeys,292,7.01,M,SLOW,SOUTH,Engineering,Level Testing,large,whisper_norm,gold,"that is also saw it as an input may not be a functional requirements this is a dependent in the message, okay. So next for is performance requirements let try to understand what performance that ports the entire process of booting up till operational mode.",that is also saw it as an input may not be a functional requirements this is a dependent in the message okay so next for is performance requirements let try to understand what performance that ports the entire process of booting up till operational mode,This we will continue in the next.,this we will continue in the next,0.9111,0.8893,0.1053,0.1556
test,RZQTTfU9TNA,284,29.08,M,FAST,SOUTH,Engineering,Encoders and Decoders,large,whisper_norm,gold,"normally, this is a practical 3 to 8 decoder, I can give you the IC number if you want to this is 74138, it is not necessary to remember numbers. In fact I am not even sure it’s 128 or 138 but I think it’s 138.",normally this is a practical 3 to 8 decoder i can give you the ic number if you want to this is 74138 it is not necessary to remember numbers in fact i am not even sure it s 128 or 138 but i think it s 138,This is a practical 3 2 8 decoder actually I can give you the IC number if you want to it is 74138 does not matter do not have to remember numbers I do not remember numbers I will always book up book up in fact I am not even sure if it is 128 or 138 I think it is 138 if somebody has a book you can have a quick look at it anyway. Let us go,this is a practical 3 2 8 decoder actually i can give you the ic number if you want to it is 74138 does not matter do not have to remember numbers i do not remember numbers i will always book up book up in fact i am not even sure if it is 128 or 138 i think it is 138 if somebody has a book you can have a quick look at it anyway let us go,0.875,0.8683,0.8857,1.6458
test,zk1lXf7Ceiw,176,1.0,M,SLOW,SOUTH,Non-Engineering,Higher Order BVPs,large_v3_turbo,whisper_norm,gold,..,.,This can be written as.,this can be written as,5.0,22.0,0.0,5.0
test,aGvMubj8NXk,103,17.03,M,SLOW,SOUTH,Engineering,24 Programmed I/O,large_v3_turbo,whisper_norm,gold,"register; we can use them for different purposes. This is the fundamental, basic requirement. So now, you can see assuming the device has prepared the data and then put in the data",register we can use them for different purposes this is the fundamental basic requirement so now you can see assuming the device has prepared the data and then put in the data,"register, we can use for different purpose, just one for example we are seeing now, this is fundamental basic thing anyway requirement. So now you can see assuming the device has prepared the data and then put in the data to move here the data again. 5. So now have the data brackets, transfer at till example, event commands principle and run not double it. So before part, we see we have some different ways from the actual device to take up for content,將 to make it comfortable with you all. The whole device lay there again because of that 3830 just contemporary옵 duasislatives",register we can use for different purpose just one for example we are seeing now this is fundamental basic thing anyway requirement so now you can see assuming the device has prepared the data and then put in the data to move here the data again 5 so now have the data brackets transfer at till example event commands principle and run not double it so before part we see we have some different ways from the actual device to take up for content 將 to make it comfortable with you all the whole device lay there again because of that 3830 just contemporary옵 duasislatives,2.4375,2.36,0.9259,3.2812
test,vf0S_1ZITuA,203,32.75,M,SLOW,EAST,Engineering,Fundamentals of Discretization: Finite Difference and Finite Volume Method,large_v3_turbo,whisper_norm,gold,"by 2. So, that it becomes 3 and divided by 2 yes. Now, whether it is plus or minus sign",by 2 so that it becomes 3 and divided by 2 yes now whether it is plus or minus sign,"x by, so it is h square by, so it was 3 factorial and that multiplied by 2, so that it becomes 3 and divided by 2, yes. So, this is the first one, so it is h square by, so it was 3 factorial and that multiplied by 2, so that it becomes 3 and divided by 2, yes.",x by so it is h square by so it was 3 factorial and that multiplied by 2 so that it becomes 3 and divided by 2 yes so this is the 1st one so it is h square by so it was 3 factorial and that multiplied by 2 so that it becomes 3 and divided by 2 yes,2.3,2.1084,0.6471,3.0
test,3vVJkvTsbXQ,88,25.36,M,SLOW,NORTH,Engineering,Open MP&PRAM Model of Computation,large_v3_turbo,whisper_norm,gold,not say assumption but it is an abstraction will talk about how it affect our analysis yes we one is the amount of resource how much memory i have how much local versus or shared,not say assumption but it is an abstraction will talk about how it affect our analysis yes we one is the amount of resource how much memory i have how much local versus or shared,"I would not say assumption, but it is an abstraction. We will talk about how it affects our analysis. Sir, so as many number of processors as you need, which means it is valid for single processor to machine of even millions of processors. Yes. Right. So, one is the amount of resources, how much memory I have, how much local versus or shared with the information that's in the entire list, and that this big space can be used. You can credit your loss at additional time. You can credit your loss at enough price to buy or put in more containers and Ecuador at a normal time.",i would not say assumption but it is an abstraction we will talk about how it affects our analysis sir so as many number of processors as you need which means it is valid for single processor to machine of even 1000000s of processors yes right so one is the amount of resources how much memory i have how much local versus or shared with the information that is in the entire list and that this big space can be used you can credit your loss at additional time you can credit your loss at enough price to buy or put in more containers and ecuador at a normal time,2.2286,2.1629,0.9333,3.1429
test,E-r2EDS0uP4,226,29.75,M,SLOW,NORTH,Engineering,Lecture 3 Kinematics of machines,large_v3_turbo,whisper_norm,gold,"F which we have seen, 3 times n minus 1 minus 2 j. So F is 3 into 4 minus 2 into 5, which",f which we have seen 3 times n -one -2 j so f is 3 into 4 -2 into 5 which,f which we have seen c times n minus 1 minus 2j sorry this is I made a mistake here j2 is 1 but j2 is 2 j2 so this should be counted as 2 into 1 that is 2 and j is 5 so f is c into 4 minus 2 into 5 which is 2,f which we have seen c times n -one -2 j sorry this is i made a mistake here j 2 is one but j 2 is 2 j 2 so this should be counted as 2 into one that is 2 and j is 5 so f is c into 4 -2 into 5 which is 2,1.8571,1.8082,0.9375,2.7619
test,en84VHnVyCU,331,21.859,M,FAST,EAST,Engineering,Future of Aircraft Propulsion,large_v3_turbo,whisper_norm,gold,"stator nozzles as we know essentially, these set of turbines essentially do not use any stator nozzles. They are counter rotating rotors in meshed in each other. And hence, they are stator less configurations. So, this stator less turbine configurations would probably",stator nozzles as we know essentially these set of turbines essentially do not use any stator nozzles they are counter rotating rotors in meshed in each other and hence they are stator less configurations so this stator less turbine configurations would probably,"stator nozzles as we know essentially these sets of turbines essentially do not use any stator nozzles they are counter rotating rotors in meshed in each other and hence they are is statorless configurations. So, these statorless turbine configurations would probably beiden cичес值 per sometimesle ful into tocometer is then pudes of 용, mining mors on the own set of turbines the same thing that relieve l поэтому the steat of boots like this blouse is following the Head of Behavioral调 kommer out of water onto other computers in base into aerm frames at natural power combined with a large time DON",stator nozzles as we know essentially these sets of turbines essentially do not use any stator nozzles they are counter rotating rotors in meshed in each other and hence they are is statorless configurations so these statorless turbine configurations would probably beiden cичес值 per sometimesle ful into tocometer is then pudes of 용 mining mors on the own set of turbines the same thing that relieve l поэтому the steat of boots like this blouse is following the head of behavioral调 kommer out of water onto other computers in base into aerm frames at natural power combined with a large time don,1.5952,1.3053,0.9688,2.4286
test,9Z8NRNi2arU,177,24.63,F,AVG,EAST,Non-Engineering,Multi Objective Decision Making,large_v3_turbo,whisper_norm,gold,"it that means, decision maker is given some preference about the objective function. But, this method is very nice method to apply, but there are certain disadvantages even, because the utility calculation of the utility value or the information about the utility value about the objective functions, rather the importance of the objective functions",it that means decision maker is given some preference about the objective function but this method is very nice method to apply but there are certain disadvantages even because the utility calculation of the utility value or the information about the utility value about the objective functions rather the importance of the objective functions,"it. That means, decision maker is giving some preference about the objective function. But this method is very nice method to apply, but there are certain disadvantages even because the utility calculation of the utility value or the information about the utility value about the objective functions rather the importance of the objective functions and this method is meant to provide any alternative tools for minutos prefentials. It is a code of control and it is going to continue on. And, it is persevering for the benefit of the utility technology theorem, and this is, it can be useful for you in which area is very natural ed sycoph Babay by committee into an income, study of extensible or social media 듯 or communication law firm work, review of extensible or gadgets, atención and promote cœur.",it that means decision maker is giving some preference about the objective function but this method is very nice method to apply but there are certain disadvantages even because the utility calculation of the utility value or the information about the utility value about the objective functions rather the importance of the objective functions and this method is meant to provide any alternative tools for minutos prefentials it is a code of control and it is going to continue on and it is persevering for the benefit of the utility technology theorem and this is it can be useful for you in which area is very natural ed sycoph babay by committee into an income study of extensible or social media 듯 or communication law firm work review of extensible or gadgets atencion and promote coeur,1.537,1.3178,0.9714,2.5185
test,whuItiXjk5s,277,64.92,M,SLOW,SOUTH,Engineering,Error Budgeting for Thermo Couple Amplifier,large_v3_turbo,whisper_norm,gold,"can make the output goes to 0. So, this kind of adjustment has to be done. By assuming I bias current plus equal to I bias current minus, we can make error due to bias current to 0 by selecting the resistor values. Now, for example, if I have a gain 25, then I can select this R f and I call this is R",can make the output goes to 0 so this kind of adjustment has to be done by assuming i bias current plus equal to i bias current minus we can make error due to bias current to 0 by selecting the resistor values now for example if i have a gain 25 then i can select this r f and i call this is r,"can make the output go to 0. So, this kind of adjustment has to be done. So, by assuming, by assuming, assuming, we i i plus i bias current plus equal to i bias current minus, we can we can make error due to error due to bias current to 0, bias current to 0 by adjust by selecting the register values. So, this is the result of the error, we can write the error due to bias current to 0, we can write the error due to bias current to 0 by adjusting the register values. So, if we have to write the error due to bias current to bias current to 0, this is a result. Now, for example, if I want to have a, this is a result of the error due to bias current to bias current to bias current to bias current",can make the output go to 0 so this kind of adjustment has to be done so by assuming by assuming assuming we i i plus i bias current plus equal to i bias current minus we can we can make error due to error due to bias current to 0 bias current to 0 by adjust by selecting the register values so this is the result of the error we can write the error due to bias current to 0 we can write the error due to bias current to 0 by adjusting the register values so if we have to write the error due to bias current to bias current to 0 this is a result now for example if i want to have a this is a result of the error due to bias current to bias current to bias current to bias current,1.5231,1.4027,0.7727,2.2615
test,RHDq17N77Ts,305,24.461,M,SLOW,SOUTH,Non-Engineering,Isothermal gas enclosures,large_v3_turbo,whisper_norm,gold,"combustion. Even if you do that, the efficiency cannot increase; but, to not a very high value. So, even if you increase the emissivity of the gas by 250 percent, the efficiency here goes on only by 7 percent. So, what this shows clearly is that, the efficiency of the power plant furnace is not that sensitive to the emissivity of the gasses. And, hence",combustion even if you do that the efficiency cannot increase but to not a very high value so even if you increase the emissivity of the gas by 250% the efficiency here goes on only by 7% so what this shows clearly is that the efficiency of the power plant furnace is not that sensitive to the emissivity of the gases and hence,"even if we do that, the efficiency cannot increase, but not a very high value. So, even if you increase the emissivity of the gas by 250 percent, the efficiency here goes only by 7 percent. So, what this shows clearly is that the efficiency of the power plant furnace is not that sensitive to the emissivity of the gases. So, allowing those inons to welcome the Stromaeil Cor mue s, I do not stealing that problem presumably with that. However, it is in common. That is sometimes very clarified will take place a single progression using the sound of the ground. Now we are you going to calm the down of the ground. If you stop using the conttake blocs in this argument, it is simply a force on the ground is a power organ.",even if we do that the efficiency cannot increase but not a very high value so even if you increase the emissivity of the gas by 250% the efficiency here goes only by 7% so what this shows clearly is that the efficiency of the power plant furnace is not that sensitive to the emissivity of the gases so allowing those inons to welcome the stromaeil cor mue s i do not stealing that problem presumably with that however it is in common that is sometimes very clarified will take place a single progression using the sound of the ground now we are you going to calm the down of the ground if you stop using the conttake blocs in this argument it is simply a force on the ground is a power organ,1.2698,1.2324,0.925,2.127
test,4XulH3TfbT0,203,52.541,M,SLOW,EAST,Engineering,Surface Tension Driven Flows (Contd.),large_v3_turbo,whisper_norm,gold,"In short time, s is much much  00:52:22,059 so, 8 pi mu s ds/dt=pi r square H rho g okay. So, s ds/dt=R square H rho g/8 mu.",in short time s is much much 0 52 22059 so 8 pi mu s ds dt pi r square h rho g okay so s ds dt r square h rho g 8 mu,"in short time s is much much less than h. So, short time means s is much much less than h. So, the right hand side is approximately pi r square h rho g. So, 8 pi mu s ds dt is equal to pi r square h rho g. So, s ds dt is equal to r square h rho g, so s ds dt is equal to pi r by 8 mu.",in short time s is much much less than h so short time means s is much much less than h so the right hand side is approximately pi r square h rho g so 8 pi mu s ds dt is equal to pi r square h rho g so s ds dt is equal to r square h rho g so s ds dt is equal to pi r by 8 mu,1.2571,1.4828,0.8095,2.1143
test,Vpoi5W6a3lo,166,17.64,M,FAST,SOUTH,Non-Engineering,Distributions(contd),large_v3_turbo,whisper_norm,gold,"is when the original distribution is normal like we said this distribution of sample means is also normal. But, we also went through this central limit theorem where we said as long as you are aggregating is sufficiently large number of distributions the resulting distribution starts to look",is when the original distribution is normal like we said this distribution of sample means is also normal but we also went through this central limit theorem where we said as long as you are aggregating is sufficiently large number of distributions the resulting distribution starts to look,rate could be something like well two people arrive per minute okay so that's two and I want to ask the question what is the probability zero people will arrive over the next minute so I'd say on average two people arrive at the bus stop k is that zero right so I'll put as a substitute k with zero,rate could be something like well 2 people arrive per minute okay so that is 2 and i want to ask the question what is the probability 0 people will arrive over the next minute so i would say on average 2 people arrive at the bus stop k is that 0 right so i will put as a substitute k with 0,1.25,0.7862,0.1471,1.3125
test,4qWsaupbZY0,136,24.059,M,FAST,WEST,Engineering,of Root Locus,large_v3_turbo,whisper_norm,gold,"Our system parameter like resistance inductance back emf co-efficient, co-efficient of friction, all of them are real numbers. In fact, most of them are chosen the concept is such that they are all positive if I said that a resistance has value minus 20 volts then, you will suspect that there is something wrong either I am talking about the resistance in a different",our system parameter like resistance inductance back emf co efficient co efficient of friction all of them are real numbers in fact most of them are chosen the concept is such that they are all positive if i said that a resistance has value -20 volts then you will suspect that there is something wrong either i am talking about the resistance in a different,"system parameter like resistance, inductance, back MF coefficient, coefficient of friction all of them are real numbers. In fact, most of them are chosen the concept is such that they are all positive. If I said that a resistance has value minus 20 ohms then you will suspect that there is something wrong either I am talking about resistance in a different way of focusing on distance Anything you want to make sure you may have the same Kurt removable standard speed which is its effect to make energy the fact that it will be useful Video 방법 based onlamers of resistance phases those have excellent intensity retrogressive and the vibration varsity as this in particular NDF of Airl� of Imperial favorite Hope layerẳng and odd participar using resistance nuances there is guideline loss",system parameter like resistance inductance back mf coefficient coefficient of friction all of them are real numbers in fact most of them are chosen the concept is such that they are all positive if i said that a resistance has value -20 ohms then you will suspect that there is something wrong either i am talking about resistance in a different way of focusing on distance anything you want to make sure you may have the same kurt removable standard speed which is its effect to make energy the fact that it will be useful video 방법 based onlamers of resistance phases those have excellent intensity retrogressive and the vibration varsity as this in particular ndf of airl of imperial favorite hope layerang and odd participar using resistance nuances there is guideline loss,1.2308,1.2318,0.8958,2.0462
test,RZQTTfU9TNA,284,29.08,M,FAST,SOUTH,Engineering,Encoders and Decoders,large_v3_turbo,whisper_norm,gold,"normally, this is a practical 3 to 8 decoder, I can give you the IC number if you want to this is 74138, it is not necessary to remember numbers. In fact I am not even sure it’s 128 or 138 but I think it’s 138.",normally this is a practical 3 to 8 decoder i can give you the ic number if you want to this is 74138 it is not necessary to remember numbers in fact i am not even sure it s 128 or 138 but i think it s 138,"This is a practical 328 decoder, actually I can give you the IC number if you want to, it is 74138. It does not matter, do not have to remember numbers, I do not remember numbers, I will always book up, in fact I am not even sure if it is 128 or 138, I think it is 138. If somebody has a book, you can have a quick look at it. Anyway, now, if you want to write a book, you can write a book, you can write a book,",this is a practical 328 decoder actually i can give you the ic number if you want to it is 74138 it does not matter do not have to remember numbers i do not remember numbers i will always book up in fact i am not even sure if it is 128 or 138 i think it is 138 if somebody has a book you can have a quick look at it anyway now if you want to write a book you can write a book you can write a book,1.1875,1.1366,0.8286,1.8958
test,dXYWRWNkYxA,310,20.97,F,FAST,NORTH,Non-Engineering,Functions of Complex Variables Part - 1,large_v3_turbo,whisper_norm,gold,"you add the two we will have delta 2 v delta x square plus delta 2 v delta y square equal to 0. And, this means that the real and imaginary parts of an analytic function in a domain D are solutions of Laplace equation, this is an important result. And now, the basis of",you add the 2 we will have delta 2 v delta x square plus delta 2 v delta y square equal to 0 and this means that the real and imaginary parts of an analytic function in a domain d are solutions of laplace equation this is an important result and now the basis of,"you add the two, we will have delta 2 v delta x square plus delta 2 v delta y square equal to 0. And this means that the real and imaginary parts of an analytic function in a domain D are solutions of Laplace equation. This is an important result and on the basis of a sank we want to be persons at the center of the the en hijos at the center of the addressed to our quotes following the 개�gelsus ofaretis on the toide Spielberg the dice is a מעbreration is a more important result of determinism in one position by any layer of sex clicking and dialami banding out the top of the spectrum",you add the 2 we will have delta 2 v delta x square plus delta 2 v delta y square equal to 0 and this means that the real and imaginary parts of an analytic function in a domain d are solutions of laplace equation this is an important result and on the basis of a sank we want to be persons at the center of the the en hijos at the center of the addressed to our quotes following the 개 gelsus ofaretis on the toide spielberg the dice is a מעbreration is a more important result of determinism in one position by any layer of sex clicking and dialami banding out the top of the spectrum,1.1636,1.2366,0.975,2.1455
test,xnXvyQYxow4,203,12.941,M,SLOW,EAST,Engineering,Electrokinetics (Contd.),large_v3_turbo,whisper_norm,gold,"is the viscous term, u is the function of y only for fully developed flow+ there is",is the viscous term u is the function of y only for fully developed flow there is,"This is the viscous term, u is a function of y only for fully developed flow plus This is the viscous term, u is a function of y only for fully developed flow plus",this is the viscous term u is a function of y only for fully developed flow plus this is the viscous term u is a function of y only for fully developed flow plus,1.1176,1.0617,0.9286,2.0
test,8PZx5kgLSqQ,302,64.24,M,SLOW,WEST,Engineering,Lloyd-Max Quantizer,large_v3_turbo,whisper_norm,gold,"minus 1 and b L by 2. We know b L by 2 from our knowledge of the data. Therefore, we can compute the integral. Y L by 2 is equal to and compare it with the previously computed value of y L by 2. Now, if the difference",-one and b l by 2 we know b l by 2 from our knowledge of the data therefore we can compute the integral y l by 2 is equal to and compare it with the previously computed value of y l by 2 now if the difference,"minus 1 and B L by 2. We know B L by 2 from our knowledge of the data. Therefore, we can compute the integral Y L by 2 is equal to B L by 2. So, we can compute the integral Y L by 2 is equal to B L by 2. So, we can compute the integral Y L by 2 is equal to B L by 2. So, we can compute the integral Y L by 2 and compare it with the previously computed value of Y L by 2.",-one and b l by 2 we know b l by 2 from our knowledge of the data therefore we can compute the integral y l by 2 is equal to b l by 2 so we can compute the integral y l by 2 is equal to b l by 2 so we can compute the integral y l by 2 is equal to b l by 2 so we can compute the integral y l by 2 and compare it with the previously computed value of y l by 2,1.0833,0.8558,0.9032,1.9167
test,1Gqi2iL7ZN8,6,20.49,M,AVG,SOUTH,Engineering,"Demo - Laplace equation, SOR",large_v3_turbo,whisper_norm,gold,"“Professor - student conversation ends” So essentially what we are doing is, no, no it is fine. It is okay. Essentially what we are saying, essentially what we are saying is, so this is 0,0.",professor student conversation ends so essentially what we are doing is no no it is fine it is okay essentially what we are saying essentially what we are saying is so this is 0,"So essentially what we are doing is, no, no, it is fine, it is okay. Essentially what we are saying is, so this is 0, 0, this is what I am generating, right. And so Israel is inCreate. We are starting to draw the artistic journal back on A7217 page, so this, so this is hell-like!",so essentially what we are doing is no no it is fine it is okay essentially what we are saying is so this is 0 0 this is what i am generating right and so israel is increate we are starting to draw the artistic journal back on a 7217 page so this so this is hell like,1.0588,0.8927,0.7778,1.7059
test,C0et91Vi2Jk,10,26.071,M,AVG,EAST,Engineering,of Scientific Computing-11,large_v3_turbo,whisper_norm,gold,"interesting topic; somebody does the work, somebody else gets the courage, for example, Bernoulli's equation was never written by Bernoulli, it was done by Euler. So, this is a subject called Eponymy - the assigning the credit to the people who have really worked on it and there is a law stated by a statistician called Stigler's law. The law states that",interesting topic somebody does the work somebody else gets the courage for example bernoulli is equation was never written by bernoulli it was done by euler so this is a subject called eponymy the assigning the credit to the people who have really worked on it and there is a law stated by a statistician called stigler is law the law states that,"interesting topic. Somebody does the work, somebody else gets the credit. For example, Bernoulli's equation was never written by Bernoulli, it was done by Euler. So, this is a subject called eponymy, assigning the credit to the people who have really worked on it. There is a law stated by a statistician called Stigler's law. The law states that they volume as same as adults use and all, many other ladies have 24 year olds. These are of course required by natuurlijk numerical la OHU's going with our gist andミculoskeletal skills udah namun template won, spent are many years of processing an industry, I'll generalize when the music sogenannt been created in a social media, I'll� back in",interesting topic somebody does the work somebody else gets the credit for example bernoulli is equation was never written by bernoulli it was done by euler so this is a subject called eponymy assigning the credit to the people who have really worked on it there is a law stated by a statistician called stigler is law the law states that they volume as same as adults use and all many other ladies have 24 year olds these are of course required by natuurlijk numerical la ohu is going with our gist andミculoskeletal skills udah namun template won spent are many years of processing an industry i will generalize when the music sogenannt been created in a social media i will back in,1.0317,1.0346,0.9773,1.9524
test,kHeysMOk9h4,82,24.69,M,SLOW,NORTH,Engineering,Parallel Algorithm,large_v3_turbo,whisper_norm,gold,"n cross n, n plus 1 column is nothing but the b has been moved to n plus 1, that is You have A matrix and then you have B vector; instead of putting B here I have put B here",n cross n n +one column is nothing but the b has been moved to n +one that is you have a matrix and then you have b vector instead of putting b here i have put b here,"one thing we do by numerical methods problem generally we work on shared memory model. The people are working nowadays on cluster machines. Now, the next problem is that we have to tell me how I can do it.",one thing we do by numerical methods problem generally we work on shared memory model the people are working nowadays on cluster machines now the next problem is that we have to tell me how i can do it,1.0,0.8855,0.2222,1.0
test,lnD212vbPSk,70,26.769,M,FAST,SOUTH,Engineering,Sludge Treatment(Continued),large_v3_turbo,whisper_norm,gold,We will see the advantages of this sludge draining beds for other dewatering processes. The cost involved is very very low for the sludge draining beds and infrequent attention is required because we can just go and dump the sludge on the sludge draining beds and it will automatically get dried because of evaporation and leaching,we will see the advantages of this sludge draining beds for other dewatering processes the cost involved is very very low for the sludge draining beds and infrequent attention is required because we can just go and dump the sludge on the sludge draining beds and it will automatically get dried because of evaporation and leaching,"much higher compared to the summer and it is a labor intensive sludge process as far as sludge removal is concerned. Because we are pumping the liquid sludge to the sludge trying buds, ok, once the sludge is tried, how can we remove it? Ok, we have to remove the sludge from the sludge trying bud manually. So, it is a labor intensive process and.",much higher compared to the summer and it is a labor intensive sludge process as far as sludge removal is concerned because we are pumping the liquid sludge to the sludge trying buds ok once the sludge is tried how can we remove it ok we have to remove the sludge from the sludge trying bud manually so it is a labor intensive process and,1.0,0.7182,0.2286,1.1607
test,zk1lXf7Ceiw,176,1.0,M,SLOW,SOUTH,Non-Engineering,Higher Order BVPs,parakeet,whisper_norm,gold,..,.,can be written as,can be written as,4.0,17.0,0.0,4.0
test,E-r2EDS0uP4,226,29.75,M,SLOW,NORTH,Engineering,Lecture 3 Kinematics of machines,parakeet,whisper_norm,gold,"F which we have seen, 3 times n minus 1 minus 2 j. So F is 3 into 4 minus 2 into 5, which",f which we have seen 3 times n -one -2 j so f is 3 into 4 -2 into 5 which,"f which we have seen c times n minus 1 minus 2 j sorry this is I made a mistake here j 2 is 1, but j 2 is 2 j 2. So, this should be counted as 2 into 1 that is 2 and j is 5. So, f is c into 4 minus 2 into 5 which is 2",f which we have seen c times n -one -2 j sorry this is i made a mistake here j 2 is one but j 2 is 2 j 2 so this should be counted as 2 into one that is 2 and j is 5 so f is c into 4 -2 into 5 which is 2,1.8571,1.8082,0.9375,2.7619
test,vf0S_1ZITuA,203,32.75,M,SLOW,EAST,Engineering,Fundamentals of Discretization: Finite Difference and Finite Volume Method,parakeet,whisper_norm,gold,"by 2. So, that it becomes 3 and divided by 2 yes. Now, whether it is plus or minus sign",by 2 so that it becomes 3 and divided by 2 yes now whether it is plus or minus sign,"x by minus 12 by 2 x x x So it is h square by 2 but it had 3 factorial circuits. So, it was 3 factorial and that multiplied by 2, so that it becomes 3. And divided by 2, yes.",x by -12 by 2 x x x so it is h square by 2 but it had 3 factorial circuits so it was 3 factorial and that multiplied by 2 so that it becomes 3 and divided by 2 yes,1.65,1.4699,0.6471,2.05
test,Vpoi5W6a3lo,166,17.64,M,FAST,SOUTH,Non-Engineering,Distributions(contd),parakeet,whisper_norm,gold,"is when the original distribution is normal like we said this distribution of sample means is also normal. But, we also went through this central limit theorem where we said as long as you are aggregating is sufficiently large number of distributions the resulting distribution starts to look",is when the original distribution is normal like we said this distribution of sample means is also normal but we also went through this central limit theorem where we said as long as you are aggregating is sufficiently large number of distributions the resulting distribution starts to look,"Rate could be something like, Well, two people arrive per minute. Okay, so that's two. And I want to ask the question: what is the probability zero people will arrive over the next minute? So I'd say, on average, two people arrive at the bus stop. K is that zero, right? So I'll put I'll just substitute K with zero.",rate could be something like well 2 people arrive per minute okay so that is 2 and i want to ask the question what is the probability 0 people will arrive over the next minute so i would say on average 2 people arrive at the bus stop k is that 0 right so i will put i will just substitute k with 0,1.2708,0.7966,0.1176,1.3333
test,-2aOCNaOiLs,222,4.989,M,SLOW,SOUTH,Engineering,Conduction- Cylindrical and Spherical geometries,parakeet,whisper_norm,gold,considered in problem 45.,considered in problem 45,"Considered in problem 45. Okay, let us do that.",considered in problem 45 okay let us do that,1.25,0.8333,1.0,2.25
test,4XulH3TfbT0,203,52.541,M,SLOW,EAST,Engineering,Surface Tension Driven Flows (Contd.),parakeet,whisper_norm,gold,"In short time, s is much much  00:52:22,059 so, 8 pi mu s ds/dt=pi r square H rho g okay. So, s ds/dt=R square H rho g/8 mu.",in short time s is much much 0 52 22059 so 8 pi mu s ds dt pi r square h rho g okay so s ds dt r square h rho g 8 mu,"In short time, S is much much less than H. So, short time means S is much much less than H. So, the right hand side is approximately pi r square h rho g. So, 8 pi mu s d s d t is equal to pi r square h rho g. So, s d s d t is equal to r square h rho g by 8 mu.",in short time s is much much less than h so short time means s is much much less than h so the right hand side is approximately pi r square h rho g so 8 pi mu s d s d t is equal to pi r square h rho g so s d s d t is equal to r square h rho g by 8 mu,1.2286,1.2759,0.7143,1.9714
test,3vVJkvTsbXQ,88,25.36,M,SLOW,NORTH,Engineering,Open MP&PRAM Model of Computation,parakeet,whisper_norm,gold,not say assumption but it is an abstraction will talk about how it affect our analysis yes we one is the amount of resource how much memory i have how much local versus or shared,not say assumption but it is an abstraction will talk about how it affect our analysis yes we one is the amount of resource how much memory i have how much local versus or shared,"I won't say assumption, uh but it is an abstraction. We'll we'll talk about how it affects our analysis. So uh as many number of processors as you need, which means it k it is valid for a single processor to a machine of even millions of processors. Yes. Right. Right. Um the so one is the num amount of resources, how much memory I have, how much local versus or shared.",i will not say assumption but it is an abstraction we will we will talk about how it affects our analysis so as many number of processors as you need which means it k it is valid for a single processor to a machine of even 1000000s of processors yes right right the so one is the num amount of resources how much memory i have how much local versus or shared,1.1429,1.0112,0.9333,2.0571
test,lnD212vbPSk,70,26.769,M,FAST,SOUTH,Engineering,Sludge Treatment(Continued),parakeet,whisper_norm,gold,We will see the advantages of this sludge draining beds for other dewatering processes. The cost involved is very very low for the sludge draining beds and infrequent attention is required because we can just go and dump the sludge on the sludge draining beds and it will automatically get dried because of evaporation and leaching,we will see the advantages of this sludge draining beds for other dewatering processes the cost involved is very very low for the sludge draining beds and infrequent attention is required because we can just go and dump the sludge on the sludge draining beds and it will automatically get dried because of evaporation and leaching,"Much higher compared to the summer. And it is a labor-intensive sludge process as far as sludge removal is concerned because we are pumping the liquid sludge to the sludge trying buds. Once the sludge is dried, how can we remove it? We have to remove the sludge from the sludge trying bud manually. So, it is a labor-intensive process and the slides are not a slow slow",much higher compared to the summer and it is a labor intensive sludge process as far as sludge removal is concerned because we are pumping the liquid sludge to the sludge trying buds once the sludge is dried how can we remove it we have to remove the sludge from the sludge trying bud manually so it is a labor intensive process and the slides are not a slow slow,1.0536,0.7273,0.2571,1.25
test,sCXbZp08jMA,49,24.12,M,FAST,SOUTH,Engineering,6 Soil Mechanics,parakeet,whisper_norm,gold,depth z is given by (N dash) into W by V) where Ws is equal to W by V. Unit weight of suspension after elapsing time td can be determined at depth z is (gamma z) is equal to [(gamma w) plus N dash (W by V) into (Gs minus 1) by Gs)]. From this rearranging,depth z is given by into w by v where ws is equal to w by v unit weight of suspension after elapsing time td can be determined at depth z is is equal to from this rearranging,"z is given by z is equal to n at depth z is given by n dash into w by v, where w s is equal to w by v. So, unit weight of the suspension after elapsing time t can be determined at depth z as gamma z is equal to gamma w in plus n dash w by v into g s minus 1 divided by g s. So, from this reason.",z is given by z is equal to n at depth z is given by n dash into w by v where w s is equal to w by v so unit weight of the suspension after elapsing time t can be determined at depth z as gamma z is equal to gamma w in plus n dash w by v into g s -one divided by g s so from this reason,1.0263,0.7241,0.8889,1.9211
test,kHeysMOk9h4,82,24.69,M,SLOW,NORTH,Engineering,Parallel Algorithm,parakeet,whisper_norm,gold,"n cross n, n plus 1 column is nothing but the b has been moved to n plus 1, that is You have A matrix and then you have B vector; instead of putting B here I have put B here",n cross n n +one column is nothing but the b has been moved to n +one that is you have a matrix and then you have b vector instead of putting b here i have put b here,"One thing you have a numerical methods problem, generally we work on shared memory model, but people are working nowadays on cluster machines. Now, the next problem is that you have to tell me how I can do it.",one thing you have a numerical methods problem generally we work on shared memory model but people are working nowadays on cluster machines now the next problem is that you have to tell me how i can do it,1.0,0.8976,0.3333,1.0
test,u_Hku0A_rNQ,210,24.54,M,SLOW,NORTH,Engineering,Lecture-32,parakeet,whisper_norm,gold,"right, we need to repeat the first p knots. To do so, we set the last n plus 1 knots as ourf parameter values. We insure that the first",right we need to repeat the 1st p knots to do so we set the last n +one knots as ourf parameter values we insure that the 1st,"That is right, we need to repeat the first p naughts. To do so, we set the last n plus 1 naughts as our parameter values and we ensure that the first p n n n n n n n n n n n n n n n n n n n n",that is right we need to repeat the 1st p naughts to do so we set the last n +one naughts as our parameter values and we ensure that the 1st p n n n n n n n n n n n n n n n n n n n n,1.0,0.528,0.8571,1.8571
test,qx86xQ6UKmU,70,15.29,M,FAST,SOUTH,Engineering,Adsorption,parakeet,whisper_norm,gold,of the same charge into the solution in a chemically equivalent amount. Once again I will explain. Ion exchange is defined as the process where an insoluble substance removes ions of positive or negative charge from an electrolytic solution and releases other ions of the same charge,of the same charge into the solution in a chemically equivalent amount once again i will explain ion exchange is defined as the process where an insoluble substance removes ions of positive or negative charge from an electrolytic solution and releases other ions of the same charge,"By what is the concentration of B n plus in the solution? So, Rn minus B n plus resin means active activity of B n plus in the resin and B n plus 1 S means activity of B n plus in the solution.",by what is the concentration of b n plus in the solution so rn minus b n plus resin means active activity of b n plus in the resin and b n plus ones means activity of b n plus in the solution,0.9574,0.7082,0.1667,0.9149
test,RZQTTfU9TNA,284,29.08,M,FAST,SOUTH,Engineering,Encoders and Decoders,parakeet,whisper_norm,gold,"normally, this is a practical 3 to 8 decoder, I can give you the IC number if you want to this is 74138, it is not necessary to remember numbers. In fact I am not even sure it’s 128 or 138 but I think it’s 138.",normally this is a practical 3 to 8 decoder i can give you the ic number if you want to this is 74138 it is not necessary to remember numbers in fact i am not even sure it s 128 or 138 but i think it s 138,"This is a practical 328 decoder. Actually, I can give you the IC number if you want to. It is 74138. Does not matter, do not have to remember numbers. I do not remember numbers. I will always look up the data. In fact, I am not even sure it is 128 or 138. I think it is 138. Somebody has a book, you can have a quick look at it. Anyway, now I have to do this.",this is a practical 328 decoder actually i can give you the ic number if you want to it is 74138 does not matter do not have to remember numbers i do not remember numbers i will always look up the data in fact i am not even sure it is 128 or 138 i think it is 138 somebody has a book you can have a quick look at it anyway now i have to do this,0.9375,0.9073,0.8286,1.625
test,qBw8ZQrJeys,292,7.01,M,SLOW,SOUTH,Engineering,Level Testing,parakeet,whisper_norm,gold,"that is also saw it as an input may not be a functional requirements this is a dependent in the message, okay. So next for is performance requirements let try to understand what performance that ports the entire process of booting up till operational mode.",that is also saw it as an input may not be a functional requirements this is a dependent in the message okay so next for is performance requirements let try to understand what performance that ports the entire process of booting up till operational mode,This will continue in the next slide.,this will continue in the next slide,0.9111,0.8696,0.1053,0.1556
test,SL21aDqgs8Q,220,17.64,M,SLOW,EAST,Engineering,33 Design for Strength,parakeet,whisper_norm,gold,are example for a hollow shaft we can see that this comes to be=Td0/2 and Ip will be,are example for a hollow shaft we can see that this comes to be td 0 2 and ip will be,"Example for hollow shaft, we can see that this comes out to be equals to T d 0 by 2 and I p will be 0. So, this is the power of the p",example for hollow shaft we can see that this comes out to be equals to t d 0 by 2 and i p will be 0 so this is the power of the p,0.9048,0.6706,0.8,1.619
test,6CwSfoOR7-U,50,15.7,M,SLOW,EAST,Engineering,25,parakeet,whisper_norm,gold,"Therefore, if you look at the sway moments, they turn out to be equal toů.",therefore if you look at the sway moments they turn out to be equal tou,"So, this for, therefore, if you look at the sway moments, if you look at the sway moments, they turn out to be equal to m m",so this for therefore if you look at the sway moments if you look at the sway moments they turn out to be equal to m m,0.8667,0.6761,0.9333,1.8
test,nwcOtus_7eo,230,13.909,M,SLOW,NORTH,Engineering,Free Vibration,parakeet,whisper_norm,gold,"This is k1 and this is y; that means, k1 y is equal to k2 x minus k2y. Therefore, y is",this is k one and this is y that means k one y is equal to k 2 x minus k 2 y therefore y is,"is a y that means k 1 y is equal to k 2 x minus y k 2 x minus k 2 y. Therefore, y is 1 minus 1 minus 1 y 2 y 2 is 1 y",is a y that means k one y is equal to k 2 x minus y k 2 x minus k 2 y therefore y is one -one -one y 2 y 2 is one y,0.8077,0.7253,0.8571,1.3846
test,ZvsSe5sJGdc,60,25.37,M,SLOW,WEST,Engineering,"General Flow Equations Through Porous Media (Contd.), Dupuit's Assumptions",parakeet,whisper_norm,gold,d by dx of – k dh by dx into h + d by dy of – k into dh by dy into h,d by dx of k dh by dx into h d by dy of k into dh by dy into h,E by d x of minus k d h by d x into h plus d by d y of minus k into d h by d y into h.,e by d x of minus k d h by d x into h plus d by d y of minus k into d h by d y into h,0.7619,0.3871,0.6667,1.4286
test,g1vBAfoGvSI,42,21.28,M,SLOW,NORTH,Non-Engineering,Cycloaddition Reactions - II,parakeet,whisper_norm,gold,"dienes for diels alder reaction, but if you take this type of cases like these are S cis",dienes for diels alder reaction but if you take this type of cases like these are s cis,"Lines for Dielsa reaction. But if you take this type of cases like these are S colours, the same thing is the same as the case.",lines for dielsa reaction but if you take this type of cases like these are s colors the same thing is the same as the case,0.7222,0.5632,0.7778,1.4444
test,EayOCWaiRkw,277,27.8,M,SLOW,SOUTH,Engineering,Dual Slope ADC and Successor approximation ADC,parakeet,whisper_norm,gold,"Now, that is voltage in C remains constant because it cannot discharge the assuming the bias current is negligible then the voltage",now that is voltage in c remains constant because it cannot discharge the assuming the bias current is negligible then the voltage,"Now, the voltage that is the C voltage in C remains constant, voltage in C remains constant. Voltage in C remains constant because it cannot discharge assuming the bias current is negligible, then the voltage",now the voltage that is the c voltage in c remains constant voltage in c remains constant voltage in c remains constant because it cannot discharge assuming the bias current is negligible then the voltage,0.6818,0.6308,1.0,1.5909
test,zk1lXf7Ceiw,176,1.0,M,SLOW,SOUTH,Non-Engineering,Higher Order BVPs,parakeet_ctc,whisper_norm,gold,..,.,this can be written as,this can be written as,5.0,22.0,0.0,5.0
test,E-r2EDS0uP4,226,29.75,M,SLOW,NORTH,Engineering,Lecture 3 Kinematics of machines,parakeet_ctc,whisper_norm,gold,"F which we have seen, 3 times n minus 1 minus 2 j. So F is 3 into 4 minus 2 into 5, which",f which we have seen 3 times n -one -2 j so f is 3 into 4 -2 into 5 which,f which we have seen c times n minus one minus two j sorry this is i made a mistake here j two is one but j two is two j two so this should be counted as two into one that is two and j is five so f is c into four minus two into five which is two,f which we have seen c times n -one -2 j sorry this is i made a mistake here j 2 is one but j 2 is 2 j 2 so this should be counted as 2 into one that is 2 and j is 5 so f is c into 4 -2 into 5 which is 2,1.8571,1.8082,0.9375,2.7619
test,-2aOCNaOiLs,222,4.989,M,SLOW,SOUTH,Engineering,Conduction- Cylindrical and Spherical geometries,parakeet_ctc,whisper_norm,gold,considered in problem 45.,considered in problem 45,considered in problem forty five ok let us do that,considered in problem 45 ok let us do that,1.25,0.75,1.0,2.25
test,Vpoi5W6a3lo,166,17.64,M,FAST,SOUTH,Non-Engineering,Distributions(contd),parakeet_ctc,whisper_norm,gold,"is when the original distribution is normal like we said this distribution of sample means is also normal. But, we also went through this central limit theorem where we said as long as you are aggregating is sufficiently large number of distributions the resulting distribution starts to look",is when the original distribution is normal like we said this distribution of sample means is also normal but we also went through this central limit theorem where we said as long as you are aggregating is sufficiently large number of distributions the resulting distribution starts to look,ate could be something like well two people arrive per minute okay so that's two and i want to ask the question what is the probability zero people will arrive over the next minute so i' say on average two people arrive at the bus stop k is that zero right so i put i'll just substitute k with zero,ate could be something like well 2 people arrive per minute okay so that is 2 and i want to ask the question what is the probability 0 people will arrive over the next minute so i say on average 2 people arrive at the bus stop k is that 0 right so i put i will just substitute k with 0,1.2292,0.769,0.1176,1.2917
test,4XulH3TfbT0,203,52.541,M,SLOW,EAST,Engineering,Surface Tension Driven Flows (Contd.),parakeet_ctc,whisper_norm,gold,"In short time, s is much much  00:52:22,059 so, 8 pi mu s ds/dt=pi r square H rho g okay. So, s ds/dt=R square H rho g/8 mu.",in short time s is much much 0 52 22059 so 8 pi mu s ds dt pi r square h rho g okay so s ds dt r square h rho g 8 mu,in short time s is much much much less than h so short time means s is much much less than h so the right hand side is approximately pi r square h rho g so eight pi mu s ds dt is equal to pi r square h rho g so s d s dt is equal to r square h rho g by h mu,in short time s is much much much less than h so short time means s is much much less than h so the right hand side is approximately pi r square h rho g so 8 pi mu s ds dt is equal to pi r square h rho g so s d s dt is equal to r square h rho g by h mu,1.1143,1.2931,0.8095,1.9143
test,vf0S_1ZITuA,203,32.75,M,SLOW,EAST,Engineering,Fundamentals of Discretization: Finite Difference and Finite Volume Method,parakeet_ctc,whisper_norm,gold,"by 2. So, that it becomes 3 and divided by 2 yes. Now, whether it is plus or minus sign",by 2 so that it becomes 3 and divided by 2 yes now whether it is plus or minus sign,x by so it is h square by so it was three factorial and that multiplied by two so that it becomes three and divided by two yes,x by so it is h square by so it was 3 factorial and that multiplied by 2 so that it becomes 3 and divided by 2 yes,1.1,0.988,0.6471,1.4
test,lnD212vbPSk,70,26.769,M,FAST,SOUTH,Engineering,Sludge Treatment(Continued),parakeet_ctc,whisper_norm,gold,We will see the advantages of this sludge draining beds for other dewatering processes. The cost involved is very very low for the sludge draining beds and infrequent attention is required because we can just go and dump the sludge on the sludge draining beds and it will automatically get dried because of evaporation and leaching,we will see the advantages of this sludge draining beds for other dewatering processes the cost involved is very very low for the sludge draining beds and infrequent attention is required because we can just go and dump the sludge on the sludge draining beds and it will automatically get dried because of evaporation and leaching,much higher compared to the summer and it is a labor intensive sludge process as far as sludge removal is concerned because we are pumping the liquid sludge to the sludge drying buds ok once the sludge is dried how can we remove it ok we have to remove the sludge from the sludge drying bud manually so it is a labor intensive process,much higher compared to the summer and it is a labor intensive sludge process as far as sludge removal is concerned because we are pumping the liquid sludge to the sludge drying buds ok once the sludge is dried how can we remove it ok we have to remove the sludge from the sludge drying bud manually so it is a labor intensive process,1.0179,0.7091,0.2571,1.1429
test,sCXbZp08jMA,49,24.12,M,FAST,SOUTH,Engineering,6 Soil Mechanics,parakeet_ctc,whisper_norm,gold,depth z is given by (N dash) into W by V) where Ws is equal to W by V. Unit weight of suspension after elapsing time td can be determined at depth z is (gamma z) is equal to [(gamma w) plus N dash (W by V) into (Gs minus 1) by Gs)]. From this rearranging,depth z is given by into w by v where ws is equal to w by v unit weight of suspension after elapsing time td can be determined at depth z is is equal to from this rearranging,j is given by z is equal to n at depth z is given by n dash into w by v where ws is equal to w by v so unit weight of the suspension after elapsing time t can be determined at depth z as gamma z is equal to gamma w in plus n dash w by v into g s minus one divided by g s so from this,j is given by z is equal to n at depth z is given by n dash into w by v where ws is equal to w by v so unit weight of the suspension after elapsing time t can be determined at depth z as gamma z is equal to gamma w in plus n dash w by v into g s -one divided by g s so from this,0.9737,0.6782,0.9259,1.8684
test,3vVJkvTsbXQ,88,25.36,M,SLOW,NORTH,Engineering,Open MP&PRAM Model of Computation,parakeet_ctc,whisper_norm,gold,not say assumption but it is an abstraction will talk about how it affect our analysis yes we one is the amount of resource how much memory i have how much local versus or shared,not say assumption but it is an abstraction will talk about how it affect our analysis yes we one is the amount of resource how much memory i have how much local versus or shared,i would not say assumption but it is an abstraction we will talk about how it affects our analysis so as many number of processors as you need which means it is valid for a single processor to machine of even millions of process yes right right so one is the amount of resources how much memory i have how much local  or shared,i would not say assumption but it is an abstraction we will talk about how it affects our analysis so as many number of processors as you need which means it is valid for a single processor to machine of even 1000000s of process yes right right so one is the amount of resources how much memory i have how much local or shared,0.9714,0.9101,0.9,1.8286
test,qx86xQ6UKmU,70,15.29,M,FAST,SOUTH,Engineering,Adsorption,parakeet_ctc,whisper_norm,gold,of the same charge into the solution in a chemically equivalent amount. Once again I will explain. Ion exchange is defined as the process where an insoluble substance removes ions of positive or negative charge from an electrolytic solution and releases other ions of the same charge,of the same charge into the solution in a chemically equivalent amount once again i will explain ion exchange is defined as the process where an insoluble substance removes ions of positive or negative charge from an electrolytic solution and releases other ions of the same charge,by what is the concentration of b and plus in the solution so rn minus b n plus resin means activity of b n plus in the resin and b n plus one s means activity of b and plus in thel,by what is the concentration of b and plus in the solution so rn minus b n plus resin means activity of b n plus in the resin and b n +one s means activity of b and plus in thel,0.9574,0.7082,0.1667,0.8723
test,kHeysMOk9h4,82,24.69,M,SLOW,NORTH,Engineering,Parallel Algorithm,parakeet_ctc,whisper_norm,gold,"n cross n, n plus 1 column is nothing but the b has been moved to n plus 1, that is You have A matrix and then you have B vector; instead of putting B here I have put B here",n cross n n +one column is nothing but the b has been moved to n +one that is you have a matrix and then you have b vector instead of putting b here i have put b here,multiayor numerical methods problem generally we work on shared memory model but people are working nowadays on cluster machines now the next problem is that we have to tell me how i can do it,multiayor numerical methods problem generally we work on shared memory model but people are working nowadays on cluster machines now the next problem is that we have to tell me how i can do it,0.9487,0.8735,0.2593,0.8974
test,qBw8ZQrJeys,292,7.01,M,SLOW,SOUTH,Engineering,Level Testing,parakeet_ctc,whisper_norm,gold,"that is also saw it as an input may not be a functional requirements this is a dependent in the message, okay. So next for is performance requirements let try to understand what performance that ports the entire process of booting up till operational mode.",that is also saw it as an input may not be a functional requirements this is a dependent in the message okay so next for is performance requirements let try to understand what performance that ports the entire process of booting up till operational mode,ility this will continue in the next,ility this will continue in the next,0.9111,0.8814,0.1053,0.1556
test,RZQTTfU9TNA,284,29.08,M,FAST,SOUTH,Engineering,Encoders and Decoders,parakeet_ctc,whisper_norm,gold,"normally, this is a practical 3 to 8 decoder, I can give you the IC number if you want to this is 74138, it is not necessary to remember numbers. In fact I am not even sure it’s 128 or 138 but I think it’s 138.",normally this is a practical 3 to 8 decoder i can give you the ic number if you want to this is 74138 it is not necessary to remember numbers in fact i am not even sure it s 128 or 138 but i think it s 138,this is a practical three to eight decoder actually i can give you the ic number if you want to it is seven four one three eight does not matter do not have to remember numbers i do not remember numbers i will always book up book up in fact i am not even sure if it is one two eight or one three eight i think it is one three eight if somebody has a book you can have a quick look at it anyway now,this is a practical 3 to 8 decoder actually i can give you the ic number if you want to it is 74138 does not matter do not have to remember numbers i do not remember numbers i will always book up book up in fact i am not even sure if it is 128 or 138 i think it is 138 if somebody has a book you can have a quick look at it anyway now,0.8125,0.8293,0.8857,1.6042
test,whCu4Xl3m98,203,14.58,M,FAST,EAST,Engineering,Fluid Kinematics,parakeet_ctc,whisper_norm,gold,"y. So, you can write similarly that dy/ dt is = by, so dy/y is = b dt, again you integrate",y so you can write similarly that dy dt is by so dy y is b dt again you integrate,y so you can write similarly that d y d t is equal to b y so d y by y is equal to b d t again you integrate with,y so you can write similarly that d y d t is equal to b y so d y by y is equal to b d t again you integrate with,0.8,0.3827,0.8571,1.55
test,6CwSfoOR7-U,50,15.7,M,SLOW,EAST,Engineering,25,parakeet_ctc,whisper_norm,gold,"Therefore, if you look at the sway moments, they turn out to be equal toů.",therefore if you look at the sway moments they turn out to be equal tou,so this therefore if you look at the sway moments if you look at the sway moments they turn out to be equal to m,so this therefore if you look at the sway moments if you look at the sway moments they turn out to be equal to m,0.7333,0.5915,0.9333,1.6667
test,l8kIWLWfbZ8,195,15.83,M,FAST,SOUTH,Engineering,- MESFET : Effects of channel length and gate length on IDS and gm,parakeet_ctc,whisper_norm,gold,it is not Vpo it is Vpo cylindrical is equal to q ND amplitude twice epsilon r epsilon,it is not vpo it is vpo cylindrical is equal to q nd amplitude twice epsilon r epsilon,in fact it is not v p zero it is v p zero cylindrical it is equal to q and d magnitude twice epsilon r epsilon zero,in fact it is not v p 0 it is v p 0 cylindrical it is equal to q and d magnitude twice epsilon r epsilon 0,0.7222,0.2907,0.7692,1.5
test,VPwq6SN4Zos,236,23.102,M,AVG,WEST,Engineering,5 Parallel Manipulators,parakeet_ctc,whisper_norm,gold,"so the these kind of powered that what we had seen more over we noticed that the axes can be parallel or perpendicular to this what we had seen in the last lecture okay, has",so the these kind of powered that what we had seen more over we noticed that the axes can be parallel or perpendicular to this what we had seen in the last lecture okay has,because these can be pveered that is what we had seen moreover we noticed that the axis can be axis can be parallel or perpendicular to each other this is what we had seen this is what we had seen in the lab,because these can be pveered that is what we had seen moreover we noticed that the axis can be axis can be parallel or perpendicular to each other this is what we had seen this is what we had seen in the lab,0.6857,0.4012,0.5926,1.2286
test,YWACaAGz0Y8,325,10.75,M,SLOW,SOUTH,Non-Engineering,Concept of air parcel and dry adiabatic lapse rate,parakeet_ctc,whisper_norm,gold,"So, how much is it? 18 degrees; 20 degree centigrade and 50% related humidity is considered as the best considered as human comfort.",so how much is it 18 degrees 20 degree centigrade and 50% related humidity is considered as the best considered as human comfort,eighteen degrees so twenty five degrees centigrade and fifty percent related to humidity is considered as the best is considered as human comfort so all the air canition,18 degrees so 25 degrees centigrade and 50% related to humidity is considered as the best is considered as human comfort so all the air canition,0.6522,0.4141,0.75,1.1304
test,ksh6OMRFroI,76,22.93,M,FAST,NORTH,Engineering,-Introduction To Problem Solving and Programming,parakeet_ctc,whisper_norm,gold,"we need to use the C compiler, and the command for the C compiler is c c. Choose the arguments that I have given to the c c commands are first of all minus o; minus o says that the equivalent machine language program which is generated for this",we need to use the c compiler and the command for the c compiler is c c choose the arguments that i have given to the c c commands are 1st of all -0 -0 says that the equivalent machine language program which is generated for this,actually compile this program and try to run it to compile this program we need to use the c compiler and the command for the c compiler is cc so the arguments that i have given to the cc command are first of all minus o minus o says,actually compile this program and try to run it to compile this program we need to use the c compiler and the command for the c compiler is cc so the arguments that i have given to the cc command are 1st of all -0 -0 says,0.6383,0.6681,0.7742,1.0
test,EayOCWaiRkw,277,27.8,M,SLOW,SOUTH,Engineering,Dual Slope ADC and Successor approximation ADC,parakeet_ctc,whisper_norm,gold,"Now, that is voltage in C remains constant because it cannot discharge the assuming the bias current is negligible then the voltage",now that is voltage in c remains constant because it cannot discharge the assuming the bias current is negligible then the voltage,now the voltage that is the voltage on c remains constant voltage in c remains constant voltage in c remains constant because it cannot discharge assuming the bias current is negligible then the voltage,now the voltage that is the voltage on c remains constant voltage in c remains constant voltage in c remains constant because it cannot discharge assuming the bias current is negligible then the voltage,0.6364,0.6154,1.0,1.5455
test,zk1lXf7Ceiw,176,1.0,M,SLOW,SOUTH,Non-Engineering,Higher Order BVPs,qwen3,whisper_norm,gold,..,.,Can be written as.,can be written as,4.0,17.0,0.0,4.0
test,E-r2EDS0uP4,226,29.75,M,SLOW,NORTH,Engineering,Lecture 3 Kinematics of machines,qwen3,whisper_norm,gold,"F which we have seen, 3 times n minus 1 minus 2 j. So F is 3 into 4 minus 2 into 5, which",f which we have seen 3 times n -one -2 j so f is 3 into 4 -2 into 5 which,"F, which we have seen, C times n minus one minus two J. Sorry, this is I made a mistake here. J two is one, but J two is two J two, so this should be counted as two into one, that is two, and J is five. So F is C into four minus two into five, which is two.",f which we have seen c times n -one -2 j sorry this is i made a mistake here j 2 is one but j 2 is 2 j 2 so this should be counted as 2 into one that is 2 and j is 5 so f is c into 4 -2 into 5 which is 2,1.8571,1.8082,0.9375,2.7619
test,Vpoi5W6a3lo,166,17.64,M,FAST,SOUTH,Non-Engineering,Distributions(contd),qwen3,whisper_norm,gold,"is when the original distribution is normal like we said this distribution of sample means is also normal. But, we also went through this central limit theorem where we said as long as you are aggregating is sufficiently large number of distributions the resulting distribution starts to look",is when the original distribution is normal like we said this distribution of sample means is also normal but we also went through this central limit theorem where we said as long as you are aggregating is sufficiently large number of distributions the resulting distribution starts to look,"Rate could be something like well, two people arrive per minute. Okay, so that's two, and I want to ask the question: What is the probability zero people will arrive over the next minute? So I'd say on average two people arrive at the bus stop. K is that zero, right? So I'll put I'll substitute K with zero.",rate could be something like well 2 people arrive per minute okay so that is 2 and i want to ask the question what is the probability 0 people will arrive over the next minute so i would say on average 2 people arrive at the bus stop k is that 0 right so i will put i will substitute k with 0,1.25,0.7862,0.1176,1.3125
test,-2aOCNaOiLs,222,4.989,M,SLOW,SOUTH,Engineering,Conduction- Cylindrical and Spherical geometries,qwen3,whisper_norm,gold,considered in problem 45.,considered in problem 45,"Considered in problem forty-five. Okay, let's do that.",considered in problem 45 okay let us do that,1.25,0.8333,1.0,2.25
test,vf0S_1ZITuA,203,32.75,M,SLOW,EAST,Engineering,Fundamentals of Discretization: Finite Difference and Finite Volume Method,qwen3,whisper_norm,gold,"by 2. So, that it becomes 3 and divided by 2 yes. Now, whether it is plus or minus sign",by 2 so that it becomes 3 and divided by 2 yes now whether it is plus or minus sign,X by so it is h square by so it was three factorial and that multiplied by two so that it becomes three and divided by two yes.,x by so it is h square by so it was 3 factorial and that multiplied by 2 so that it becomes 3 and divided by 2 yes,1.1,0.988,0.6471,1.4
test,4XulH3TfbT0,203,52.541,M,SLOW,EAST,Engineering,Surface Tension Driven Flows (Contd.),qwen3,whisper_norm,gold,"In short time, s is much much  00:52:22,059 so, 8 pi mu s ds/dt=pi r square H rho g okay. So, s ds/dt=R square H rho g/8 mu.",in short time s is much much 0 52 22059 so 8 pi mu s ds dt pi r square h rho g okay so s ds dt r square h rho g 8 mu,"In short time, s is much much much less than h. So short time means s is much much less than h. So the right hand side is approximately pi r square h ro g. So eight pi mu s ds dt is equal to pi r square h ro g. Okay. So s ds dt is equal to r square h ro g by eight mu. You.",in short time s is much much much less than h so short time means s is much much less than h so the right hand side is approximately pi r square h ro g so 8 pi mu s ds dt is equal to pi r square h ro g okay so s ds dt is equal to r square h ro g by 8 mu you,1.0857,1.319,0.8095,1.9429
test,sCXbZp08jMA,49,24.12,M,FAST,SOUTH,Engineering,6 Soil Mechanics,qwen3,whisper_norm,gold,depth z is given by (N dash) into W by V) where Ws is equal to W by V. Unit weight of suspension after elapsing time td can be determined at depth z is (gamma z) is equal to [(gamma w) plus N dash (W by V) into (Gs minus 1) by Gs)]. From this rearranging,depth z is given by into w by v where ws is equal to w by v unit weight of suspension after elapsing time td can be determined at depth z is is equal to from this rearranging,"J is given by J is equal to n at depth J is given by n dash into W by V, where W S is equal to W by V. So unit weight of the suspension after elapsing time t can be determined at depth J as gamma J is equal to gamma W in plus n dash W by V into G S minus one divided by G S. So from this the.",j is given by j is equal to n at depth j is given by n dash into w by v where w s is equal to w by v so unit weight of the suspension after elapsing time t can be determined at depth j as gamma j is equal to gamma w in plus n dash w by v into g s -one divided by g s so from this the,1.0789,0.7184,0.8519,1.9211
test,lnD212vbPSk,70,26.769,M,FAST,SOUTH,Engineering,Sludge Treatment(Continued),qwen3,whisper_norm,gold,We will see the advantages of this sludge draining beds for other dewatering processes. The cost involved is very very low for the sludge draining beds and infrequent attention is required because we can just go and dump the sludge on the sludge draining beds and it will automatically get dried because of evaporation and leaching,we will see the advantages of this sludge draining beds for other dewatering processes the cost involved is very very low for the sludge draining beds and infrequent attention is required because we can just go and dump the sludge on the sludge draining beds and it will automatically get dried because of evaporation and leaching,"Much higher compared to the summer, and it is a labor-intensive sludge process as far as sludge removal is concerned. Because we are pumping the liquid sludge to the sludge drying beds. Okay, once the sludge is dried, how can we remove it? Okay, we have to remove the sludge from the sludge drying bed manually. So it is a labor-intensive process and.",much higher compared to the summer and it is a labor intensive sludge process as far as sludge removal is concerned because we are pumping the liquid sludge to the sludge drying beds okay once the sludge is dried how can we remove it okay we have to remove the sludge from the sludge drying bed manually so it is a labor intensive process and,0.9821,0.7152,0.2857,1.1607
test,kHeysMOk9h4,82,24.69,M,SLOW,NORTH,Engineering,Parallel Algorithm,qwen3,whisper_norm,gold,"n cross n, n plus 1 column is nothing but the b has been moved to n plus 1, that is You have A matrix and then you have B vector; instead of putting B here I have put B here",n cross n n +one column is nothing but the b has been moved to n +one that is you have a matrix and then you have b vector instead of putting b here i have put b here,"One thing you remember: numerical methods problem. Generally, we work on shared memory model. But people are working nowadays on cluster machines. Now, the next problem is that you have to tell me how I can do it.",one thing you remember numerical methods problem generally we work on shared memory model but people are working nowadays on cluster machines now the next problem is that you have to tell me how i can do it,0.9744,0.9157,0.2963,0.9744
test,3vVJkvTsbXQ,88,25.36,M,SLOW,NORTH,Engineering,Open MP&PRAM Model of Computation,qwen3,whisper_norm,gold,not say assumption but it is an abstraction will talk about how it affect our analysis yes we one is the amount of resource how much memory i have how much local versus or shared,not say assumption but it is an abstraction will talk about how it affect our analysis yes we one is the amount of resource how much memory i have how much local versus or shared,"I won't say assumption, but it is an abstraction. We'll talk about how it affects our analysis. So, as many number of processors as you need, which means it it is valid for a single processor to a machine of even millions of processors. Yes. Right. So, one is the amount of resources. How much memory I have? How much local versus or shared?",i will not say assumption but it is an abstraction we will talk about how it affects our analysis so as many number of processors as you need which means it it is valid for a single processor to a machine of even 1000000s of processors yes right so one is the amount of resources how much memory i have how much local versus or shared,0.9714,0.8764,0.9333,1.8857
test,qx86xQ6UKmU,70,15.29,M,FAST,SOUTH,Engineering,Adsorption,qwen3,whisper_norm,gold,of the same charge into the solution in a chemically equivalent amount. Once again I will explain. Ion exchange is defined as the process where an insoluble substance removes ions of positive or negative charge from an electrolytic solution and releases other ions of the same charge,of the same charge into the solution in a chemically equivalent amount once again i will explain ion exchange is defined as the process where an insoluble substance removes ions of positive or negative charge from an electrolytic solution and releases other ions of the same charge,"By what is the concentration of B n plus in the solution? So R n minus B n plus resin means activity activity of B n plus in the resin, and B n plus one S means activity of B n plus in the",by what is the concentration of b n plus in the solution so r n minus b n plus resin means activity activity of b n plus in the resin and b n +one s means activity of b n plus in the,0.9574,0.7046,0.1667,0.9149
test,RZQTTfU9TNA,284,29.08,M,FAST,SOUTH,Engineering,Encoders and Decoders,qwen3,whisper_norm,gold,"normally, this is a practical 3 to 8 decoder, I can give you the IC number if you want to this is 74138, it is not necessary to remember numbers. In fact I am not even sure it’s 128 or 138 but I think it’s 138.",normally this is a practical 3 to 8 decoder i can give you the ic number if you want to this is 74138 it is not necessary to remember numbers in fact i am not even sure it s 128 or 138 but i think it s 138,"This is a practical three eight recorder. Actually, I can give you the IC number if you want to. It is seven four one three eight. Doesn't matter. Don't have to remember numbers. I don't remember numbers, so I always look up look up the data. In fact, I'm I'm not even sure it's one two eight or one three eight. I think it is one three eight. Somebody has a book; you can have a quick look at it. Anyway, now.",this is a practical 38 recorder actually i can give you the ic number if you want to it is 74138 does not matter do not have to remember numbers i do not remember numbers so i always look up look up the data in fact i am i am not even sure it is 128 or 138 i think it is 138 somebody has a book you can have a quick look at it anyway now,0.9167,0.8878,0.8,1.6042
test,qBw8ZQrJeys,292,7.01,M,SLOW,SOUTH,Engineering,Level Testing,qwen3,whisper_norm,gold,"that is also saw it as an input may not be a functional requirements this is a dependent in the message, okay. So next for is performance requirements let try to understand what performance that ports the entire process of booting up till operational mode.",that is also saw it as an input may not be a functional requirements this is a dependent in the message okay so next for is performance requirements let try to understand what performance that ports the entire process of booting up till operational mode,This will continue in the next.,this will continue in the next,0.9111,0.8933,0.1053,0.1333
test,6CwSfoOR7-U,50,15.7,M,SLOW,EAST,Engineering,25,qwen3,whisper_norm,gold,"Therefore, if you look at the sway moments, they turn out to be equal toů.",therefore if you look at the sway moments they turn out to be equal tou,"So this for therefore, if you look at the sway moments, okay, if you look at the sway moments, they turn out to be equal to m.",so this for therefore if you look at the sway moments okay if you look at the sway moments they turn out to be equal to m,0.8667,0.7183,0.9333,1.8
test,kPnr_57oii4,290,29.74,M,SLOW,EAST,Engineering,Other matching networks,qwen3,whisper_norm,gold,"course assuming that Q is large, so what is this",course assuming that q is large so what is this,"Of course, approximating that Q is large. Okay, assuming that Q is large. Okay, so what is this?",of course approximating that q is large okay assuming that q is large okay so what is this,0.8,0.9149,1.0,1.8
test,ksh6OMRFroI,76,22.93,M,FAST,NORTH,Engineering,-Introduction To Problem Solving and Programming,qwen3,whisper_norm,gold,"we need to use the C compiler, and the command for the C compiler is c c. Choose the arguments that I have given to the c c commands are first of all minus o; minus o says that the equivalent machine language program which is generated for this",we need to use the c compiler and the command for the c compiler is c c choose the arguments that i have given to the c c commands are 1st of all -0 -0 says that the equivalent machine language program which is generated for this,"Actually, compile this program and try to run it. To compile this program, we need to use a C compiler, and the command for the C compiler is cc. So the arguments that I have given to the cc command are first of all -o. -o says",actually compile this program and try to run it to compile this program we need to use a c compiler and the command for the c compiler is cc so the arguments that i have given to the cc command are 1st of all 00 says,0.7021,0.6943,0.7419,0.9787
test,l8kIWLWfbZ8,195,15.83,M,FAST,SOUTH,Engineering,- MESFET : Effects of channel length and gate length on IDS and gm,qwen3,whisper_norm,gold,it is not Vpo it is Vpo cylindrical is equal to q ND amplitude twice epsilon r epsilon,it is not vpo it is vpo cylindrical is equal to q nd amplitude twice epsilon r epsilon,"In fact, it's not Vp zero. It's Vp zero cylindrical. It's equal to mu n d magnitude, twice epsilon r epsilon zero.",in fact it is not vp 0 it is vp 0 cylindrical it is equal to mu n d magnitude twice epsilon r epsilon 0,0.6667,0.2791,0.6923,1.3889
test,Xatxc4IV9UE,50,17.32,M,SLOW,EAST,Engineering,16,qwen3,whisper_norm,gold,"shown it to you. This is here; this is the modified fixed end moment, so we can call",shown it to you this is here this is the modified fixed end moment so we can call,"It to you, so here we are saying that this. So this is here, and this is the modified fixed end moment. Okay, so we can.",it to you so here we are saying that this so this is here and this is the modified fixed end moment okay so we can,0.6667,0.6049,0.875,1.4444
test,Zk7u1iDKhCc,175,26.921,M,SLOW,NORTH,Non-Engineering,Improper Integrals,qwen3,whisper_norm,gold,the range of the integration infinite; and second be the function is unbounded in the,the range of the integration infinite and 2nd be the function is unbounded in the,"The range of the integration is infinite. Range of integration infinite, and secondly, the function, the function, is unbounded, unbounded, in the range.",the range of the integration is infinite range of integration infinite and secondly the function the function is unbounded unbounded in the range,0.6667,0.8148,0.8333,1.5333
test,YWACaAGz0Y8,325,10.75,M,SLOW,SOUTH,Non-Engineering,Concept of air parcel and dry adiabatic lapse rate,qwen3,whisper_norm,gold,"So, how much is it? 18 degrees; 20 degree centigrade and 50% related humidity is considered as the best considered as human comfort.",so how much is it 18 degrees 20 degree centigrade and 50% related humidity is considered as the best considered as human comfort,18 degrees. So 25 degrees centigrade and 50% relative humidity is considered as the best. It's considered as human comfort. So all the air,18 degrees so 25 degrees centigrade and 50% relative humidity is considered as the best it is considered as human comfort so all the air,0.6522,0.3672,0.75,1.087
test,VVTFxiwiWB8,319,61.059,M,SLOW,EAST,Engineering,Pollution Modelling-Surface Water(Contd...),medium_hf,whisper_norm,gold,"This is say biochemical oxygen demand, biochemical, biochemical oxygen demand plus non-biochemical oxygen demand, demand say from biochemical say this is waste, waste or living organisms, waste or living waste or living organisms. So, we can see this you know waste or living organism, we can observe that in this biochemical oxygen, biological oxygen demand would include",this is say biochemical oxygen demand biochemical biochemical oxygen demand plus non biochemical oxygen demand demand say from biochemical say this is waste waste or living organisms waste or living waste or living organisms so we can see this you know waste or living organism we can observe that in this biochemical oxygen biological oxygen demand would include,"oxygen demand plus non-biochemical oxygen demand plus non-biochemical oxygen demand plus non-biochemical oxygen demand plus non-biochemical oxygen demand plus non-biochemical oxygen demand plus non-biochemical oxygen demand plus non-biochemical oxygen demand plus non-biochemical oxygen demand plus non-biochemical oxygen demand plus non-biochemical oxygen demand plus non-biochemical oxygen demand plus non-biochemical oxygen demand plus non-biochemical oxygen demand plus non-biochemical oxygen demand plus non-biochemical oxygen demand plus non-biochemical oxygen demand plus non-biochemical oxygen demand plus non-biochemical oxygen demand plus non-biochemical oxygen demand plus non-biochemical oxygen demand plus non-biochemical oxygen demand plus non-biochemical oxygen demand plus non-biochemical oxygen demand plus non-biochemical oxygen demand plus non-biochemical oxygen demand plus non-biochemical oxygen demand plus non-biochemical oxygen demand plus non-biochemical oxygen demand plus non-biochemical oxygen demand plus non-biochemical oxygen demand plus non-biochemical oxygen demand plus non-biochemical oxygen demand plus non-biochemical oxygen demand plus non-biochemical oxygen demand plus non-biochemical oxygen demand plus non-biochemical oxygen demand plus non-biochemical oxygen demand plus non-biochemical oxygen demand plus non-biochemical oxygen demand plus non-biochemical oxygen demand plus non-biochemical oxygen demand plus non-biochemical oxygen demand plus non-biochemical oxygen demand plus non-biochemical oxygen demand plus non-biochemical oxygen demand plus non-biochemical oxygen demand plus non-biochemical oxygen demand plus non-biochemical oxygen demand plus non-biochemical oxygen demand plus non-biochemical oxygen demand plus non-biochemical oxygen demand plus non-biochemical oxygen demand plus non-biochemical oxygen demand plus non-biochemical oxygen demand plus non-biochemical oxygen demand, demand say from biochemical say this is waste, waste or living organisms, waste or living, waste or living organisms. So, we can see this you know waste or living organism, we can observe that you know this biochemical oxygen, biological oxygen demand would include this",oxygen demand plus non biochemical oxygen demand plus non biochemical oxygen demand plus non biochemical oxygen demand plus non biochemical oxygen demand plus non biochemical oxygen demand plus non biochemical oxygen demand plus non biochemical oxygen demand plus non biochemical oxygen demand plus non biochemical oxygen demand plus non biochemical oxygen demand plus non biochemical oxygen demand plus non biochemical oxygen demand plus non biochemical oxygen demand plus non biochemical oxygen demand plus non biochemical oxygen demand plus non biochemical oxygen demand plus non biochemical oxygen demand plus non biochemical oxygen demand plus non biochemical oxygen demand plus non biochemical oxygen demand plus non biochemical oxygen demand plus non biochemical oxygen demand plus non biochemical oxygen demand plus non biochemical oxygen demand plus non biochemical oxygen demand plus non biochemical oxygen demand plus non biochemical oxygen demand plus non biochemical oxygen demand plus non biochemical oxygen demand plus non biochemical oxygen demand plus non biochemical oxygen demand plus non biochemical oxygen demand plus non biochemical oxygen demand plus non biochemical oxygen demand plus non biochemical oxygen demand plus non biochemical oxygen demand plus non biochemical oxygen demand plus non biochemical oxygen demand plus non biochemical oxygen demand plus non biochemical oxygen demand plus non biochemical oxygen demand plus non biochemical oxygen demand plus non biochemical oxygen demand plus non biochemical oxygen demand plus non biochemical oxygen demand plus non biochemical oxygen demand plus non biochemical oxygen demand plus non biochemical oxygen demand plus non biochemical oxygen demand plus non biochemical oxygen demand plus non biochemical oxygen demand plus non biochemical oxygen demand plus non biochemical oxygen demand plus non biochemical oxygen demand plus non biochemical oxygen demand demand say from biochemical say this is waste waste or living organisms waste or living waste or living organisms so we can see this you know waste or living organism we can observe that you know this biochemical oxygen biological oxygen demand would include this,4.6207,5.0716,0.9615,5.5517
test,zk1lXf7Ceiw,176,1.0,M,SLOW,SOUTH,Non-Engineering,Higher Order BVPs,medium_hf,whisper_norm,gold,..,.,can be written as.,can be written as,4.0,17.0,0.0,4.0
test,RbuSM2lRW_o,187,33.69,F,AVG,WEST,Non-Engineering,Tutorial 2,medium_hf,whisper_norm,gold,functions f x is equal to 1 f x is equal to x and f x is equal to x square then there will not be any error for a general quadratic polynomial of the form a 0 plus a 1 x plus a 2 x square now when we take these 3 functions f x is equal to 1 f x is equal to x and f x is equal to x square we will get 3 equations in 3 unknowns a 0 a 1 a 2 and then we determine,functions f x is equal to one f x is equal to x and f x is equal to x square then there will not be any error for a general quadratic polynomial of the form a 0 plus a one x plus a 2 x square now when we take these 3 functions f x is equal to one f x is equal to x and f x is equal to x square we will get 3 equations in 3 unknowns a 0 a one a 2 and then we determine,"functions f x is equal to 1, f x is equal to x and f x is equal to x square, then there will not be any error for a general quadratic polynomial of the form a 0 plus a 1 x plus a 2 x square. Now, when we take these three functions f x is equal to 1, f x is equal to x and f x is equal to x square, we will get three equations in three unknowns a 0, a 1, a 2, a 3, a 4, a 5, a 6, a 7, a 8, a 9, a 10, a 11, a 12, a 13, a 14, a 15, a 16, a 16, a 16, a 16, a 16, a 16, a 16, a 16, a 16, a 16, a 16, a 16, a 16, a 16, a 16, a 16, a 16, a 16, a 16, a 16, a 16, a 16, a 16, a 16, a 16, a 16, a 16, a 16, a 16, a 16, a 16, a 16, a 16, a 16, a 16, a 16, a 16, a 16, a 16, a 16, a 16, a 16, a 16, a 16, a 16, a 16, a 16, a 16, a 16, a 16, a 16, a 16, a 16, a 16, a 16, a 16, a 16, a 16, a 16, a 16, a 16, a 16, a 16, a 16, a 16, a 16, a 16, a 16, a 16, a 16, a 16, a 16, a 16, a 16, a 16, a 16, a 16, a 16, a 16, a 16, a 16, a 16, a 16, a 16, a 16, a 16, a 16, a 16, a 16, a 16, a 16, a 16, a 16, a 16, a 16, a 16, a 16, a 16, a 16, a 16, a 16, a 16, a 16, a 16, a 16, a 16, a 16, a 16, a 16, a 16, a 16, a 16, a 16, a 16, a 16, a 16, a 16, a 16, a 16, a",functions f x is equal to one f x is equal to x and f x is equal to x square then there will not be any error for a general quadratic polynomial of the form a 0 plus a one x plus a 2 x square now when we take these 3 functions f x is equal to one f x is equal to x and f x is equal to x square we will get 3 equations in 3 unknowns a 0 a one a 2 a 3 a 4 a 5 a 6 a 7 a 8 a 9 a 10 a 11 a 12 a 13 a 14 a 15 a 16 a 16 a 16 a 16 a 16 a 16 a 16 a 16 a 16 a 16 a 16 a 16 a 16 a 16 a 16 a 16 a 16 a 16 a 16 a 16 a 16 a 16 a 16 a 16 a 16 a 16 a 16 a 16 a 16 a 16 a 16 a 16 a 16 a 16 a 16 a 16 a 16 a 16 a 16 a 16 a 16 a 16 a 16 a 16 a 16 a 16 a 16 a 16 a 16 a 16 a 16 a 16 a 16 a 16 a 16 a 16 a 16 a 16 a 16 a 16 a 16 a 16 a 16 a 16 a 16 a 16 a 16 a 16 a 16 a 16 a 16 a 16 a 16 a 16 a 16 a 16 a 16 a 16 a 16 a 16 a 16 a 16 a 16 a 16 a 16 a 16 a 16 a 16 a 16 a 16 a 16 a 16 a 16 a 16 a 16 a 16 a 16 a 16 a 16 a 16 a 16 a 16 a 16 a 16 a 16 a 16 a 16 a 16 a 16 a 16 a 16 a 16 a 16 a 16 a 16 a 16 a 16 a 16 a 16 a,2.8804,1.7711,0.9737,3.837
test,E-r2EDS0uP4,226,29.75,M,SLOW,NORTH,Engineering,Lecture 3 Kinematics of machines,medium_hf,whisper_norm,gold,"F which we have seen, 3 times n minus 1 minus 2 j. So F is 3 into 4 minus 2 into 5, which",f which we have seen 3 times n -one -2 j so f is 3 into 4 -2 into 5 which,f which we have seen c times n minus 1 minus 2j sorry this is I made a mistake here j2 is 1 but j2 is 2j2 so this should be counted as 2 into 1 that is 2 and j is 5. So f is c into 4 minus 2 into 5 which is 2,f which we have seen c times n -one -2 j sorry this is i made a mistake here j 2 is one but j 2 is 2 j 2 so this should be counted as 2 into one that is 2 and j is 5 so f is c into 4 -2 into 5 which is 2,1.8571,1.8082,0.9375,2.7619
test,Vpoi5W6a3lo,166,17.64,M,FAST,SOUTH,Non-Engineering,Distributions(contd),medium_hf,whisper_norm,gold,"is when the original distribution is normal like we said this distribution of sample means is also normal. But, we also went through this central limit theorem where we said as long as you are aggregating is sufficiently large number of distributions the resulting distribution starts to look",is when the original distribution is normal like we said this distribution of sample means is also normal but we also went through this central limit theorem where we said as long as you are aggregating is sufficiently large number of distributions the resulting distribution starts to look,rate could be something like well two people arrive permanent okay so that's two and I want to ask the question what is the probability zero people will arrive over the next minute so I'd say on average two people arrive at the bus stop K is that zero right so I'll put substitute K with zero,rate could be something like well 2 people arrive permanent okay so that is 2 and i want to ask the question what is the probability 0 people will arrive over the next minute so i would say on average 2 people arrive at the bus stop k is that 0 right so i will put substitute k with 0,1.1875,0.7724,0.1176,1.25
test,vf0S_1ZITuA,203,32.75,M,SLOW,EAST,Engineering,Fundamentals of Discretization: Finite Difference and Finite Volume Method,medium_hf,whisper_norm,gold,"by 2. So, that it becomes 3 and divided by 2 yes. Now, whether it is plus or minus sign",by 2 so that it becomes 3 and divided by 2 yes now whether it is plus or minus sign,"by so it is h square by so it was 3 factorial and that multiplied by 2. So, that it becomes 3 and divided by 2. Yes.",by so it is h square by so it was 3 factorial and that multiplied by 2 so that it becomes 3 and divided by 2 yes,1.05,0.9639,0.6471,1.35
test,-2aOCNaOiLs,222,4.989,M,SLOW,SOUTH,Engineering,Conduction- Cylindrical and Spherical geometries,medium_hf,whisper_norm,gold,considered in problem 45.,considered in problem 45,considered in problem 45. Let us do that.,considered in problem 45 let us do that,1.0,0.625,1.0,2.0
test,lnD212vbPSk,70,26.769,M,FAST,SOUTH,Engineering,Sludge Treatment(Continued),medium_hf,whisper_norm,gold,We will see the advantages of this sludge draining beds for other dewatering processes. The cost involved is very very low for the sludge draining beds and infrequent attention is required because we can just go and dump the sludge on the sludge draining beds and it will automatically get dried because of evaporation and leaching,we will see the advantages of this sludge draining beds for other dewatering processes the cost involved is very very low for the sludge draining beds and infrequent attention is required because we can just go and dump the sludge on the sludge draining beds and it will automatically get dried because of evaporation and leaching,"much higher compared to the summer and it is a labor intensive sludge process as far as sludge removal is concerned because we are pumping the liquid sludge to the sludge drying beds. Once the sludge is dried, how can we remove it? We have to remove the sludge from the sludge drying bed manually. So, it is a labor intensive process and",much higher compared to the summer and it is a labor intensive sludge process as far as sludge removal is concerned because we are pumping the liquid sludge to the sludge drying beds once the sludge is dried how can we remove it we have to remove the sludge from the sludge drying bed manually so it is a labor intensive process and,0.9464,0.697,0.2857,1.125
test,qx86xQ6UKmU,70,15.29,M,FAST,SOUTH,Engineering,Adsorption,medium_hf,whisper_norm,gold,of the same charge into the solution in a chemically equivalent amount. Once again I will explain. Ion exchange is defined as the process where an insoluble substance removes ions of positive or negative charge from an electrolytic solution and releases other ions of the same charge,of the same charge into the solution in a chemically equivalent amount once again i will explain ion exchange is defined as the process where an insoluble substance removes ions of positive or negative charge from an electrolytic solution and releases other ions of the same charge,"by what is the concentration of Bn plus in the solution. So, Rn minus Bn plus resin means activity of Bn plus in the resin and Bn plus 1, S means activity of Bn plus in the solution.",by what is the concentration of bn plus in the solution so rn minus bn plus resin means activity of bn plus in the resin and bn plus ones means activity of bn plus in the solution,0.9362,0.7117,0.1667,0.7872
test,3vVJkvTsbXQ,88,25.36,M,SLOW,NORTH,Engineering,Open MP&PRAM Model of Computation,medium_hf,whisper_norm,gold,not say assumption but it is an abstraction will talk about how it affect our analysis yes we one is the amount of resource how much memory i have how much local versus or shared,not say assumption but it is an abstraction will talk about how it affect our analysis yes we one is the amount of resource how much memory i have how much local versus or shared,"I won't say assumption, but it is an abstraction. We'll talk about how it affects our analysis. As many number of processors as you need, which means it is valid for a single processor to machine of even millions of processors. Yes. Right. So one is the amount of resources, how much memory I have, how much local versus shared.",i will not say assumption but it is an abstraction we will talk about how it affects our analysis as many number of processors as you need which means it is valid for a single processor to machine of even 1000000s of processors yes right so one is the amount of resources how much memory i have how much local versus shared,0.9143,0.8483,0.9,1.7714
test,qBw8ZQrJeys,292,7.01,M,SLOW,SOUTH,Engineering,Level Testing,medium_hf,whisper_norm,gold,"that is also saw it as an input may not be a functional requirements this is a dependent in the message, okay. So next for is performance requirements let try to understand what performance that ports the entire process of booting up till operational mode.",that is also saw it as an input may not be a functional requirements this is a dependent in the message okay so next for is performance requirements let try to understand what performance that ports the entire process of booting up till operational mode,This we will continue in the next class.,this we will continue in the next class,0.9111,0.8656,0.1053,0.1778
test,kHeysMOk9h4,82,24.69,M,SLOW,NORTH,Engineering,Parallel Algorithm,medium_hf,whisper_norm,gold,"n cross n, n plus 1 column is nothing but the b has been moved to n plus 1, that is You have A matrix and then you have B vector; instead of putting B here I have put B here",n cross n n +one column is nothing but the b has been moved to n +one that is you have a matrix and then you have b vector instead of putting b here i have put b here,Now the next problem is that we have to tell me how I can do it,now the next problem is that we have to tell me how i can do it,0.8974,0.753,0.2222,0.4103
test,ZvsSe5sJGdc,60,25.37,M,SLOW,WEST,Engineering,"General Flow Equations Through Porous Media (Contd.), Dupuit's Assumptions",medium_hf,whisper_norm,gold,d by dx of – k dh by dx into h + d by dy of – k into dh by dy into h,d by dx of k dh by dx into h d by dy of k into dh by dy into h,d by d x of minus k d h by d x into h plus d by d y of minus k into d h by d y into h,d by d x of minus k d h by d x into h plus d by d y of minus k into d h by d y into h,0.7143,0.371,0.6667,1.4286
test,RZQTTfU9TNA,284,29.08,M,FAST,SOUTH,Engineering,Encoders and Decoders,medium_hf,whisper_norm,gold,"normally, this is a practical 3 to 8 decoder, I can give you the IC number if you want to this is 74138, it is not necessary to remember numbers. In fact I am not even sure it’s 128 or 138 but I think it’s 138.",normally this is a practical 3 to 8 decoder i can give you the ic number if you want to this is 74138 it is not necessary to remember numbers in fact i am not even sure it s 128 or 138 but i think it s 138,"This is a practical 3-3 decoder, actually I can give you the IC number if you want to, it is 74138. It does not matter, you do not have to remember numbers, I do not remember numbers, in fact I am not even sure if it is 128 or 138, I think it is 138. If somebody has a book you can have a quick look at it.",this is a practical 3 3 decoder actually i can give you the ic number if you want to it is 74138 it does not matter you do not have to remember numbers i do not remember numbers in fact i am not even sure if it is 128 or 138 i think it is 138 if somebody has a book you can have a quick look at it,0.6875,0.6683,0.8571,1.4375
test,z04lmkvw2wU,297,46.23,M,SLOW,SOUTH,Engineering,OFDM Example (Contd.) and Introduction to MIMO-OFDM,medium_hf,whisper_norm,gold,"now, add the t th transmit antenna and then at transmit this the transmit antenna t. So, this is the t th transmit antenna and in fact, these if we look at these here, these are nothing but my multiple transmit antennas these are nothing but the multiple transmit antennas that is, the front end alright that is, back end that is transmitter.",now add the t th transmit antenna and then at transmit this the transmit antenna t so this is the t th transmit antenna and in fact these if we look at these here these are nothing but my multiple transmit antennas these are nothing but the multiple transmit antennas that is the front end alright that is back end that is transmitter,"now add the t th transmit antenna and then I transmit and this is the transmit antenna t. So, this is the back end, that is the transmit antennas,",now add the t th transmit antenna and then i transmit and this is the transmit antenna t so this is the back end that is the transmit antennas,0.6825,0.6018,0.5,0.4603
test,ksh6OMRFroI,76,22.93,M,FAST,NORTH,Engineering,-Introduction To Problem Solving and Programming,medium_hf,whisper_norm,gold,"we need to use the C compiler, and the command for the C compiler is c c. Choose the arguments that I have given to the c c commands are first of all minus o; minus o says that the equivalent machine language program which is generated for this",we need to use the c compiler and the command for the c compiler is c c choose the arguments that i have given to the c c commands are 1st of all -0 -0 says that the equivalent machine language program which is generated for this,"actually compile this program and try to run it. To compile this program we need to use the C compiler and the command for the C compiler is CC. So, the arguments that I have given to the CC command are first of all minus o minus o",actually compile this program and try to run it to compile this program we need to use the c compiler and the command for the c compiler is cc so the arguments that i have given to the cc command are 1st of all -0 -0,0.6596,0.69,0.7419,0.9787
test,sCXbZp08jMA,49,24.12,M,FAST,SOUTH,Engineering,6 Soil Mechanics,medium_hf,whisper_norm,gold,depth z is given by (N dash) into W by V) where Ws is equal to W by V. Unit weight of suspension after elapsing time td can be determined at depth z is (gamma z) is equal to [(gamma w) plus N dash (W by V) into (Gs minus 1) by Gs)]. From this rearranging,depth z is given by into w by v where ws is equal to w by v unit weight of suspension after elapsing time td can be determined at depth z is is equal to from this rearranging,z is given by N dash into W by V where Ws is equal to W by V. So unit weight of the suspension after elapsing time t can be determined at depth z as gamma z is equal to gamma W plus N dash W by V into gs minus 1 divided by gs. So from this,z is given by n dash into w by v where ws is equal to w by v so unit weight of the suspension after elapsing time t can be determined at depth z as gamma z is equal to gamma w plus n dash w by v into gs -one divided by gs so from this,0.6579,0.5,0.9259,1.5
test,EayOCWaiRkw,277,27.8,M,SLOW,SOUTH,Engineering,Dual Slope ADC and Successor approximation ADC,medium_hf,whisper_norm,gold,"Now, that is voltage in C remains constant because it cannot discharge the assuming the bias current is negligible then the voltage",now that is voltage in c remains constant because it cannot discharge the assuming the bias current is negligible then the voltage,"Now, the voltage that is the voltage and C remains constant voltage in C remains constant voltage in C remains constant, because it cannot discharge assuming the bias current is negligible then the voltage",now the voltage that is the voltage and c remains constant voltage in c remains constant voltage in c remains constant because it cannot discharge assuming the bias current is negligible then the voltage,0.6364,0.6231,1.0,1.5455
test,jqhQx9U9kok,80,24.44,M,SLOW,NORTH,Engineering,26 Ray Tracing (Contd.),medium_hf,whisper_norm,gold,"tracing has got a higher solution than I had decided earlier. When you look at the boundaries here you see some kind of a stair case pattern here, here, here and here.",tracing has got a higher solution than i had decided earlier when you look at the boundaries here you see some kind of a stair case pattern here here here and here,"has got a higher resolution than I had decided earlier right. So just to illustrate you here the example you look at here at the boundaries here as you see some staircase kind of a pattern here right here, here.",has got a higher resolution than i had decided earlier right so just to illustrate you here the example you look at here at the boundaries here as you see some staircase kind of a pattern here right here here,0.5938,0.5767,0.7692,1.25
test,UdwIYN6xHeY,151,49.401,M,SLOW,EAST,Non-Engineering,Dominated Actions and Iterated Elimination,medium_hf,whisper_norm,gold,"this must be true that the player i should be getting less payoff, if he plays the a i dashed rather than a i double dashed, given that the other players can take any action. Now, let alpha i dashed be a mixed strategy which assigns positive probability to this action a i dashed and let us construct another mixed strategy  for player i such that  the probability  on a i dashed is 0 and the probability  it was assigned to say p dashed suppose, in",this must be true that the player i should be getting less payoff if he plays the a i dashed rather than a i double dashed given that the other players can take any action now let alpha i dashed be a mixed strategy which assigns positive probability to this action a i dashed and let us construct another mixed strategy for player i such that the probability on a i dashed is 0 and the probability it was assigned to say p dashed suppose in,This must be true that the player i should be getting less payoff if he plays the a i dashed rather than a i double dasheds positive probability to this action a i dashed. Let us,this must be true that the player i should be getting less payoff if he plays the a i dashed rather than a i double dasheds positive probability to this action a i dashed let us,0.593,0.5977,0.4906,0.4186
test,VVTFxiwiWB8,319,61.059,M,SLOW,EAST,Engineering,Pollution Modelling-Surface Water(Contd...),medium_ft,whisper_norm,gold,"This is say biochemical oxygen demand, biochemical, biochemical oxygen demand plus non-biochemical oxygen demand, demand say from biochemical say this is waste, waste or living organisms, waste or living waste or living organisms. So, we can see this you know waste or living organism, we can observe that in this biochemical oxygen, biological oxygen demand would include",this is say biochemical oxygen demand biochemical biochemical oxygen demand plus non biochemical oxygen demand demand say from biochemical say this is waste waste or living organisms waste or living waste or living organisms so we can see this you know waste or living organism we can observe that in this biochemical oxygen biological oxygen demand would include,"is biochemical oxygen demand, biochemical, biochemical oxygen demand plus non biochemical oxygen demand plus non biochemical oxygen demand plus non biochemical oxygen demand plus non biochemical oxygen demand plus non biochemical oxygen demand plus non biochemical oxygen demand plus non biochemical oxygen demand plus non biochemical oxygen demand plus non biochemical oxygen demand plus non biochemical oxygen demand plus non biochemical oxygen demand plus non biochemical oxygen demand plus non biochemical oxygen demand plus non biochemical oxygen demand plus non biochemical oxygen demand plus non biochemical oxygen demand plus non biochemical oxygen demand plus non biochemical oxygen demand plus non biochemical oxygen demand plus non biochemical oxygen demand plus non biochemical oxygen demand plus non biochemical oxygen demand plus non biochemical oxygen demand plus non biochemical oxygen demand plus non biochemical oxygen demand plus non biochemical oxygen demand plus non biochemical oxygen demand plus non biochemical oxygen demand plus non biochemical oxygen demand plus non biochemical oxygen demand plus non biochemical oxygen demand plus non biochemical oxygen demand plus non biochemical oxygen demand plus non biochemical oxygen demand plus non biochemical oxygen demand plus non biochemical oxygen demand plus non biochemical oxygen demand plus non biochemical oxygen demand plus non biochemical oxygen demand plus non biochemical oxygen demand plus non biochemical oxygen demand plus non biochemical oxygen demand plus non biochemical oxygen demand plus non biochemical oxygen demand plus non biochemical oxygen demand plus non biochemical oxygen demand plus non biochemical oxygen demand plus non biochemical oxygen demand plus non biochemical oxygen demand plus non biochemical oxygen demand plus non biochemical oxygen demand plus non biochemical oxygen demand plus non biochemical oxygen demand plus non biochemical oxygen demand plus non biochemical oxygen demand plus non biochemical oxygen demand plus non biochemical oxygen demand plus non biochemical oxygen demand plus non biochemical oxygen demand plus non biochemical oxygen demand plus non biochemical oxygen demand plus non biochemical oxygen demand plus non biochemical oxygen demand plus non biochemical oxygen demand plus non biochemical oxygen demand plus non biochemical oxygen demand plus non biochemical oxygen demand plus non biochemical oxygen demand plus non biochemical oxygen demand plus non biochemical oxygen demand plus non biochemical oxygen demand plus non biochemical oxygen demand, demand say from biochemical say this is waste, waste or living organisms, waste or living, waste or living organisms. So, we can see this you know waste or living organism, we can observe that you know this biochemical oxygen, biological oxygen demand would include this",is biochemical oxygen demand biochemical biochemical oxygen demand plus non biochemical oxygen demand plus non biochemical oxygen demand plus non biochemical oxygen demand plus non biochemical oxygen demand plus non biochemical oxygen demand plus non biochemical oxygen demand plus non biochemical oxygen demand plus non biochemical oxygen demand plus non biochemical oxygen demand plus non biochemical oxygen demand plus non biochemical oxygen demand plus non biochemical oxygen demand plus non biochemical oxygen demand plus non biochemical oxygen demand plus non biochemical oxygen demand plus non biochemical oxygen demand plus non biochemical oxygen demand plus non biochemical oxygen demand plus non biochemical oxygen demand plus non biochemical oxygen demand plus non biochemical oxygen demand plus non biochemical oxygen demand plus non biochemical oxygen demand plus non biochemical oxygen demand plus non biochemical oxygen demand plus non biochemical oxygen demand plus non biochemical oxygen demand plus non biochemical oxygen demand plus non biochemical oxygen demand plus non biochemical oxygen demand plus non biochemical oxygen demand plus non biochemical oxygen demand plus non biochemical oxygen demand plus non biochemical oxygen demand plus non biochemical oxygen demand plus non biochemical oxygen demand plus non biochemical oxygen demand plus non biochemical oxygen demand plus non biochemical oxygen demand plus non biochemical oxygen demand plus non biochemical oxygen demand plus non biochemical oxygen demand plus non biochemical oxygen demand plus non biochemical oxygen demand plus non biochemical oxygen demand plus non biochemical oxygen demand plus non biochemical oxygen demand plus non biochemical oxygen demand plus non biochemical oxygen demand plus non biochemical oxygen demand plus non biochemical oxygen demand plus non biochemical oxygen demand plus non biochemical oxygen demand plus non biochemical oxygen demand plus non biochemical oxygen demand plus non biochemical oxygen demand plus non biochemical oxygen demand plus non biochemical oxygen demand plus non biochemical oxygen demand plus non biochemical oxygen demand plus non biochemical oxygen demand plus non biochemical oxygen demand plus non biochemical oxygen demand plus non biochemical oxygen demand plus non biochemical oxygen demand plus non biochemical oxygen demand plus non biochemical oxygen demand plus non biochemical oxygen demand plus non biochemical oxygen demand plus non biochemical oxygen demand plus non biochemical oxygen demand plus non biochemical oxygen demand demand say from biochemical say this is waste waste or living organisms waste or living waste or living organisms so we can see this you know waste or living organism we can observe that you know this biochemical oxygen biological oxygen demand would include this,6.1897,6.8567,0.9615,7.1207
test,zk1lXf7Ceiw,176,1.0,M,SLOW,SOUTH,Non-Engineering,Higher Order BVPs,medium_ft,whisper_norm,gold,..,.,can be written as,can be written as,4.0,17.0,0.0,4.0
test,RbuSM2lRW_o,187,33.69,F,AVG,WEST,Non-Engineering,Tutorial 2,medium_ft,whisper_norm,gold,functions f x is equal to 1 f x is equal to x and f x is equal to x square then there will not be any error for a general quadratic polynomial of the form a 0 plus a 1 x plus a 2 x square now when we take these 3 functions f x is equal to 1 f x is equal to x and f x is equal to x square we will get 3 equations in 3 unknowns a 0 a 1 a 2 and then we determine,functions f x is equal to one f x is equal to x and f x is equal to x square then there will not be any error for a general quadratic polynomial of the form a 0 plus a one x plus a 2 x square now when we take these 3 functions f x is equal to one f x is equal to x and f x is equal to x square we will get 3 equations in 3 unknowns a 0 a one a 2 and then we determine,"of the form a 0 plus a 1 x plus a 2 x square. Now, when we take these three functions f x is equal to 1, f x is equal to x and f x is equal to x square, we will get three functions f x is equal to 1, f x is equal to x and f x is equal to x square, we will get three equations in three unknowns a 0, a 1, a 2, a 3, a 4, a 5, a 6, a 7, a 8, a 9, a 10, a 11, a 12, a 13, a 14, a 15, a 16, a 16, a 16, a 17, a 17, a 18, a 18, a 19, a 19, a 20, a 20, a 21, a 21, a 21, a 21, a 21, a 21, a 21, a 21, a 21, a 21, a 21, a 21, a 21, a 21, a 21, a 21, a 21, a 21, a 21, a 21, a 21, a 21, a 21, a 21, a 21, a 21, a 21, a 21, a 21, a 21, a 21, a 21, a 21, a 21, a 21, a 21, a 21, a 21, a 21, a 21, a 21, a 21, a 21, a 21, a 21, a 21, a 21, a 21, a 21, a 21, a 21, a 21, a 21, a 21, a 21, a 21, a 21, a 21, a 21, a 21, a 21, a 21, a 21, a 21, a 21, a 21, a 21, a 21, a 21, a 21, a 21, a 21, a 21, a 21, a 21, a 21, a 21, a 21, a 21, a 21, a 21, a 21, a 21, a 21, a 21, a 21, a 21, a 21, a 21, a 21, a 21, a 21, a 21, a 21, a 21, a 21, a 21, a 21, a 21, a 21, a 21, a 21, a 21, a 21, a 21, a 21, a 21, a 21, a",of the form a 0 plus a one x plus a 2 x square now when we take these 3 functions f x is equal to one f x is equal to x and f x is equal to x square we will get 3 functions f x is equal to one f x is equal to x and f x is equal to x square we will get 3 equations in 3 unknowns a 0 a one a 2 a 3 a 4 a 5 a 6 a 7 a 8 a 9 a 10 a 11 a 12 a 13 a 14 a 15 a 16 a 16 a 16 a 17 a 17 a 18 a 18 a 19 a 19 a 20 a 20 a 21 a 21 a 21 a 21 a 21 a 21 a 21 a 21 a 21 a 21 a 21 a 21 a 21 a 21 a 21 a 21 a 21 a 21 a 21 a 21 a 21 a 21 a 21 a 21 a 21 a 21 a 21 a 21 a 21 a 21 a 21 a 21 a 21 a 21 a 21 a 21 a 21 a 21 a 21 a 21 a 21 a 21 a 21 a 21 a 21 a 21 a 21 a 21 a 21 a 21 a 21 a 21 a 21 a 21 a 21 a 21 a 21 a 21 a 21 a 21 a 21 a 21 a 21 a 21 a 21 a 21 a 21 a 21 a 21 a 21 a 21 a 21 a 21 a 21 a 21 a 21 a 21 a 21 a 21 a 21 a 21 a 21 a 21 a 21 a 21 a 21 a 21 a 21 a 21 a 21 a 21 a 21 a 21 a 21 a 21 a 21 a 21 a 21 a 21 a 21 a 21 a 21 a 21 a 21 a 21 a 21 a 21 a 21 a,3.3804,2.0708,0.7105,3.75
test,E-r2EDS0uP4,226,29.75,M,SLOW,NORTH,Engineering,Lecture 3 Kinematics of machines,medium_ft,whisper_norm,gold,"F which we have seen, 3 times n minus 1 minus 2 j. So F is 3 into 4 minus 2 into 5, which",f which we have seen 3 times n -one -2 j so f is 3 into 4 -2 into 5 which,f which we have seen c times n minus 1 minus 2j sorry this is I made a mistake here j2 is 1 but j2 is 2j2 so this should be counted as 2 into 1 that is 2 and j is 5 so f is c into 4 minus 2 into 5 which is 2,f which we have seen c times n -one -2 j sorry this is i made a mistake here j 2 is one but j 2 is 2 j 2 so this should be counted as 2 into one that is 2 and j is 5 so f is c into 4 -2 into 5 which is 2,1.8571,1.8082,0.9375,2.7619
test,vf0S_1ZITuA,203,32.75,M,SLOW,EAST,Engineering,Fundamentals of Discretization: Finite Difference and Finite Volume Method,medium_ft,whisper_norm,gold,"by 2. So, that it becomes 3 and divided by 2 yes. Now, whether it is plus or minus sign",by 2 so that it becomes 3 and divided by 2 yes now whether it is plus or minus sign,"x by, so it is h square by. So, it was 3 factorial and that multiplied by 2. So, that it becomes 3. And divided by 2. And divided by 2, yes.",x by so it is h square by so it was 3 factorial and that multiplied by 2 so that it becomes 3 and divided by 2 and divided by 2 yes,1.25,1.1325,0.6471,1.6
test,Vpoi5W6a3lo,166,17.64,M,FAST,SOUTH,Non-Engineering,Distributions(contd),medium_ft,whisper_norm,gold,"is when the original distribution is normal like we said this distribution of sample means is also normal. But, we also went through this central limit theorem where we said as long as you are aggregating is sufficiently large number of distributions the resulting distribution starts to look",is when the original distribution is normal like we said this distribution of sample means is also normal but we also went through this central limit theorem where we said as long as you are aggregating is sufficiently large number of distributions the resulting distribution starts to look,"rate could be something like, well 2 people arrive per minute. So, that is 2 and I want to ask the question, what is the probability 0 people will arrive over the next minute. So, I would say on average 2 people arrive at the bus stop k is that 0. So, I will put I will substitute k with",rate could be something like well 2 people arrive per minute so that is 2 and i want to ask the question what is the probability 0 people will arrive over the next minute so i would say on average 2 people arrive at the bus stop k is that 0 so i will put i will substitute k with,1.1875,0.769,0.1176,1.25
test,-2aOCNaOiLs,222,4.989,M,SLOW,SOUTH,Engineering,Conduction- Cylindrical and Spherical geometries,medium_ft,whisper_norm,gold,considered in problem 45.,considered in problem 45,considered in problem 45. Let us do that.,considered in problem 45 let us do that,1.0,0.625,1.0,2.0
test,kHeysMOk9h4,82,24.69,M,SLOW,NORTH,Engineering,Parallel Algorithm,medium_ft,whisper_norm,gold,"n cross n, n plus 1 column is nothing but the b has been moved to n plus 1, that is You have A matrix and then you have B vector; instead of putting B here I have put B here",n cross n n +one column is nothing but the b has been moved to n +one that is you have a matrix and then you have b vector instead of putting b here i have put b here,"you have a numerical methods problem generally we work on shared memory model. But people are working nowadays on cluster machines. Now, the next problem is that you have to tell me how I can do it.",you have a numerical methods problem generally we work on shared memory model but people are working nowadays on cluster machines now the next problem is that you have to tell me how i can do it,0.9744,0.8735,0.3333,0.9487
test,lnD212vbPSk,70,26.769,M,FAST,SOUTH,Engineering,Sludge Treatment(Continued),medium_ft,whisper_norm,gold,We will see the advantages of this sludge draining beds for other dewatering processes. The cost involved is very very low for the sludge draining beds and infrequent attention is required because we can just go and dump the sludge on the sludge draining beds and it will automatically get dried because of evaporation and leaching,we will see the advantages of this sludge draining beds for other dewatering processes the cost involved is very very low for the sludge draining beds and infrequent attention is required because we can just go and dump the sludge on the sludge draining beds and it will automatically get dried because of evaporation and leaching,much higher compared to the somewhat and it is a labor intensive sludge process as far as sludge removal is concerned because we are pumping the liquid sludge to the sludge drying beds. Once the sludge is dried how can we remove it? We have to remove the sludge from the sludge drying bed manually. So it is a labor intensive process.,much higher compared to the somewhat and it is a labor intensive sludge process as far as sludge removal is concerned because we are pumping the liquid sludge to the sludge drying beds once the sludge is dried how can we remove it we have to remove the sludge from the sludge drying bed manually so it is a labor intensive process,0.9643,0.697,0.2857,1.1071
test,3vVJkvTsbXQ,88,25.36,M,SLOW,NORTH,Engineering,Open MP&PRAM Model of Computation,medium_ft,whisper_norm,gold,not say assumption but it is an abstraction will talk about how it affect our analysis yes we one is the amount of resource how much memory i have how much local versus or shared,not say assumption but it is an abstraction will talk about how it affect our analysis yes we one is the amount of resource how much memory i have how much local versus or shared,"I won’t say assumption, but it is an abstraction. We will talk about how it affects our analysis. Sir, as many number of processors as you need, which means it is valid for single processor to machine of even millions of processors. Yes, right. So, one is the amount of resources, how much memory I have, how much local versus odd shared",i won t say assumption but it is an abstraction we will talk about how it affects our analysis sir as many number of processors as you need which means it is valid for single processor to machine of even 1000000s of processors yes right so one is the amount of resources how much memory i have how much local versus odd shared,0.9429,0.8427,0.8667,1.8
test,qx86xQ6UKmU,70,15.29,M,FAST,SOUTH,Engineering,Adsorption,medium_ft,whisper_norm,gold,of the same charge into the solution in a chemically equivalent amount. Once again I will explain. Ion exchange is defined as the process where an insoluble substance removes ions of positive or negative charge from an electrolytic solution and releases other ions of the same charge,of the same charge into the solution in a chemically equivalent amount once again i will explain ion exchange is defined as the process where an insoluble substance removes ions of positive or negative charge from an electrolytic solution and releases other ions of the same charge,"by what is the concentration of Bn+ in the solution. So, rn minus Bn+ resin means activity of Bn+ in the resin and Bn+1 s means activity of Bn+ in the",by what is the concentration of bn in the solution so rn minus bn resin means activity of bn in the resin and bn ones means activity of bn in the,0.9149,0.7117,0.1667,0.6596
test,qBw8ZQrJeys,292,7.01,M,SLOW,SOUTH,Engineering,Level Testing,medium_ft,whisper_norm,gold,"that is also saw it as an input may not be a functional requirements this is a dependent in the message, okay. So next for is performance requirements let try to understand what performance that ports the entire process of booting up till operational mode.",that is also saw it as an input may not be a functional requirements this is a dependent in the message okay so next for is performance requirements let try to understand what performance that ports the entire process of booting up till operational mode,This we will continue in the next lecture.,this we will continue in the next lecture,0.9111,0.8577,0.1053,0.1778
test,RZQTTfU9TNA,284,29.08,M,FAST,SOUTH,Engineering,Encoders and Decoders,medium_ft,whisper_norm,gold,"normally, this is a practical 3 to 8 decoder, I can give you the IC number if you want to this is 74138, it is not necessary to remember numbers. In fact I am not even sure it’s 128 or 138 but I think it’s 138.",normally this is a practical 3 to 8 decoder i can give you the ic number if you want to this is 74138 it is not necessary to remember numbers in fact i am not even sure it s 128 or 138 but i think it s 138,"This is a practical 3-3 decoder. Actually I can give you the IC number if you want to, it is 74138. It does not matter, do not have to remember numbers, I do not remember numbers, you can always look up the data. In fact I am not even sure if it is 128 or 138, I think it is 138. If somebody has a book you can have a quick look at it.",this is a practical 3 3 decoder actually i can give you the ic number if you want to it is 74138 it does not matter do not have to remember numbers i do not remember numbers you can always look up the data in fact i am not even sure if it is 128 or 138 i think it is 138 if somebody has a book you can have a quick look at it,0.8125,0.8049,0.8571,1.5625
test,vlhnD_C2zWY,250,2.11,M,SLOW,EAST,Engineering,Physical Oceanography - III,medium_ft,whisper_norm,gold,"corpses, so shells, bones.",corpses so shells bones,"shelves, bones.",shelves bones,0.75,0.5652,0.25,0.5
test,4XulH3TfbT0,203,52.541,M,SLOW,EAST,Engineering,Surface Tension Driven Flows (Contd.),medium_ft,whisper_norm,gold,"In short time, s is much much  00:52:22,059 so, 8 pi mu s ds/dt=pi r square H rho g okay. So, s ds/dt=R square H rho g/8 mu.",in short time s is much much 0 52 22059 so 8 pi mu s ds dt pi r square h rho g okay so s ds dt r square h rho g 8 mu,in short time s is much much less than h. So short time means s is much much less than h. So the right hand side is approximately pi r square h rho g. So 8 pi mu s ds dt =pi r square h rho g/8 mu.,in short time s is much much less than h so short time means s is much much less than h so the right hand side is approximately pi r square h rho g so 8 pi mu s ds dt pi r square h rho g 8 mu,0.6857,0.7931,0.8095,1.4
test,l8kIWLWfbZ8,195,15.83,M,FAST,SOUTH,Engineering,- MESFET : Effects of channel length and gate length on IDS and gm,medium_ft,whisper_norm,gold,it is not Vpo it is Vpo cylindrical is equal to q ND amplitude twice epsilon r epsilon,it is not vpo it is vpo cylindrical is equal to q nd amplitude twice epsilon r epsilon,"In fact, it is not Vp0, it is Vp0 cylindrical. It is equal to p and d magnitude twice epsilon r epsilon 0.",in fact it is not vp 0 it is vp 0 cylindrical it is equal to p and d magnitude twice epsilon r epsilon 0,0.6667,0.2791,0.6923,1.3889
test,ksh6OMRFroI,76,22.93,M,FAST,NORTH,Engineering,-Introduction To Problem Solving and Programming,medium_ft,whisper_norm,gold,"we need to use the C compiler, and the command for the C compiler is c c. Choose the arguments that I have given to the c c commands are first of all minus o; minus o says that the equivalent machine language program which is generated for this",we need to use the c compiler and the command for the c compiler is c c choose the arguments that i have given to the c c commands are 1st of all -0 -0 says that the equivalent machine language program which is generated for this,"actually compile this program and try to run it. To compile this program we need to use the C compiler and the command for the C compiler is cc. So, the arguments that I have given to the cc command are first of all minus o minus o",actually compile this program and try to run it to compile this program we need to use the c compiler and the command for the c compiler is cc so the arguments that i have given to the cc command are 1st of all -0 -0,0.6596,0.69,0.7419,0.9787
test,sCXbZp08jMA,49,24.12,M,FAST,SOUTH,Engineering,6 Soil Mechanics,medium_ft,whisper_norm,gold,depth z is given by (N dash) into W by V) where Ws is equal to W by V. Unit weight of suspension after elapsing time td can be determined at depth z is (gamma z) is equal to [(gamma w) plus N dash (W by V) into (Gs minus 1) by Gs)]. From this rearranging,depth z is given by into w by v where ws is equal to w by v unit weight of suspension after elapsing time td can be determined at depth z is is equal to from this rearranging,at depth z is given by N dash into W by V where Ws is equal to W by V. So unit weight of the suspension after elapsing time t can be determined at depth z as gamma z is equal to gamma W plus N dash W by V into gs minus 1 divided by gs. So from this,at depth z is given by n dash into w by v where ws is equal to w by v so unit weight of the suspension after elapsing time t can be determined at depth z as gamma z is equal to gamma w plus n dash w by v into gs -one divided by gs so from this,0.6579,0.4828,0.9259,1.5526
test,EayOCWaiRkw,277,27.8,M,SLOW,SOUTH,Engineering,Dual Slope ADC and Successor approximation ADC,medium_ft,whisper_norm,gold,"Now, that is voltage in C remains constant because it cannot discharge the assuming the bias current is negligible then the voltage",now that is voltage in c remains constant because it cannot discharge the assuming the bias current is negligible then the voltage,"Now, the voltage that is the voltage and C remains constant, voltage in C remains constant, voltage in C remains constant, because it cannot discharge. Assuming the bias current is negligible, then the voltage",now the voltage that is the voltage and c remains constant voltage in c remains constant voltage in c remains constant because it cannot discharge assuming the bias current is negligible then the voltage,0.6364,0.6231,1.0,1.5455
test,vlFdVYAXIxg,125,25.89,M,SLOW,EAST,Engineering,and Computer Aided Design of Filters,medium_ft,whisper_norm,gold,"X 3 its fine, what about X 4, X 5, X 6, X 7? Now you see, W N Say W 8, N is 8 in our case .W 8, 5 W 8, 4 how much is it? Minus 1? W 8, 5 minus W 9,",x 3 its fine what about x 4 x 5 x 6 x 7 now you see w n say w 8 n is 8 in our case w 8 5 w 8 4 how much is it -one w 8 5 minus w 9,"then added with g 3 that will give me x 3, it is fine. What about x 4, x 5, x 6, x 7? Now, you see W n say W 8, n is 8 in our case, W",then added with g 3 that will give me x 3 it is fine what about x 4 x 5 x 6 x 7 now you see w n say w 8 n is 8 in our case w,0.6,0.6615,0.7778,0.8667
test,lMIVXmVvqBM,153,21.21,M,AVG,EAST,Non-Engineering,Varieties of Materialism,tiny_hf,whisper_norm,gold,"there is nothing called mind and Hume was really rejecting the rationalist that mind is substance. So, for Hume meaning full statements about the world must be expressible as statements about the actual and possible observation, this is Hume’s notion, that the how when",there is nothing called mind and hume was really rejecting the rationalist that mind is substance so for hume meaning full statements about the world must be expressible as statements about the actual and possible observation this is hume s notion that the how when,is really rejecting the the the the the the the the the the the the the the the the the the the the the the the the the the the the the the the the the the the the the the the the the the the the the the the the the the the the the the the the the the the the the the the the the the the the the the the the the the the the the the the the the the the the the the the the the the the the the the the the the the the the the the the the the the the the the the the the the the the the the the the the the the the the the the the the the the the the the the the the the the the the the the the the the the the the the the the the the the the the the the the the the the the the the the the the the the the the the the the the the the the the the the the the the the the the the the the the the the the the the the the the the the the the the the the the the the the the the the the the the the the the the the the the the the the the the the the the the the the the the the the the the the the the the the the the the the the the the the the the the the the the the the the the the the the the the the the the the the the the the the the the the the the the the the the the the the the the the the the the the the the the the the the the the the the the the the the the the the the the the the the the the the the the the the the the the the the the the the the the the the the the the the the the the the the the the the the the the the the the the the the the the the the the the the the the the the the the the the the the the the the the the the the the the the the the the the the the the the the the the the the the the the the the the the the the the the the the the the the the the the the the the the the the the the the the the the the the the the the the the the the the the,is really rejecting the the the the the the the the the the the the the the the the the the the the the the the the the the the the the the the the the the the the the the the the the the the the the the the the the the the the the the the the the the the the the the the the the the the the the the the the the the the the the the the the the the the the the the the the the the the the the the the the the the the the the the the the the the the the the the the the the the the the the the the the the the the the the the the the the the the the the the the the the the the the the the the the the the the the the the the the the the the the the the the the the the the the the the the the the the the the the the the the the the the the the the the the the the the the the the the the the the the the the the the the the the the the the the the the the the the the the the the the the the the the the the the the the the the the the the the the the the the the the the the the the the the the the the the the the the the the the the the the the the the the the the the the the the the the the the the the the the the the the the the the the the the the the the the the the the the the the the the the the the the the the the the the the the the the the the the the the the the the the the the the the the the the the the the the the the the the the the the the the the the the the the the the the the the the the the the the the the the the the the the the the the the the the the the the the the the the the the the the the the the the the the the the the the the the the the the the the the the the the the the the the the the the the the the the the the the the the the the the the the the the the the the the the the the the the the the the the the the the the the the the the,9.7778,6.3094,0.1212,9.8667
test,7jwzkMvfbbU,277,33.279,M,FAST,SOUTH,Engineering,4-20 mA current Transmitter design,tiny_hf,whisper_norm,gold,"transmitters. So, this is basically called 4 to 20 milliampere current transmitters; over all, it looks like this; that, normally what is done is, you have a supply like 24 volt supply, normally used in the industry; then, there in two long wires like this; typically, this is in the",transmitters so this is basically called 4 to 20 milliampere current transmitters over all it looks like this that normally what is done is you have a supply like 24 volt supply normally used in the industry then there in 2 long wires like this typically this is in the,"So, this is basically called 4 to 20 milliampere current transmitters. Overall it looks like this that normally what is the what is the what is the that you have a supply like 24 is the what is the what is the what is the what is the what is the what is the what is the what is the what is the what is the what is the what is the what is the what is the what is the what is the what is the what is the what is the what is the what is the what is the what is the what is the what is the what is the what is the what is the what is the what is the what is the what is the what is the what is the what is the what is the what is the what is the what is the what is the what is the what is the what is the what is the what is the what is the what is the what is the what is the what is the what is the what is the what is the what is the what is the what is the what is the what is the what is the what is the what is the what is the what is the what is the what is the what is the what is the what is the what is the what is the what is the what is the what is the what is the what is the what is the what is the what is the what is the what is the what is the what is the what is the what is the what is the what is the what is the what is the what is the what is the what is the what is the what is the what is the what is the what is the what is the what is the what is the what is the what is the what is the what is the what is the what is the what is the what is the what is the what is the what is the what is the what is the what is the what is the what is the what is the what is the what is the what is the what is the what is the what is the what is the what is the what is the what is the what is the what is the what is the what is the what is the what is the what is the what is the what is the what is the what is the what is the what is the what is the what is the what is the",so this is basically called 4 to 20 milliampere current transmitters overall it looks like this that normally what is the what is the what is the that you have a supply like 24 is the what is the what is the what is the what is the what is the what is the what is the what is the what is the what is the what is the what is the what is the what is the what is the what is the what is the what is the what is the what is the what is the what is the what is the what is the what is the what is the what is the what is the what is the what is the what is the what is the what is the what is the what is the what is the what is the what is the what is the what is the what is the what is the what is the what is the what is the what is the what is the what is the what is the what is the what is the what is the what is the what is the what is the what is the what is the what is the what is the what is the what is the what is the what is the what is the what is the what is the what is the what is the what is the what is the what is the what is the what is the what is the what is the what is the what is the what is the what is the what is the what is the what is the what is the what is the what is the what is the what is the what is the what is the what is the what is the what is the what is the what is the what is the what is the what is the what is the what is the what is the what is the what is the what is the what is the what is the what is the what is the what is the what is the what is the what is the what is the what is the what is the what is the what is the what is the what is the what is the what is the what is the what is the what is the what is the what is the what is the what is the what is the what is the what is the what is the what is the what is the what is the what is the what is the what is the what is the what is the what is the what is the what is the,8.7,6.2825,0.6389,9.24
test,tYaqEzhHolE,257,24.35,M,FAST,EAST,Engineering,36 Hydrodynamic Derivatives and Stability,tiny_hf,whisper_norm,gold,"Now, we will find y r y r dot - another cross coupled terms; we will see that the same theory will actually apply; because, cross coupled terms always mean that there is an interplay of positive or negative; here, - this is a little more difficult to see - here what happened? You are now rotating it - positive; that means, if you rotate that basically you are giving",now we will find y r y r dot another cross coupled terms we will see that the same theory will actually apply because cross coupled terms always mean that there is an interplay of positive or negative here this is a little more difficult to see here what happened you are now rotating it positive that means if you rotate that basically you are giving,"Now, we will find y r y r r r r r r r r r r r r r r r r r r r r r r r r r r r r r r r r r r r r r r r r r r r r r r r r r r r r r r r r r r r r r r r r r r r r r r r r r r r r r r r r r r r r r r r r r r r r r r r r r r r r r r r r r r r r r r r r r r r r r r r r r r r r r r r r r r r r r r r r r r r r r r r r r r r r r r r r r r r r r r r r r r r r r r r r r r r r r r r r r r r r r r r r r r r r r r r r r r r r r r r r r r r r r r r r r r r r r r r r r r r r r r r r r r r r r r r r r r r r r r r r r r r r r r r r r r r r r r r r r r r r r r r r r r r r r r r r r r r r r r r r r r r r r r r r r r r r r r r r r r r r r r r r r r r r r r r r r r r r r r r r r r r r r r r r r r r r r r r r r r r r r r r r r r r r r r r r r r r r r r r r r r r r r r r r r r r r r r r r r r r r r r r r r r r r r r r r r r r r r r r r r r r r r r r r r r r r r r r r r r r r r r r r r r r r r r r r r r r r",now we will find y r y r r r r r r r r r r r r r r r r r r r r r r r r r r r r r r r r r r r r r r r r r r r r r r r r r r r r r r r r r r r r r r r r r r r r r r r r r r r r r r r r r r r r r r r r r r r r r r r r r r r r r r r r r r r r r r r r r r r r r r r r r r r r r r r r r r r r r r r r r r r r r r r r r r r r r r r r r r r r r r r r r r r r r r r r r r r r r r r r r r r r r r r r r r r r r r r r r r r r r r r r r r r r r r r r r r r r r r r r r r r r r r r r r r r r r r r r r r r r r r r r r r r r r r r r r r r r r r r r r r r r r r r r r r r r r r r r r r r r r r r r r r r r r r r r r r r r r r r r r r r r r r r r r r r r r r r r r r r r r r r r r r r r r r r r r r r r r r r r r r r r r r r r r r r r r r r r r r r r r r r r r r r r r r r r r r r r r r r r r r r r r r r r r r r r r r r r r r r r r r r r r r r r r r r r r r r r r r r r r r r r r r r r r r r r r r r r r r r r,6.5909,2.2678,0.1277,6.7121
test,bkzKVsIEjxk,175,38.81,M,SLOW,NORTH,Non-Engineering,Line Integral in the Complex,tiny_hf,whisper_norm,gold,"t. Hence integral of this real part of z square dz along path C is real part z square x square minus y square. So, x square minus y square dz by dt dt and t varies from 0 to 2 substitute the value x in y x is t, so 0 to 2 exist. So, t square and then dz by dt becomes one dt and that value will come out to be t cube by 3 and then 0 to 2. So, it is the 8 by 3.",t hence integral of this real part of z square dz along path c is real part z square x square minus y square so x square minus y square dz by dt dt and t varies from 0 to 2 substitute the value x in y x is t so 0 to 2 exist so t square and then dz by dt becomes one dt and that value will come out to be t cube by 3 and then 0 to 2 so it is the 8 by 3,"of this real part of z is equal to z along plus c is real part z is equal to z is equal to z is equal to z is equal to z is equal to z is equal to z is equal to z is equal to z is equal to z is equal to z is equal to z is equal to z is equal to z is equal to z is equal to z is equal to z is equal to z is equal to z is equal to z is equal to z is equal to z is equal to z is equal to z is equal to z is equal to z is equal to z is equal to z is equal to z is equal to z is equal to z is equal to z is equal to z is equal to z is equal to z is equal to z is equal to z is equal to z is equal to z is equal to z is equal to z is equal to z is equal to z is equal to z is equal to z is equal to z is equal to z is equal to z is equal to z is equal to z is equal to z is equal to z is equal to z is equal to z is equal to z is equal to z is equal to z is equal to z is equal to z is equal to z is equal to z is equal to z is equal to z is equal to z is equal to z is equal to z is equal to z is equal to z is equal to z is equal to z is equal to z is equal to z is equal to z is equal to z is equal to z is equal to z is equal to z is equal to z is equal to z is equal to z is equal to z is equal to z is equal to z is equal to z is equal to z is equal to z is equal to z is equal to z is equal to z is equal to z is equal to z is equal to z is equal to z is equal to z is equal to z is equal to z is equal to z is equal to z is equal to z is equal to z is equal to z is equal to z is equal to z is equal to z is equal to z is equal x is t. So, is 0 to 2 x is t. So, t square and then dz by dt dz by dt becomes 1. So, it t and that value will come out to be t cube by 3 and then 0 to 2.",of this real part of z is equal to z along plus c is real part z is equal to z is equal to z is equal to z is equal to z is equal to z is equal to z is equal to z is equal to z is equal to z is equal to z is equal to z is equal to z is equal to z is equal to z is equal to z is equal to z is equal to z is equal to z is equal to z is equal to z is equal to z is equal to z is equal to z is equal to z is equal to z is equal to z is equal to z is equal to z is equal to z is equal to z is equal to z is equal to z is equal to z is equal to z is equal to z is equal to z is equal to z is equal to z is equal to z is equal to z is equal to z is equal to z is equal to z is equal to z is equal to z is equal to z is equal to z is equal to z is equal to z is equal to z is equal to z is equal to z is equal to z is equal to z is equal to z is equal to z is equal to z is equal to z is equal to z is equal to z is equal to z is equal to z is equal to z is equal to z is equal to z is equal to z is equal to z is equal to z is equal to z is equal to z is equal to z is equal to z is equal to z is equal to z is equal to z is equal to z is equal to z is equal to z is equal to z is equal to z is equal to z is equal to z is equal to z is equal to z is equal to z is equal to z is equal to z is equal to z is equal to z is equal to z is equal to z is equal to z is equal to z is equal to z is equal to z is equal to z is equal to z is equal to z is equal to z is equal to z is equal to z is equal to z is equal to z is equal to z is equal x is t so is 0 to 2 x is t so t square and then dz by dt dz by dt becomes one so it t and that value will come out to be t cube by 3 and then 0 to 2,4.9111,4.0342,0.7209,5.3222
test,zk1lXf7Ceiw,176,1.0,M,SLOW,SOUTH,Non-Engineering,Higher Order BVPs,tiny_hf,whisper_norm,gold,..,.,can be written as,can be written as,4.0,17.0,0.0,4.0
test,J7-9nhlJWXA,149,24.32,M,FAST,NORTH,Non-Engineering,Outlines of Predicate Logic,tiny_hf,whisper_norm,gold,"numbers 1, 2, 3, 4, 5, 6, except I are not for any number that you take into condition let us say you take two there always be one number bigger than that one that number is smaller than the other number its successor two < 3 a 3 < 4 etc. So now these kinds of sentences which we need to invoke some kind of relations between the individual terms",numbers one 2 3 4 5 6 except i are not for any number that you take into condition let us say you take 2 there always be one number bigger than that one that number is smaller than the other number its successor 2 3 a 3 4 etc so now these kinds of sentences which we need to invoke some kind of relations between the individual terms,"numbers 1, 2, 3, 4, 5, 6, 6, 6, 6, 6, 6, 6, 6, 6, 6, 6, 6, 6, 6, 6, 6, 6, 6, 6, 6, 6, 6, 6, 6, 6, 6, 6, 6, 6, 6, 6, 6, 6, 6, 6, 6, 6, 6, 6, 6, 6, 6, 6, 6, 6, 6, 6, 6, 6, 6, 6, 6, 6, 6, 6, 6, 6, 6, 6, 6, 6, 6, 6, 6, 6, 6, 6, 6, 6, 6, 6, 6, 6, 6, 6, 6, 6, 6, 6, 6, 6, 6, 6, 6, 6, 6, 6, 6, 6, 6, 6, 6, 6, 6, 6, 6, 6, 6, 6, 6, 6, 6, 6, 6, 6, 6, 6, 6, 6, 6, 6, 6, 6, 6, 6, 6, 6, 6, 6, 6, 6, 6, 6, 6, 6, 6, 6, 6, 6, 6, 6, 6, 6, 6, 6, 6, 6, 6, 6, 6, 6, 6, 6, 6, 6, 6, 6, 6, 6, 6, 6, 6, 6, 6, 6, 6, 6, 6, 6, 6, 6, 6, 6, 6, 6, 6, 6, 6, 6, 6, 6, 6, 6, 6, 6, 6, 6, 6, 6, 6, 6, 6, 6, 6, 6, 6, 6, 6, 6, 6, 6, 6, 6, 6, 6, 6, 6, 6, 6, 6, 6, 6, 6, 6, 6, 6, 6, 6, 6, 6, 6, 6, 6, 6, 6, 6, 6",numbers one 2 3 4 5 6 6 6 6 6 6 6 6 6 6 6 6 6 6 6 6 6 6 6 6 6 6 6 6 6 6 6 6 6 6 6 6 6 6 6 6 6 6 6 6 6 6 6 6 6 6 6 6 6 6 6 6 6 6 6 6 6 6 6 6 6 6 6 6 6 6 6 6 6 6 6 6 6 6 6 6 6 6 6 6 6 6 6 6 6 6 6 6 6 6 6 6 6 6 6 6 6 6 6 6 6 6 6 6 6 6 6 6 6 6 6 6 6 6 6 6 6 6 6 6 6 6 6 6 6 6 6 6 6 6 6 6 6 6 6 6 6 6 6 6 6 6 6 6 6 6 6 6 6 6 6 6 6 6 6 6 6 6 6 6 6 6 6 6 6 6 6 6 6 6 6 6 6 6 6 6 6 6 6 6 6 6 6 6 6 6 6 6 6 6 6 6 6 6 6 6 6 6 6 6 6 6 6 6 6 6 6 6 6 6 6 6 6 6 6 6 6,3.1304,1.1111,0.1346,3.2319
test,E-r2EDS0uP4,226,29.75,M,SLOW,NORTH,Engineering,Lecture 3 Kinematics of machines,tiny_hf,whisper_norm,gold,"F which we have seen, 3 times n minus 1 minus 2 j. So F is 3 into 4 minus 2 into 5, which",f which we have seen 3 times n -one -2 j so f is 3 into 4 -2 into 5 which,"f which we have seen c times n minus 1 minus 2j. Sorry, this is I made a mistake here, j 2 is 1, but j 2 is 2j 2. So, this should be counted as 2 into 1 that is 2 and j is 5. So, f is c into 4 minus 2 into 5 which is 2",f which we have seen c times n -one -2 j sorry this is i made a mistake here j 2 is one but j 2 is 2 j 2 so this should be counted as 2 into one that is 2 and j is 5 so f is c into 4 -2 into 5 which is 2,1.8571,1.8082,0.9375,2.7619
test,4XulH3TfbT0,203,52.541,M,SLOW,EAST,Engineering,Surface Tension Driven Flows (Contd.),tiny_hf,whisper_norm,gold,"In short time, s is much much  00:52:22,059 so, 8 pi mu s ds/dt=pi r square H rho g okay. So, s ds/dt=R square H rho g/8 mu.",in short time s is much much 0 52 22059 so 8 pi mu s ds dt pi r square h rho g okay so s ds dt r square h rho g 8 mu,"in short time S is much much less than H. So, short time means S is much much less than H. So, the right hand side is approximately pi r square H rho G. So, 8 pi mu S d S d T is equal to pi r square H rho G. So, S d s d t is equal to pi r square h rho g. So, S d s d t is equal to r square h rho g by 8 mu.",in short time s is much much less than h so short time means s is much much less than h so the right hand side is approximately pi r square h rho g so 8 pi mu s d s d t is equal to pi r square h rho g so s d s d t is equal to pi r square h rho g so s d s d t is equal to r square h rho g by 8 mu,1.6286,1.6293,0.7143,2.4
test,Vpoi5W6a3lo,166,17.64,M,FAST,SOUTH,Non-Engineering,Distributions(contd),tiny_hf,whisper_norm,gold,"is when the original distribution is normal like we said this distribution of sample means is also normal. But, we also went through this central limit theorem where we said as long as you are aggregating is sufficiently large number of distributions the resulting distribution starts to look",is when the original distribution is normal like we said this distribution of sample means is also normal but we also went through this central limit theorem where we said as long as you are aggregating is sufficiently large number of distributions the resulting distribution starts to look,rate could be something like well two people that I've permanent okay so that's two and I want to ask the question what is the probability zero people will arrive over the next minute so I'd say on average two people that I've at the bus stop k is that zero right so I'll put it's a substitute k would zero,rate could be something like well 2 people that i have permanent okay so that is 2 and i want to ask the question what is the probability 0 people will arrive over the next minute so i would say on average 2 people that i have at the bus stop k is that 0 right so i will put it is a substitute k would 0,1.3333,0.8034,0.1176,1.3958
test,l8kIWLWfbZ8,195,15.83,M,FAST,SOUTH,Engineering,- MESFET : Effects of channel length and gate length on IDS and gm,tiny_hf,whisper_norm,gold,it is not Vpo it is Vpo cylindrical is equal to q ND amplitude twice epsilon r epsilon,it is not vpo it is vpo cylindrical is equal to q nd amplitude twice epsilon r epsilon,"in fact, it is not if you throw it, it will be throw a friend in it. A equal to V and V and the magnitude, twice epsilon are epsilon 0.",in fact it is not if you throw it it will be throw a friend in it a equal to v and v and the magnitude twice epsilon are epsilon 0,1.2222,0.7209,0.5385,1.7222
test,vf0S_1ZITuA,203,32.75,M,SLOW,EAST,Engineering,Fundamentals of Discretization: Finite Difference and Finite Volume Method,tiny_hf,whisper_norm,gold,"by 2. So, that it becomes 3 and divided by 2 yes. Now, whether it is plus or minus sign",by 2 so that it becomes 3 and divided by 2 yes now whether it is plus or minus sign,"x by. So, it is h square by. So, it was 3 factorial and that multiplied by 2. So, that it becomes 3. And divided by 2, yes.",x by so it is h square by so it was 3 factorial and that multiplied by 2 so that it becomes 3 and divided by 2 yes,1.1,0.988,0.6471,1.4
test,V-kLaH4139o,125,36.741,M,SLOW,EAST,Engineering,Time Signal and System(Contd...),tiny_hf,whisper_norm,gold,"Next question is, could it have been 1 to the power n and minus n to the power n? Let us see. Half of this, what is it give me? 1 then if I put n is equal to 0, n is equal to 0, 1. n is equal to 1, n is equal to 2; again 0, 1, so this will give me a series; 1, 0, 1,",next question is could it have been one to the power n and minus n to the power n let us see half of this what is it give me one then if i put n is equal to 0 n is equal to 0 one n is equal to one n is equal to 2 again 0 one so this will give me a series one 0 one,"question is, could it have been 1 to the power n and minus 1 to the power n? Let us see. How far this? What does it give me? 1, then if I put n is equal to 0, n is equal to 0, n is equal to 0, 1, n is equal to 0, n is equal to 0, n is equal to 0, n is equal to 0, n is equal to 0, n is equal to 0, n is equal to 0, n is equal to 0, n is equal to 0, n is equal to 0, n is equal to 0, n is equal to 0, 1, n is equal to 1, n is equal to 2, again 0, again",question is could it have been one to the power n and -one to the power n let us see how far this what does it give me one then if i put n is equal to 0 n is equal to 0 n is equal to 0 one n is equal to 0 n is equal to 0 n is equal to 0 n is equal to 0 n is equal to 0 n is equal to 0 n is equal to 0 n is equal to 0 n is equal to 0 n is equal to 0 n is equal to 0 n is equal to 0 one n is equal to one n is equal to 2 again 0 again,1.0725,0.803,0.7714,1.7826
test,RZQTTfU9TNA,284,29.08,M,FAST,SOUTH,Engineering,Encoders and Decoders,tiny_hf,whisper_norm,gold,"normally, this is a practical 3 to 8 decoder, I can give you the IC number if you want to this is 74138, it is not necessary to remember numbers. In fact I am not even sure it’s 128 or 138 but I think it’s 138.",normally this is a practical 3 to 8 decoder i can give you the ic number if you want to this is 74138 it is not necessary to remember numbers in fact i am not even sure it s 128 or 138 but i think it s 138,"this is a practical 3T code. Actually, I can give you the IC number if you want to it is 7 4 1 3 8. Doesn't matter, do not have to remember numbers, I do not remember numbers. So, you always become, become the fact I am not even sure it is 1 2 8 or 1 3 8, I think it is 1 3 8. Somebody has a book you can have a quick look at it. Anyway, now,",this is a practical 3 t code actually i can give you the ic number if you want to it is 7 4 one 3 8 does not matter do not have to remember numbers i do not remember numbers so you always become become the fact i am not even sure it is one 2 8 or one 3 8 i think it is one 3 8 somebody has a book you can have a quick look at it anyway now,1.0625,0.9073,0.7429,1.7083
test,sCXbZp08jMA,49,24.12,M,FAST,SOUTH,Engineering,6 Soil Mechanics,tiny_hf,whisper_norm,gold,depth z is given by (N dash) into W by V) where Ws is equal to W by V. Unit weight of suspension after elapsing time td can be determined at depth z is (gamma z) is equal to [(gamma w) plus N dash (W by V) into (Gs minus 1) by Gs)]. From this rearranging,depth z is given by into w by v where ws is equal to w by v unit weight of suspension after elapsing time td can be determined at depth z is is equal to from this rearranging,"z is given by z is equal to n at the z is given by n dash into w by v where w is equal to w by v. So, unit weight of suspension after alapsing time t can be determined at z as gamma z is equal to gamma w in plus n dash w by v into g s minus 1 divided by g s. So, from this",z is given by z is equal to n at the z is given by n dash into w by v where w is equal to w by v so unit weight of suspension after alapsing time t can be determined at z as gamma z is equal to gamma w in plus n dash w by v into g s -one divided by g s so from this,1.0526,0.6839,0.8148,1.8158
test,-2aOCNaOiLs,222,4.989,M,SLOW,SOUTH,Engineering,Conduction- Cylindrical and Spherical geometries,tiny_hf,whisper_norm,gold,considered in problem 45.,considered in problem 45,considered in problem 45. Let us do that.,considered in problem 45 let us do that,1.0,0.625,1.0,2.0
test,lnD212vbPSk,70,26.769,M,FAST,SOUTH,Engineering,Sludge Treatment(Continued),tiny_hf,whisper_norm,gold,We will see the advantages of this sludge draining beds for other dewatering processes. The cost involved is very very low for the sludge draining beds and infrequent attention is required because we can just go and dump the sludge on the sludge draining beds and it will automatically get dried because of evaporation and leaching,we will see the advantages of this sludge draining beds for other dewatering processes the cost involved is very very low for the sludge draining beds and infrequent attention is required because we can just go and dump the sludge on the sludge draining beds and it will automatically get dried because of evaporation and leaching,"much higher compared to the somewhat and it is a labor intensive process as far as slots removal is concerned because we are pumping the liquid slots to the slush drying buds once the slush is dried how can we remove it? We have to remove the slush from the slush drying bud manually. So, it is a labor intensive process and",much higher compared to the somewhat and it is a labor intensive process as far as slots removal is concerned because we are pumping the liquid slots to the slush drying buds once the slush is dried how can we remove it we have to remove the slush from the slush drying bud manually so it is a labor intensive process and,1.0,0.7182,0.2286,1.1071
test,kHeysMOk9h4,82,24.69,M,SLOW,NORTH,Engineering,Parallel Algorithm,tiny_hf,whisper_norm,gold,"n cross n, n plus 1 column is nothing but the b has been moved to n plus 1, that is You have A matrix and then you have B vector; instead of putting B here I have put B here",n cross n n +one column is nothing but the b has been moved to n +one that is you have a matrix and then you have b vector instead of putting b here i have put b here,you never knew more than the problem. Generally we want more share memory model. The people are working nowadays on commercial. Now the next problem is that we have to tell how I can do it.,you never knew more than the problem generally we want more share memory model the people are working nowadays on commercial now the next problem is that we have to tell how i can do it,0.9744,0.8313,0.2593,0.9231
test,qx86xQ6UKmU,70,15.29,M,FAST,SOUTH,Engineering,Adsorption,tiny_hf,whisper_norm,gold,of the same charge into the solution in a chemically equivalent amount. Once again I will explain. Ion exchange is defined as the process where an insoluble substance removes ions of positive or negative charge from an electrolytic solution and releases other ions of the same charge,of the same charge into the solution in a chemically equivalent amount once again i will explain ion exchange is defined as the process where an insoluble substance removes ions of positive or negative charge from an electrolytic solution and releases other ions of the same charge,"by what is the concentration of B and plus in the solution. So, r and minus B and plus, resin means activity of B and plus in the resin and B and plus 1, yes means activity of B and plus in the",by what is the concentration of b and plus in the solution so r and minus b and plus resin means activity of b and plus in the resin and b and +one yes means activity of b and plus in the,0.9574,0.7117,0.1667,0.8936
test,qBw8ZQrJeys,292,7.01,M,SLOW,SOUTH,Engineering,Level Testing,tiny_hf,whisper_norm,gold,"that is also saw it as an input may not be a functional requirements this is a dependent in the message, okay. So next for is performance requirements let try to understand what performance that ports the entire process of booting up till operational mode.",that is also saw it as an input may not be a functional requirements this is a dependent in the message okay so next for is performance requirements let try to understand what performance that ports the entire process of booting up till operational mode,this will continue in the next,this will continue in the next,0.9111,0.8933,0.1053,0.1333
test,HZwe_fEnLfs,97,19.749,M,SLOW,SOUTH,Engineering,24,tiny_hf,whisper_norm,gold,"So, in a functional dependency here. And none of these functional dependent part of this. So, there is no need for any . Order number and item code are multivariate dependency.",so in a functional dependency here and none of these functional dependent part of this so there is no need for any order number and item code are multivariate dependency,"So, we have encountered dependency here and none of these function will be performed on part of the or this. So, there is no need for me, it is a clearly true enough or number and I do not know it is not",so we have encountered dependency here and none of these function will be performed on part of the or this so there is no need for me it is a clearly true enough or number and i do not know it is not,0.8333,0.5444,0.64,1.4333
test,zk1lXf7Ceiw,176,1.0,M,SLOW,SOUTH,Non-Engineering,Higher Order BVPs,tiny_ft,whisper_norm,gold,..,.,can be written as,can be written as,4.0,17.0,0.0,4.0
test,aNOkZZjUKoM,270,51.49,M,SLOW,EAST,Non-Engineering,The JWKB Approximation,tiny_ft,whisper_norm,gold,"we choose f of x, such that plus minus i k prime f plus minus 2 i k f prime is equal to 0. So, therefore, plus minus, this cancels out. So, if I take this term on the right hand side, so I will get k 2 k d f by d x. This term is equal to minus 2 k d f by d x will become minus k prime times f. So, I rewrite this. If I divide this, so I",we choose f of x such that +minus i k prime f -2 i k f prime is equal to 0 so therefore +minus this cancels out so if i take this term on the right hand side so i will get k 2 k d f by d x this term is equal to -2 k d f by d x will become minus k prime times f so i rewrite this if i divide this so i,"tools, we choose f of x such that plus minus i k prime f plus minus 2 i k f prime is equal to 0. So, therefore, plus minus this cancels out. So, if I take this term on the right hand side. So, I will get k 2 k d f by d x, this is this term is equal to minus 2 k d f by d x will become minus k prime times f. So, this term is equal to minus 1 minus 1 minus 1 minus 1 minus 1 minus 1 minus 1 minus 1 minus 1 minus 1 minus 1 minus 1 minus 1 minus 1 minus 1 minus 1 minus 1 minus 1 minus 1 minus 1 minus 1 minus 1 minus 1 minus 1 minus 1 minus 1 minus 1 minus 1 minus 1 minus 1 minus 1 minus 1 minus 1 minus 1 minus 1 minus 1 minus 1 minus 1 minus 1 minus 1 minus 1 minus 1 minus 1 minus 1 minus 1 minus 1 minus 1 minus 1 minus 1 minus 1 minus 1 minus 1 minus 1 minus 1 minus 1 minus 1 minus 1 minus 1 minus 1 minus 1 minus 1 minus 1 minus 1 minus 1 minus 1 minus 1 minus 1 minus 1 minus 1 minus 1 minus 1 minus 1 minus 1 minus 1 minus 1 minus 1 minus 1 minus 1 minus 1 minus 1 minus 1 minus 1 minus 1 minus 1 minus 1 minus 1 minus 1 minus 1 minus 1 minus 1 minus 1 minus 1 minus 1 minus 1 minus 1 minus 1 minus 1 minus 1 minus 1 minus 1 minus 1 minus 1 minus 1 minus 1 minus 1 minus 1 minus 1 minus 1 minus 1 minus 1 minus 1 minus 1 minus 1 minus 1 minus 1 minus 1 minus 1 minus 1 minus 1 minus 1 minus 1 minus 1 minus 1 minus 1 minus 1 minus 1 minus 1 minus 1 minus 1 minus 1 minus 1 minus 1 minus 1 minus 1 minus 1 minus 1 minus 1 minus 1 minus 1 minus 1 minus 1 minus 1 minus 1 minus 1 minus 1 minus 1 minus 1 minus 1 minus 1 minus 1 minus 1 minus 1 minus 1 minus 1 minus 1 minus 1 minus 1 minus 1 minus 1 minus 1 minus 1 minus 1 minus 1 minus 1 minus 1 minus 1 minus 1 minus 1 minus 1 minus 1 minus 1 minus 1 minus 1 minus 1 minus 1 minus 1 minus 1 minus 1 minus 1 minus 1 minus 1 minus 1 minus 1 minus 1 minus by d x will become minus k prime times f. So, I read",tools we choose f of x such that +minus i k prime f -2 i k f prime is equal to 0 so therefore +minus this cancels out so if i take this term on the right hand side so i will get k 2 k d f by d x this is this term is equal to -2 k d f by d x will become minus k prime times f so this term is equal to -one -one -one -one -one -one -one -one -one -one -one -one -one -one -one -one -one -one -one -one -one -one -one -one -one -one -one -one -one -one -one -one -one -one -one -one -one -one -one -one -one -one -one -one -one -one -one -one -one -one -one -one -one -one -one -one -one -one -one -one -one -one -one -one -one -one -one -one -one -one -one -one -one -one -one -one -one -one -one -one -one -one -one -one -one -one -one -one -one -one -one -one -one -one -one -one -one -one -one -one -one -one -one -one -one -one -one -one -one -one -one -one -one -one -one -one -one -one -one -one -one -one -one -one -one -one -one -one -one -one -one -one -one -one -one -one -one -one -one -one -one -one -one -one -one -one -one -one -one -one -one -one -one -one -one -one -one -one -one -one -one -one -one -one -one -one -one -one -one -one -one -one -one -one -one -one -one -one -one -one -one -one -one -one minus by d x will become minus k prime times f so i read,2.5823,3.2933,0.9487,3.4937
test,-2aOCNaOiLs,222,4.989,M,SLOW,SOUTH,Engineering,Conduction- Cylindrical and Spherical geometries,tiny_ft,whisper_norm,gold,considered in problem 45.,considered in problem 45,can see that in problem what if I let us do that.,can see that in problem what if i let us do that,2.5,1.375,0.5,3.0
test,E-r2EDS0uP4,226,29.75,M,SLOW,NORTH,Engineering,Lecture 3 Kinematics of machines,tiny_ft,whisper_norm,gold,"F which we have seen, 3 times n minus 1 minus 2 j. So F is 3 into 4 minus 2 into 5, which",f which we have seen 3 times n -one -2 j so f is 3 into 4 -2 into 5 which,"f which we have seen c times n minus 1 minus 2 j. Sorry, this is I made a mistake here, j 2 is 1, but j 2 is 2 j 2. So, this should be counted as 2 into 1 that is 2 and j is 5. So, f is c into 4 minus 2 into 5 which is 2",f which we have seen c times n -one -2 j sorry this is i made a mistake here j 2 is one but j 2 is 2 j 2 so this should be counted as 2 into one that is 2 and j is 5 so f is c into 4 -2 into 5 which is 2,1.8571,1.8082,0.9375,2.7619
test,Vpoi5W6a3lo,166,17.64,M,FAST,SOUTH,Non-Engineering,Distributions(contd),tiny_ft,whisper_norm,gold,"is when the original distribution is normal like we said this distribution of sample means is also normal. But, we also went through this central limit theorem where we said as long as you are aggregating is sufficiently large number of distributions the resulting distribution starts to look",is when the original distribution is normal like we said this distribution of sample means is also normal but we also went through this central limit theorem where we said as long as you are aggregating is sufficiently large number of distributions the resulting distribution starts to look,rate could be something like well two people that i have permanent okay so that is too and i want to ask the question what is the probability zero people will arrive over the next minute so i would say on average two people arrive at the bus stop k is that zero right so i will put it is a substitute k with zero,rate could be something like well 2 people that i have permanent okay so that is too and i want to ask the question what is the probability 0 people will arrive over the next minute so i would say on average 2 people arrive at the bus stop k is that 0 right so i will put it is a substitute k with 0,1.2917,0.8,0.1176,1.3542
test,4XulH3TfbT0,203,52.541,M,SLOW,EAST,Engineering,Surface Tension Driven Flows (Contd.),tiny_ft,whisper_norm,gold,"In short time, s is much much  00:52:22,059 so, 8 pi mu s ds/dt=pi r square H rho g okay. So, s ds/dt=R square H rho g/8 mu.",in short time s is much much 0 52 22059 so 8 pi mu s ds dt pi r square h rho g okay so s ds dt r square h rho g 8 mu,"in short time s is much much less than h. So, short time means s is much much less than h. So, the right hand side is approximately pi r square h rho g. So, 8 pi mu s d s d t is equal to pi r square H rho g. So, S d S d t is equal to r square H rho g by 8 mu.",in short time s is much much less than h so short time means s is much much less than h so the right hand side is approximately pi r square h rho g so 8 pi mu s d s d t is equal to pi r square h rho g so s d s d t is equal to r square h rho g by 8 mu,1.2286,1.2759,0.7143,1.9714
test,V-kLaH4139o,125,36.741,M,SLOW,EAST,Engineering,Time Signal and System(Contd...),tiny_ft,whisper_norm,gold,"Next question is, could it have been 1 to the power n and minus n to the power n? Let us see. Half of this, what is it give me? 1 then if I put n is equal to 0, n is equal to 0, 1. n is equal to 1, n is equal to 2; again 0, 1, so this will give me a series; 1, 0, 1,",next question is could it have been one to the power n and minus n to the power n let us see half of this what is it give me one then if i put n is equal to 0 n is equal to 0 one n is equal to one n is equal to 2 again 0 one so this will give me a series one 0 one,"to the power n and minus 1 to the power n. Let us see. How far this? What does it give me? 1. Then if I put n is equal to 0, n is equal to 0, 1, n is equal to 0, n is equal to 0, n is equal to 0, n is equal to 0, n is equal to 0, n is equal to 0, n is equal to 0, n is equal to 0, n is equal to 0, n is equal to 0, n is equal to 0, n is equal to 0, n is equal to 0, 1, n is equal to 1, n is equal to 2, again 0 again",to the power n and -one to the power n let us see how far this what does it give me one then if i put n is equal to 0 n is equal to 0 one n is equal to 0 n is equal to 0 n is equal to 0 n is equal to 0 n is equal to 0 n is equal to 0 n is equal to 0 n is equal to 0 n is equal to 0 n is equal to 0 n is equal to 0 n is equal to 0 n is equal to 0 one n is equal to one n is equal to 2 again 0 again,1.1739,0.9091,0.6571,1.6812
test,vf0S_1ZITuA,203,32.75,M,SLOW,EAST,Engineering,Fundamentals of Discretization: Finite Difference and Finite Volume Method,tiny_ft,whisper_norm,gold,"by 2. So, that it becomes 3 and divided by 2 yes. Now, whether it is plus or minus sign",by 2 so that it becomes 3 and divided by 2 yes now whether it is plus or minus sign,"x by so it is h square by so it was 3 factorial and that multiplied by 2. So, that it becomes 3. And divided by 2 yes.",x by so it is h square by so it was 3 factorial and that multiplied by 2 so that it becomes 3 and divided by 2 yes,1.1,0.988,0.6471,1.4
test,sCXbZp08jMA,49,24.12,M,FAST,SOUTH,Engineering,6 Soil Mechanics,tiny_ft,whisper_norm,gold,depth z is given by (N dash) into W by V) where Ws is equal to W by V. Unit weight of suspension after elapsing time td can be determined at depth z is (gamma z) is equal to [(gamma w) plus N dash (W by V) into (Gs minus 1) by Gs)]. From this rearranging,depth z is given by into w by v where ws is equal to w by v unit weight of suspension after elapsing time td can be determined at depth z is is equal to from this rearranging,"z is given by z is equal to n at the z is given by n dash into w by v where w is equal to w by v. So, unit weight of suspension after collapsing time t can be determined at z as gamma z is equal to gamma w in plus n dash w by v into g s minus 1 divided by g s. So, from this",z is given by z is equal to n at the z is given by n dash into w by v where w is equal to w by v so unit weight of suspension after collapsing time t can be determined at z as gamma z is equal to gamma w in plus n dash w by v into g s -one divided by g s so from this,1.0526,0.6954,0.8148,1.8158
test,RZQTTfU9TNA,284,29.08,M,FAST,SOUTH,Engineering,Encoders and Decoders,tiny_ft,whisper_norm,gold,"normally, this is a practical 3 to 8 decoder, I can give you the IC number if you want to this is 74138, it is not necessary to remember numbers. In fact I am not even sure it’s 128 or 138 but I think it’s 138.",normally this is a practical 3 to 8 decoder i can give you the ic number if you want to this is 74138 it is not necessary to remember numbers in fact i am not even sure it s 128 or 138 but i think it s 138,"1, this is a practical 3T code or actually I can give you the IC number if you want to it is 7 4 1 3 8. Does not matter do not have to remember numbers I do not remember numbers always because because in fact I am not even sure it is 1 2 8 or 1 3 8 I think it is 1 3 8 somebody has a book you can have a quick look at it anyway now",one this is a practical 3 t code or actually i can give you the ic number if you want to it is 7 4 one 3 8 does not matter do not have to remember numbers i do not remember numbers always because because in fact i am not even sure it is one 2 8 or one 3 8 i think it is one 3 8 somebody has a book you can have a quick look at it anyway now,1.0208,0.8732,0.7714,1.7083
test,kHeysMOk9h4,82,24.69,M,SLOW,NORTH,Engineering,Parallel Algorithm,tiny_ft,whisper_norm,gold,"n cross n, n plus 1 column is nothing but the b has been moved to n plus 1, that is You have A matrix and then you have B vector; instead of putting B here I have put B here",n cross n n +one column is nothing but the b has been moved to n +one that is you have a matrix and then you have b vector instead of putting b here i have put b here,in everybody to master problem generally we want to share memory model. The people are working nowadays on per commercial. Now the next problem is that we have to tell me how I can do it.,in everybody to master problem generally we want to share memory model the people are working nowadays on per commercial now the next problem is that we have to tell me how i can do it,0.9744,0.8193,0.2222,0.9231
test,qx86xQ6UKmU,70,15.29,M,FAST,SOUTH,Engineering,Adsorption,tiny_ft,whisper_norm,gold,of the same charge into the solution in a chemically equivalent amount. Once again I will explain. Ion exchange is defined as the process where an insoluble substance removes ions of positive or negative charge from an electrolytic solution and releases other ions of the same charge,of the same charge into the solution in a chemically equivalent amount once again i will explain ion exchange is defined as the process where an insoluble substance removes ions of positive or negative charge from an electrolytic solution and releases other ions of the same charge,"by what is the concentration of B and plus in the solution. So, r and minus B and plus, resin means activity of B and plus in the resin and B and plus 1, yes means activity of B and plus in the",by what is the concentration of b and plus in the solution so r and minus b and plus resin means activity of b and plus in the resin and b and +one yes means activity of b and plus in the,0.9574,0.7117,0.1667,0.8936
test,lnD212vbPSk,70,26.769,M,FAST,SOUTH,Engineering,Sludge Treatment(Continued),tiny_ft,whisper_norm,gold,We will see the advantages of this sludge draining beds for other dewatering processes. The cost involved is very very low for the sludge draining beds and infrequent attention is required because we can just go and dump the sludge on the sludge draining beds and it will automatically get dried because of evaporation and leaching,we will see the advantages of this sludge draining beds for other dewatering processes the cost involved is very very low for the sludge draining beds and infrequent attention is required because we can just go and dump the sludge on the sludge draining beds and it will automatically get dried because of evaporation and leaching,much higher compared to the somewhat and it is a labor intensive process as far as sludge removal is concerned because we are pumping the liquid sludge to the sludge drying buds once the sludge is dried how can we remove it? We have to remove the sludge from the sludge drying buds manually so it is a labor intensive process and,much higher compared to the somewhat and it is a labor intensive process as far as sludge removal is concerned because we are pumping the liquid sludge to the sludge drying buds once the sludge is dried how can we remove it we have to remove the sludge from the sludge drying buds manually so it is a labor intensive process and,0.9464,0.697,0.2571,1.1071
test,6CwSfoOR7-U,50,15.7,M,SLOW,EAST,Engineering,25,tiny_ft,whisper_norm,gold,"Therefore, if you look at the sway moments, they turn out to be equal toů.",therefore if you look at the sway moments they turn out to be equal tou,"So, therefore, if you look at the straight moments, if you look at the straight moments, data are now to be equal to m",so therefore if you look at the straight moments if you look at the straight moments data are now to be equal to m,0.9333,0.7324,0.6667,1.6
test,qBw8ZQrJeys,292,7.01,M,SLOW,SOUTH,Engineering,Level Testing,tiny_ft,whisper_norm,gold,"that is also saw it as an input may not be a functional requirements this is a dependent in the message, okay. So next for is performance requirements let try to understand what performance that ports the entire process of booting up till operational mode.",that is also saw it as an input may not be a functional requirements this is a dependent in the message okay so next for is performance requirements let try to understand what performance that ports the entire process of booting up till operational mode,"ability, this will continue in the next",ability this will continue in the next,0.9111,0.8775,0.1053,0.1556
test,l8kIWLWfbZ8,195,15.83,M,FAST,SOUTH,Engineering,- MESFET : Effects of channel length and gate length on IDS and gm,tiny_ft,whisper_norm,gold,it is not Vpo it is Vpo cylindrical is equal to q ND amplitude twice epsilon r epsilon,it is not vpo it is vpo cylindrical is equal to q nd amplitude twice epsilon r epsilon,in fact is not e p 0 it will be p 0 is a equal to v and the magnitude 5 epsilon r epsilon 0,in fact is not e p 0 it will be p 0 is a equal to v and the magnitude 5 epsilon r epsilon 0,0.8889,0.5,0.5385,1.3889
test,Zk7u1iDKhCc,175,26.921,M,SLOW,NORTH,Non-Engineering,Improper Integrals,tiny_ft,whisper_norm,gold,the range of the integration infinite; and second be the function is unbounded in the,the range of the integration infinite and 2nd be the function is unbounded in the,the range of the integration in finite range of integration in finite and second we there the function the function is unbounded unbounded in the range.,the range of the integration in finite range of integration in finite and 2nd we there the function the function is unbounded unbounded in the range,0.8667,0.8395,0.8333,1.7333
test,3vVJkvTsbXQ,88,25.36,M,SLOW,NORTH,Engineering,Open MP&PRAM Model of Computation,tiny_ft,whisper_norm,gold,not say assumption but it is an abstraction will talk about how it affect our analysis yes we one is the amount of resource how much memory i have how much local versus or shared,not say assumption but it is an abstraction will talk about how it affect our analysis yes we one is the amount of resource how much memory i have how much local versus or shared,"I want say assumption, but it is an abstraction. We will talk about how it affects our analysis. So, as many number of processes as you need, it is valid for a single processor to machine of even million dollars. Yes. Right. So, one is the amount of resources. How much memory I have, how much local versus auto shared.",i want say assumption but it is an abstraction we will talk about how it affects our analysis so as many number of processes as you need it is valid for a single processor to machine of even $1000000 yes right so one is the amount of resources how much memory i have how much local versus auto shared,0.8286,0.7135,0.8667,1.6857
test,bkzKVsIEjxk,175,38.81,M,SLOW,NORTH,Non-Engineering,Line Integral in the Complex,tiny_ft,whisper_norm,gold,"t. Hence integral of this real part of z square dz along path C is real part z square x square minus y square. So, x square minus y square dz by dt dt and t varies from 0 to 2 substitute the value x in y x is t, so 0 to 2 exist. So, t square and then dz by dt becomes one dt and that value will come out to be t cube by 3 and then 0 to 2. So, it is the 8 by 3.",t hence integral of this real part of z square dz along path c is real part z square x square minus y square so x square minus y square dz by dt dt and t varies from 0 to 2 substitute the value x in y x is t so 0 to 2 exist so t square and then dz by dt becomes one dt and that value will come out to be t cube by 3 and then 0 to 2 so it is the 8 by 3,"t. Hence, integral of this real part of z is equal to dz along past C is real part z is equal to z is equal to minus y square. So, x is square minus y square dz by d t d t and t varies from 0 to 2 substitute the value x and y x is t. So, it is 0 to 2 x is t. So, t square and then d z by d t is equal to 0 to 2 x is t. So, t square and then d z by d t, is a 0 to 2 x is t. So, t square and then dz by dt dz by dt becomes 1. So, it t and that value will come out to be t cube by 3 and then 0 to 2.",t hence integral of this real part of z is equal to dz along past c is real part z is equal to z is equal to minus y square so x is square minus y square dz by d t d t and t varies from 0 to 2 substitute the value x and y x is t so it is 0 to 2 x is t so t square and then d z by d t is equal to 0 to 2 x is t so t square and then d z by d t is a 0 to 2 x is t so t square and then dz by dt dz by dt becomes one so it t and that value will come out to be t cube by 3 and then 0 to 2,0.8,0.5185,0.907,1.5333
test,o3mpbZ_FRd0,195,5.34,M,SLOW,SOUTH,Engineering,Semiconductor and their Appl - 2,tiny_ft,whisper_norm,gold,This is what we are trying to point out.,this is what we are trying to point out,"So, that is what our time point is.",so that is what our time point is,0.7778,0.5128,0.3333,0.8889
test,V-kLaH4139o,125,36.741,M,SLOW,EAST,Engineering,Time Signal and System(Contd...),small_hf,whisper_norm,gold,"Next question is, could it have been 1 to the power n and minus n to the power n? Let us see. Half of this, what is it give me? 1 then if I put n is equal to 0, n is equal to 0, 1. n is equal to 1, n is equal to 2; again 0, 1, so this will give me a series; 1, 0, 1,",next question is could it have been one to the power n and minus n to the power n let us see half of this what is it give me one then if i put n is equal to 0 n is equal to 0 one n is equal to one n is equal to 2 again 0 one so this will give me a series one 0 one,"question is, could it have been 1 to the power n and minus 1 to the power n? Let us see, half of this, what does it give me? 1, then if I put n is equal to 0, n is equal to 0, 1, n is equal to 0, 1, n is equal to 0, 1, n is equal to 0, 1, n is equal to 0, 1, n is equal to 0, 1, n is equal to 0, 1, n is equal to 0, 1, n is equal to 0, 1, n is equal to 0, 1, n is equal to 0, 1, n is equal to 0, 1, n is equal to 0, 1, n is equal to 0, 1, n is equal to 0, 1, n is equal to 0, 1, n is equal to 0, 1, n is equal to 0, 1, n is equal to 0, 1, n is equal to 0, 1, n is equal to 0, 1, n is equal to 0, 1, n is equal to 0, 1, n is equal to 0, 1, n is equal to 0, 1, n is equal to 0, 1, n is equal to 0, 1, n is equal to 0, 1, n is equal to 0, 1, n is equal to 0, 1, n is equal to 0, 1, n is equal to 0, 1, n is equal to 0, 1, n is equal to 0, 1, n is equal to 0, 1, n is equal to 0, 1, n is equal to 0, 1, n is equal to 0, 1, n is equal to 0, 1, n is equal to 0, 1, n is equal to 0, 1, n is equal to 0, 1, n is equal to 0, 1, n is equal to 0, 1, n is equal to 0, 1, n is equal to 0, 1, n is equal to 0, 1, n is equal to 0, 1, n is equal to 0, 1, n is equal to 0, n is equal to 0, 1, n is equal to 1, n is equal to 2, again 0, again 0, again 0, again 0, again 0, again 0, again 0, again 0, again 0, again 0, again 0, again 0, again 0, again 0, again 0, again 0, again 0, again 0, again 0, again 0, again 0, again 0, again 0, again 0, again 0, again 0, again 0, again 0, again 0, again 0, again 0, again 0, again 0, again 0, again 0, again 0, again 0, again 0, again 0, again 0, again 0, again 0, again 0, again 0, again 0, again 0, again 0, again 0, again 0, again 0, again 0, again 0, again 0, again 0, again 0, again 0, again 0, again 0, again 0, again 0, again 0, again 0, again 0, again 0, again 0, again 0, again 0, again 0, again 0, again 0, again 0, again 0, again 0, again 0, again 0, again 0, again 0, again 0, again 0, again 0, again 0, again 0, again 0, again 0, again 0, again 0, again 0, again 0, again 0, again 0, again 0, again 0, again 0, again 0, again 0, again 0, again 0, again 0, again 0, again 0, again 0, again 0, again 0, again 0, again 0, again 0, again 0, again 0, again 0, again 0, again 0, again 0, again 0, again 0, again 0, again 0, again 0, again 0, again 0, again 0, again 0, again 0, again 0, again 0, again 0, again 0, again 0, again 0, again 0, again 0, again 0, again 0, again 0, again 0, again 0, again 0, again 0, again 0, again",question is could it have been one to the power n and -one to the power n let us see half of this what does it give me one then if i put n is equal to 0 n is equal to 0 one n is equal to 0 one n is equal to 0 one n is equal to 0 one n is equal to 0 one n is equal to 0 one n is equal to 0 one n is equal to 0 one n is equal to 0 one n is equal to 0 one n is equal to 0 one n is equal to 0 one n is equal to 0 one n is equal to 0 one n is equal to 0 one n is equal to 0 one n is equal to 0 one n is equal to 0 one n is equal to 0 one n is equal to 0 one n is equal to 0 one n is equal to 0 one n is equal to 0 one n is equal to 0 one n is equal to 0 one n is equal to 0 one n is equal to 0 one n is equal to 0 one n is equal to 0 one n is equal to 0 one n is equal to 0 one n is equal to 0 one n is equal to 0 one n is equal to 0 one n is equal to 0 one n is equal to 0 one n is equal to 0 one n is equal to 0 one n is equal to 0 one n is equal to 0 one n is equal to 0 one n is equal to 0 one n is equal to 0 one n is equal to 0 one n is equal to 0 one n is equal to 0 one n is equal to 0 one n is equal to 0 one n is equal to 0 one n is equal to 0 n is equal to 0 one n is equal to one n is equal to 2 again 0 again 0 again 0 again 0 again 0 again 0 again 0 again 0 again 0 again 0 again 0 again 0 again 0 again 0 again 0 again 0 again 0 again 0 again 0 again 0 again 0 again 0 again 0 again 0 again 0 again 0 again 0 again 0 again 0 again 0 again 0 again 0 again 0 again 0 again 0 again 0 again 0 again 0 again 0 again 0 again 0 again 0 again 0 again 0 again 0 again 0 again 0 again 0 again 0 again 0 again 0 again 0 again 0 again 0 again 0 again 0 again 0 again 0 again 0 again 0 again 0 again 0 again 0 again 0 again 0 again 0 again 0 again 0 again 0 again 0 again 0 again 0 again 0 again 0 again 0 again 0 again 0 again 0 again 0 again 0 again 0 again 0 again 0 again 0 again 0 again 0 again 0 again 0 again 0 again 0 again 0 again 0 again 0 again 0 again 0 again 0 again 0 again 0 again 0 again 0 again 0 again 0 again 0 again 0 again 0 again 0 again 0 again 0 again 0 again 0 again 0 again 0 again 0 again 0 again 0 again 0 again 0 again 0 again 0 again 0 again 0 again 0 again 0 again 0 again 0 again 0 again 0 again 0 again 0 again 0 again 0 again 0 again 0 again 0 again 0 again 0 again 0 again 0 again,8.3478,7.8636,0.8286,9.1304
test,rbE6EuQLZbY,189,49.48,M,AVG,SOUTH,Non-Engineering,Removable Singularities,small_hf,whisper_norm,gold,"So, I will first define a removal similarity. If function f is said to be, is said to have a removable similarity at a point a, if f is analytic in B prime a r for some r positive. And if there is a function there is an analytic function  g on the whole of B a r which means it it",so i will 1st define a removal similarity if function f is said to be is said to have a removable similarity at a point a if f is analytic in b prime a r for some r +and if there is a function there is an analytic function g on the whole of b a r which means it it,"So, I will first define a removable singularity, f function f is said to be, is said to have a removable singularity at a point a, if f is analytic, f is analytic, f is analytic, f is analytic, f is analytic, f is analytic, f is analytic, f is analytic, f is analytic, f is analytic, f is analytic, f is analytic, f is analytic, f is analytic, f is analytic, f is analytic, f is analytic, f is analytic, f is analytic, f is analytic, f is analytic, f is analytic, f is analytic, f is analytic, f is analytic, f is analytic, f is analytic, f is analytic, f is analytic, f is analytic, f is analytic, f is analytic, f is analytic, f is analytic, f is analytic, f is analytic, f is analytic, f is analytic, f is analytic, f is analytic, f is analytic, f is analytic, f is analytic, f is analytic, f is analytic, f is analytic, f is analytic, f is analytic, f is analytic, f is analytic, f is analytic, f is analytic, f is analytic, f is analytic, f is analytic, f is analytic, f is analytic, f is analytic, f is analytic, f is analytic, f is analytic, f is analytic, f is analytic, f is analytic, f is analytic, f is analytic, f is analytic, f is analytic, f is analytic, f is analytic, f is analytic, f is analytic, f is analytic, f is analytic, f is analytic, f is analytic, f is analytic, f is analytic, f is analytic, f is analytic, f is analytic, f is analytic, f is analytic, f is analytic, f is analytic, f is analytic, f is analytic, f is analytic, f is analytic, f is analytic, f is analytic, f is analytic, f is analytic, f is analytic, f is analytic, f is analytic, f is analytic, f is analytic, f is analytic, f is analytic, f is analytic, f is analytic, f is analytic in B prime A R for some R positive and if there is a function, there is an analytic function,",so i will 1st define a removable singularity f function f is said to be is said to have a removable singularity at a point a if f is analytic f is analytic f is analytic f is analytic f is analytic f is analytic f is analytic f is analytic f is analytic f is analytic f is analytic f is analytic f is analytic f is analytic f is analytic f is analytic f is analytic f is analytic f is analytic f is analytic f is analytic f is analytic f is analytic f is analytic f is analytic f is analytic f is analytic f is analytic f is analytic f is analytic f is analytic f is analytic f is analytic f is analytic f is analytic f is analytic f is analytic f is analytic f is analytic f is analytic f is analytic f is analytic f is analytic f is analytic f is analytic f is analytic f is analytic f is analytic f is analytic f is analytic f is analytic f is analytic f is analytic f is analytic f is analytic f is analytic f is analytic f is analytic f is analytic f is analytic f is analytic f is analytic f is analytic f is analytic f is analytic f is analytic f is analytic f is analytic f is analytic f is analytic f is analytic f is analytic f is analytic f is analytic f is analytic f is analytic f is analytic f is analytic f is analytic f is analytic f is analytic f is analytic f is analytic f is analytic f is analytic f is analytic f is analytic f is analytic f is analytic f is analytic f is analytic f is analytic f is analytic f is analytic f is analytic f is analytic f is analytic f is analytic f is analytic f is analytic f is analytic f is analytic f is analytic in b prime a r for some r +and if there is a function there is an analytic function,5.2787,5.4356,0.7297,5.8197
test,JmyxDMTpQ4o,302,33.389,M,SLOW,WEST,Engineering,Vector Quantization,small_hf,whisper_norm,gold,"vectors given by C 1 0 equal to 1 plus epsilon C 1 start and C 2 0 equal to 1 minus epsilon C 1 start. For our discussion we will read this quantities as C i 0 C i star or C N plus i 0. Now, we have two initial code vectors in this code book therefore, a size of the code book has increased to 2. So, N is equal to 2. Now,",vectors given by c one 0 equal to one plus epsilon c one start and c 2 0 equal to one minus epsilon c one start for our discussion we will read this quantities as c i 0 c i star or c n plus i 0 now we have 2 initial code vectors in this code book therefore a size of the code book has increased to 2 so n is equal to 2 now,"given by c 1 0 equal to 1 plus epsilon c 1 star and c 2 0 equal to 1 minus epsilon c 1 star. For our discussion, we will read this quantities as c i 0 c i star or c n plus i 0. Now, we have two initial code vectors in this code book. Therefore, the size of the code book has increased to 2. So, n is equal to 2. So, n is equal to 2. So, n is equal to 2. So, n is equal to 2. So, n is equal to 2. So, n is equal to 2. So, n is equal to 2. So, n is equal to 2. So, n is equal to 2. So, n is equal to 2. So, n is equal to 2. So, n is equal to 2. So, n is equal to 2. So, n is equal to 2. So, n is equal to 2. So, n is equal to 2. So, n is equal to 2. So, n is equal to 2. So, n is equal to 2. So, n is equal to 2. So, n is equal to 2. So, n is equal to 2. So, n is equal to 2. So, n is equal to 2. So, n is equal to 2. So, n is equal to 2. So, n is equal to 2. So, n is equal to 2. So, n is equal to 2. So, n is equal to 2. So, n is equal to 2. So, n is equal to 2. So, n is equal to 2. So, n is equal to 2. So, n is equal to 2. So, n is equal to 2. So, n is equal to 2. So, n is equal to 2. So, n is equal to 2. So, n is equal to 2. So, n is equal to 2. So, n is equal to 2. So, n is equal to 2. So, n is equal to 2. So, n is equal to 2. So, n is equal to 2. So, n is equal to 2. So, n is equal to 2. So, n is equal to 2. So, n is equal to 2. So, n is equal to 2. So, n is equal to 2. So,",given by c one 0 equal to one plus epsilon c one star and c 2 0 equal to one minus epsilon c one star for our discussion we will read this quantities as c i 0 c i star or c n plus i 0 now we have 2 initial code vectors in this code book therefore the size of the code book has increased to 2 so n is equal to 2 so n is equal to 2 so n is equal to 2 so n is equal to 2 so n is equal to 2 so n is equal to 2 so n is equal to 2 so n is equal to 2 so n is equal to 2 so n is equal to 2 so n is equal to 2 so n is equal to 2 so n is equal to 2 so n is equal to 2 so n is equal to 2 so n is equal to 2 so n is equal to 2 so n is equal to 2 so n is equal to 2 so n is equal to 2 so n is equal to 2 so n is equal to 2 so n is equal to 2 so n is equal to 2 so n is equal to 2 so n is equal to 2 so n is equal to 2 so n is equal to 2 so n is equal to 2 so n is equal to 2 so n is equal to 2 so n is equal to 2 so n is equal to 2 so n is equal to 2 so n is equal to 2 so n is equal to 2 so n is equal to 2 so n is equal to 2 so n is equal to 2 so n is equal to 2 so n is equal to 2 so n is equal to 2 so n is equal to 2 so n is equal to 2 so n is equal to 2 so n is equal to 2 so n is equal to 2 so n is equal to 2 so n is equal to 2 so n is equal to 2 so n is equal to 2 so n is equal to 2 so,4.0921,3.0497,0.9524,5.0132
test,zk1lXf7Ceiw,176,1.0,M,SLOW,SOUTH,Non-Engineering,Higher Order BVPs,small_hf,whisper_norm,gold,..,.,can be written as.,can be written as,4.0,17.0,0.0,4.0
test,RbuSM2lRW_o,187,33.69,F,AVG,WEST,Non-Engineering,Tutorial 2,small_hf,whisper_norm,gold,functions f x is equal to 1 f x is equal to x and f x is equal to x square then there will not be any error for a general quadratic polynomial of the form a 0 plus a 1 x plus a 2 x square now when we take these 3 functions f x is equal to 1 f x is equal to x and f x is equal to x square we will get 3 equations in 3 unknowns a 0 a 1 a 2 and then we determine,functions f x is equal to one f x is equal to x and f x is equal to x square then there will not be any error for a general quadratic polynomial of the form a 0 plus a one x plus a 2 x square now when we take these 3 functions f x is equal to one f x is equal to x and f x is equal to x square we will get 3 equations in 3 unknowns a 0 a one a 2 and then we determine,"x square, then there will not be any error for a general quadratic polynomial of the form a 0 plus a 1 x plus a 2 x square. Now, when we take these three functions f x is equal to 1, f x is equal to x and f x is equal to x square, we will get three equations in three unknowns a 0, a 1, a 2, a 3, a 4, a 5, a 6, a 7, a 7, a 7, a 7, a 7, a 7, a 7, a 7, a 7, a 7, a 7, a 7, a 7, a 7, a 7, a 7, a 7, a 7, a 7, a 7, a 7, a 7, a 7, a 7, a 7, a 7, a 7, a 7, a 7, a 7, a 7, a 7, a 7, a 7, a 7, a 7, a 7, a 7, a 7, a 7, a 7, a 7, a 7, a 7, a 7, a 7, a 7, a 7, a 7, a 7, a 7, a 7, a 7, a 7, a 7, a 7, a 7, a 7, a 7, a 7, a 7, a 7, a 7, a 7, a 7, a 7, a 7, a 7, a 7, a 7, a 7, a 7, a 7, a 7, a 7, a 7, a 7, a 7, a 7, a 7, a 7, a 7, a 7, a 7, a 7, a 7, a 7, a 7, a 7, a 7, a 7, a 7, a 7, a 7, a 7, a 7, a 7, a 7, a 7, a 7, a 7, a 7, a 7, a 7, a 7, a 7, a 7, a 7, a 7, a 7, a 7, a 7, a 7, a 7, a 7, a 7, a 7, a 7, a 7, a 7, a 7, a 7, a 7, a 7, a 7, a 7, a 7, a 7, a",x square then there will not be any error for a general quadratic polynomial of the form a 0 plus a one x plus a 2 x square now when we take these 3 functions f x is equal to one f x is equal to x and f x is equal to x square we will get 3 equations in 3 unknowns a 0 a one a 2 a 3 a 4 a 5 a 6 a 7 a 7 a 7 a 7 a 7 a 7 a 7 a 7 a 7 a 7 a 7 a 7 a 7 a 7 a 7 a 7 a 7 a 7 a 7 a 7 a 7 a 7 a 7 a 7 a 7 a 7 a 7 a 7 a 7 a 7 a 7 a 7 a 7 a 7 a 7 a 7 a 7 a 7 a 7 a 7 a 7 a 7 a 7 a 7 a 7 a 7 a 7 a 7 a 7 a 7 a 7 a 7 a 7 a 7 a 7 a 7 a 7 a 7 a 7 a 7 a 7 a 7 a 7 a 7 a 7 a 7 a 7 a 7 a 7 a 7 a 7 a 7 a 7 a 7 a 7 a 7 a 7 a 7 a 7 a 7 a 7 a 7 a 7 a 7 a 7 a 7 a 7 a 7 a 7 a 7 a 7 a 7 a 7 a 7 a 7 a 7 a 7 a 7 a 7 a 7 a 7 a 7 a 7 a 7 a 7 a 7 a 7 a 7 a 7 a 7 a 7 a 7 a 7 a 7 a 7 a 7 a 7 a 7 a 7 a 7 a 7 a 7 a 7 a 7 a 7 a 7 a 7 a 7 a,3.087,1.6158,0.9737,3.6304
test,ifQZgKgZoOQ,125,53.801,M,SLOW,EAST,Engineering,30 Tutorial (Contd.),small_hf,whisper_norm,gold,"minus 2 minus 1 minus 2 minus 1 then 1, 2, 3 up to n minus 2 and that will give me plus n into see I get minus 1, minus 2, n minus 2, so factorial n divided by factorial n minus 2 into factorial 2, A 3 and what is this you can identify this as nc 2, A 3 similarly will be factorial n divided by minus 3, minus 2, minus 1 then 1, 2, 3 up to n minus 3. So I",-2 -one -2 -one then one 2 3 up to n -2 and that will give me plus n into see i get -one -2 n -2 so factorial n divided by factorial n -2 into factorial 2 a 3 and what is this you can identify this as nc 2 a 3 similarly will be factorial n divided by -3 -2 -one then one 2 3 up to n -3 so i,"minus 1, minus 2, minus 1, then 1, 2, 3 up to n minus 2 and that will give me plus n into, see I get minus 1, minus 2, n minus 2. So, factorial n divided by minus 1, minus 2, minus 1, minus 2, minus 1, minus 2, minus 1, minus 2, minus 1, minus 1, minus 1, minus 2, minus 1, minus 1, minus 1, minus 1, minus 1, minus 1, minus 1, minus 1, minus 1, minus 1, minus 1, minus 1, minus 1, minus 1, minus 1, minus 1, minus 1, minus 1, minus 1, minus 1, minus 1, minus 1, minus 1, minus 1, minus 1, minus 1, minus 1, minus 1, minus 1, minus 1, minus 1, minus 1, minus 1, minus 1, minus 1, minus 1, minus 1, minus 1, minus 1, minus 1, minus 1, minus 1, minus 1, minus 1, minus 1, minus 1, minus 1, minus 1, minus 1, minus 1, minus 1, minus 1, minus 1, minus 1, minus 1, minus 1, minus 1, minus 1, minus 1, minus 1, minus 1, minus 1, minus 1, minus 1, minus 1, minus 1, minus 1, minus 1, minus 1, minus 1, minus 1, minus 1, minus 1, minus 1, minus 1, minus 1, minus 1, minus 1, minus 1, minus 1, minus 1, minus 1, minus 1, minus 1, minus 1, minus 1, minus 1, minus 1, minus 1, minus 1, minus 1, minus 1, minus 1, minus 1, minus 1, minus 1, minus 1, minus 1, minus 1, minus 1, minus 1, minus 1, minus 1, minus 1, minus 1, minus 1, minus 1, minus 1, minus 1, minus 1, minus 1, minus 1, minus 1, minus 1, minus 1, minus 1, minus 1, minus 1, minus 1, minus 2, so factorial n divided by factorial n minus 2 into factorial 2, a 3 and what is this? You can identify this as n c 2, a 3 similarly will be factorial N divided by minus 3, minus 2, minus 1.",-one -2 -one then one 2 3 up to n -2 and that will give me plus n into see i get -one -2 n -2 so factorial n divided by -one -2 -one -2 -one -2 -one -2 -one -one -one -2 -one -one -one -one -one -one -one -one -one -one -one -one -one -one -one -one -one -one -one -one -one -one -one -one -one -one -one -one -one -one -one -one -one -one -one -one -one -one -one -one -one -one -one -one -one -one -one -one -one -one -one -one -one -one -one -one -one -one -one -one -one -one -one -one -one -one -one -one -one -one -one -one -one -one -one -one -one -one -one -one -one -one -one -one -one -one -one -one -one -one -one -one -one -one -one -one -one -one -one -one -one -one -one -one -one -one -one -one -one -one -one -one -one -one -one -one -one -one -one -2 so factorial n divided by factorial n -2 into factorial 2 a 3 and what is this you can identify this as n c 2 a 3 similarly will be factorial n divided by -3 -2 -one,2.0548,2.4379,0.9714,2.7397
test,E-r2EDS0uP4,226,29.75,M,SLOW,NORTH,Engineering,Lecture 3 Kinematics of machines,small_hf,whisper_norm,gold,"F which we have seen, 3 times n minus 1 minus 2 j. So F is 3 into 4 minus 2 into 5, which",f which we have seen 3 times n -one -2 j so f is 3 into 4 -2 into 5 which,"f which we have seen c times n minus 1 minus 2 j sorry this is I made a mistake here j 2 is 1, but j 2 is 2 j 2. So, this should be counted as 2 into 1 that is 2 and j is 5. So, f is c into 4 minus 2 into 5 which is 2.",f which we have seen c times n -one -2 j sorry this is i made a mistake here j 2 is one but j 2 is 2 j 2 so this should be counted as 2 into one that is 2 and j is 5 so f is c into 4 -2 into 5 which is 2,1.8571,1.8082,0.9375,2.7619
test,Vpoi5W6a3lo,166,17.64,M,FAST,SOUTH,Non-Engineering,Distributions(contd),small_hf,whisper_norm,gold,"is when the original distribution is normal like we said this distribution of sample means is also normal. But, we also went through this central limit theorem where we said as long as you are aggregating is sufficiently large number of distributions the resulting distribution starts to look",is when the original distribution is normal like we said this distribution of sample means is also normal but we also went through this central limit theorem where we said as long as you are aggregating is sufficiently large number of distributions the resulting distribution starts to look,rate could be something like well two people arrive per minute. Okay so that's two and I want to ask the question what is the probability zero people will arrive over the next minute. So I'd say on average two people arrive at the bus stop K is that zero right so I'll put I'll substitute K with zero,rate could be something like well 2 people arrive per minute okay so that is 2 and i want to ask the question what is the probability 0 people will arrive over the next minute so i would say on average 2 people arrive at the bus stop k is that 0 right so i will put i will substitute k with 0,1.25,0.7862,0.1176,1.3125
test,vf0S_1ZITuA,203,32.75,M,SLOW,EAST,Engineering,Fundamentals of Discretization: Finite Difference and Finite Volume Method,small_hf,whisper_norm,gold,"by 2. So, that it becomes 3 and divided by 2 yes. Now, whether it is plus or minus sign",by 2 so that it becomes 3 and divided by 2 yes now whether it is plus or minus sign,"by, so it is h square by, so it was 3 factorial and that multiplied by 2. So, that it becomes 3 and divided by 2. And divided by 2, yes.",by so it is h square by so it was 3 factorial and that multiplied by 2 so that it becomes 3 and divided by 2 and divided by 2 yes,1.2,1.1084,0.6471,1.55
test,RZQTTfU9TNA,284,29.08,M,FAST,SOUTH,Engineering,Encoders and Decoders,small_hf,whisper_norm,gold,"normally, this is a practical 3 to 8 decoder, I can give you the IC number if you want to this is 74138, it is not necessary to remember numbers. In fact I am not even sure it’s 128 or 138 but I think it’s 138.",normally this is a practical 3 to 8 decoder i can give you the ic number if you want to this is 74138 it is not necessary to remember numbers in fact i am not even sure it s 128 or 138 but i think it s 138,"This is a practical 3 to 8 decoder. Actually, I can give you the IC number if you want to. It is 7, 4, 1, 3, 8. It does not matter. Do not have to remember numbers. I do not remember numbers. You can always look up the data. In fact, I am not even sure if it is 1, 2, 8 or 1, 3, 8. I think it is 1, 3, 8. If somebody has a book, you can have a quick look at it. Anyway, now,",this is a practical 3 to 8 decoder actually i can give you the ic number if you want to it is 7 4 one 3 8 it does not matter do not have to remember numbers i do not remember numbers you can always look up the data in fact i am not even sure if it is one 2 8 or one 3 8 i think it is one 3 8 if somebody has a book you can have a quick look at it anyway now,1.0833,0.9317,0.8,1.8333
test,4XulH3TfbT0,203,52.541,M,SLOW,EAST,Engineering,Surface Tension Driven Flows (Contd.),small_hf,whisper_norm,gold,"In short time, s is much much  00:52:22,059 so, 8 pi mu s ds/dt=pi r square H rho g okay. So, s ds/dt=R square H rho g/8 mu.",in short time s is much much 0 52 22059 so 8 pi mu s ds dt pi r square h rho g okay so s ds dt r square h rho g 8 mu,"in short time s is much much much less than h. So short time means s is much much less than h. So the right hand side is approximately pi r square h rho g. So 8 pi mu s ds dt is equal to pi r square h rho g. So, s ds dt is equal to r square h rho g by 8 mu.",in short time s is much much much less than h so short time means s is much much less than h so the right hand side is approximately pi r square h rho g so 8 pi mu s ds dt is equal to pi r square h rho g so s ds dt is equal to r square h rho g by 8 mu,1.0286,1.2759,0.8095,1.8857
test,-2aOCNaOiLs,222,4.989,M,SLOW,SOUTH,Engineering,Conduction- Cylindrical and Spherical geometries,small_hf,whisper_norm,gold,considered in problem 45.,considered in problem 45,considered in problem 45. Let us do that.,considered in problem 45 let us do that,1.0,0.625,1.0,2.0
test,lnD212vbPSk,70,26.769,M,FAST,SOUTH,Engineering,Sludge Treatment(Continued),small_hf,whisper_norm,gold,We will see the advantages of this sludge draining beds for other dewatering processes. The cost involved is very very low for the sludge draining beds and infrequent attention is required because we can just go and dump the sludge on the sludge draining beds and it will automatically get dried because of evaporation and leaching,we will see the advantages of this sludge draining beds for other dewatering processes the cost involved is very very low for the sludge draining beds and infrequent attention is required because we can just go and dump the sludge on the sludge draining beds and it will automatically get dried because of evaporation and leaching,"much higher compared to the summer. And it is a labor intensive sludge process as far as sludge removal is concerned, because we are pumping the liquid sludge to the sludge trying birds, once the sludge is tried, how can we remove it? We have to remove the sludge from the sludge trying bird manually. So, it is a labor intensive process.",much higher compared to the summer and it is a labor intensive sludge process as far as sludge removal is concerned because we are pumping the liquid sludge to the sludge trying birds once the sludge is tried how can we remove it we have to remove the sludge from the sludge trying bird manually so it is a labor intensive process,0.9821,0.7091,0.2286,1.1071
test,qx86xQ6UKmU,70,15.29,M,FAST,SOUTH,Engineering,Adsorption,small_hf,whisper_norm,gold,of the same charge into the solution in a chemically equivalent amount. Once again I will explain. Ion exchange is defined as the process where an insoluble substance removes ions of positive or negative charge from an electrolytic solution and releases other ions of the same charge,of the same charge into the solution in a chemically equivalent amount once again i will explain ion exchange is defined as the process where an insoluble substance removes ions of positive or negative charge from an electrolytic solution and releases other ions of the same charge,"by what is the concentration of B n plus in the solution. So, R n minus B n plus resin means activity of B n plus in the resin and B n plus 1 S means activity of B n plus in the solution.",by what is the concentration of b n plus in the solution so r n minus b n plus resin means activity of b n plus in the resin and b n plus ones means activity of b n plus in the solution,0.9574,0.7117,0.1667,0.9149
test,3vVJkvTsbXQ,88,25.36,M,SLOW,NORTH,Engineering,Open MP&PRAM Model of Computation,small_hf,whisper_norm,gold,not say assumption but it is an abstraction will talk about how it affect our analysis yes we one is the amount of resource how much memory i have how much local versus or shared,not say assumption but it is an abstraction will talk about how it affect our analysis yes we one is the amount of resource how much memory i have how much local versus or shared,"I won't say assumption, but it is an abstraction. We will talk about how it affects our analysis. Sir, as many number of processors as you need, which means it is valid for a single processor to machine of even millions of processors. Yes. Right. So, one is the amount of resources, how much memory I have, how much local versus auto shared.",i will not say assumption but it is an abstraction we will talk about how it affects our analysis sir as many number of processors as you need which means it is valid for a single processor to machine of even 1000000s of processors yes right so one is the amount of resources how much memory i have how much local versus auto shared,0.9429,0.8764,0.9,1.8286
test,kHeysMOk9h4,82,24.69,M,SLOW,NORTH,Engineering,Parallel Algorithm,small_hf,whisper_norm,gold,"n cross n, n plus 1 column is nothing but the b has been moved to n plus 1, that is You have A matrix and then you have B vector; instead of putting B here I have put B here",n cross n n +one column is nothing but the b has been moved to n +one that is you have a matrix and then you have b vector instead of putting b here i have put b here,"problem generally we work on shared memory model, but people are working nowadays on class connections. Now, the next problem is that we have to tell me how I can do it.",problem generally we work on shared memory model but people are working nowadays on class connections now the next problem is that we have to tell me how i can do it,0.9231,0.7831,0.2593,0.8205
test,qBw8ZQrJeys,292,7.01,M,SLOW,SOUTH,Engineering,Level Testing,small_hf,whisper_norm,gold,"that is also saw it as an input may not be a functional requirements this is a dependent in the message, okay. So next for is performance requirements let try to understand what performance that ports the entire process of booting up till operational mode.",that is also saw it as an input may not be a functional requirements this is a dependent in the message okay so next for is performance requirements let try to understand what performance that ports the entire process of booting up till operational mode,This will continue in the next,this will continue in the next,0.9111,0.8933,0.1053,0.1333
test,6CwSfoOR7-U,50,15.7,M,SLOW,EAST,Engineering,25,small_hf,whisper_norm,gold,"Therefore, if you look at the sway moments, they turn out to be equal toů.",therefore if you look at the sway moments they turn out to be equal tou,"So, this 4 therefore, if you look at the sway moments, if you look at the sway moments they turn out to be equal to m",so this 4 therefore if you look at the sway moments if you look at the sway moments they turn out to be equal to m,0.8,0.6197,0.9333,1.7333
test,wGFFxY1gxSU,186,53.18,M,SLOW,EAST,Non-Engineering,Optimization,small_hf,whisper_norm,gold,"So, it is sometime called elliptic norm, now it is here a home work to prove that this satisfies this thing satisfies all definitions of the norm. So, consider this as your second home work today. Now, I can say that x and y are perpendicular with respect to H if x H y 0 that is in this particular known it is 0 in this particular set of inner product.",so it is sometime called elliptic norm now it is here a home work to prove that this satisfies this thing satisfies all definitions of the norm so consider this as your 2nd home work today now i can say that x and y are perpendicular with respect to h if x h y 0 that is in this particular known it is 0 in this particular set of inner product,"called the elliptic norm. Now, it is h y is 0 that is in this particular norm it is 0, in this particular set of, in this particular",called the elliptic norm now it is h y is 0 that is in this particular norm it is 0 in this particular set of in this particular,0.7324,0.688,0.3478,0.3944
test,sCXbZp08jMA,49,24.12,M,FAST,SOUTH,Engineering,6 Soil Mechanics,small_hf,whisper_norm,gold,depth z is given by (N dash) into W by V) where Ws is equal to W by V. Unit weight of suspension after elapsing time td can be determined at depth z is (gamma z) is equal to [(gamma w) plus N dash (W by V) into (Gs minus 1) by Gs)]. From this rearranging,depth z is given by into w by v where ws is equal to w by v unit weight of suspension after elapsing time td can be determined at depth z is is equal to from this rearranging,at depth z is given by n dash into W by v where Ws is equal to W by v. So unit weight of the suspension after elapsing time t can be determined at depth z as gamma z is equal to gamma w in plus n dash W by v into gs minus 1 divided by gs. So from this,at depth z is given by n dash into w by v where ws is equal to w by v so unit weight of the suspension after elapsing time t can be determined at depth z as gamma z is equal to gamma w in plus n dash w by v into gs -one divided by gs so from this,0.6842,0.4943,0.9259,1.5789
test,YOi4ONq4Zsk,125,37.18,M,SLOW,EAST,Engineering,of Difference Equation,small_ft,whisper_norm,gold,"be 1. What will be y 1? 0.8, it will be now y 0 which is 1 plus x at 1 is 0, so that will be 0.8. What will be y at 2? It will be 0.8 into again 0.8 plus 0. So, 0.64, so it will continue to give you output which will be gradually diminishing in magnitude but it",be one what will be y one 0.8 it will be now y 0 which is one plus x at one is 0 so that will be 0.8 what will be y at 2 it will be 0.8 into again 0.8 +0 so 0.64 so it will continue to give you output which will be gradually diminishing in magnitude but it,"be 1. What will be y 1, 0.8 it will be now y 0 which is 1 plus x at 1 is 0. So that will be 0.8. What will be y at 2, it will be 0.8 into again 0.8 plus 0, 0.64. So if you will continue to give you output, 0.6 into again 0.6 into again 0.6 into again 0.6 into again 0.6 into again 0.6 into again 0.6 into again 0.6 into again 0.6 into again 0.6 into again 0.6 into again 0.6 into again 0.6 into again 0.6 into again 0.6 into again 0.6 into again 0.6 into again 0.6 into again 0.6 into again 0.6 into again 0.6 into again 0.6 into again 0.6 into again 0.6 into again 0.6 into again 0.6 into again 0.6 into again 0.6 into again 0.6 into again 0.6 into again 0.6 into again 0.6 into again 0.6 into again 0.6 into again 0.6 into again 0.6 into again 0.6 into again 0.6 into again 0.6 into again 0.6 into again 0.6 into again 0.6 into again 0.6 into again 0.6 into again 0.6 into again 0.6 into again 0.6 into again 0.6 into again 0.6 into again 0.6 into again 0.6 into again 0.6 into again 0.6 into again 0.6 into again 0.6 into again 0.6 into again 0.6 into again 0.6 into again 0.6 into again 0.6 into again 0.6 into again 0.6 into again 0.6 into again 0.6 into again 0.6 into again 0.6 into again 0.6 into again 0.6 into again 0.6 into again 0.6 into again 0.6 into again 0.6 into again 0.6 into again 0.6 into again 0.6 into again 0.6 into again 0.6 into again 0.6 into again 0.6 into again 0.6 into again 0.6 into again 0.6 into again 0.6 into again",be one what will be y one 0.8 it will be now y 0 which is one plus x at one is 0 so that will be 0.8 what will be y at 2 it will be 0.8 into again 0.8 +0 0.64 so if you will continue to give you output 0.6 into again 0.6 into again 0.6 into again 0.6 into again 0.6 into again 0.6 into again 0.6 into again 0.6 into again 0.6 into again 0.6 into again 0.6 into again 0.6 into again 0.6 into again 0.6 into again 0.6 into again 0.6 into again 0.6 into again 0.6 into again 0.6 into again 0.6 into again 0.6 into again 0.6 into again 0.6 into again 0.6 into again 0.6 into again 0.6 into again 0.6 into again 0.6 into again 0.6 into again 0.6 into again 0.6 into again 0.6 into again 0.6 into again 0.6 into again 0.6 into again 0.6 into again 0.6 into again 0.6 into again 0.6 into again 0.6 into again 0.6 into again 0.6 into again 0.6 into again 0.6 into again 0.6 into again 0.6 into again 0.6 into again 0.6 into again 0.6 into again 0.6 into again 0.6 into again 0.6 into again 0.6 into again 0.6 into again 0.6 into again 0.6 into again 0.6 into again 0.6 into again 0.6 into again 0.6 into again 0.6 into again 0.6 into again 0.6 into again 0.6 into again 0.6 into again 0.6 into again 0.6 into again 0.6 into again 0.6 into again 0.6 into again 0.6 into again 0.6 into again 0.6 into again 0.6 into again 0.6 into again 0.6 into again 0.6 into again 0.6 into again 0.6 into again 0.6 into again 0.6 into again 0.6 into again 0.6 into again,4.1311,4.7734,0.8387,4.9344
test,zk1lXf7Ceiw,176,1.0,M,SLOW,SOUTH,Non-Engineering,Higher Order BVPs,small_ft,whisper_norm,gold,..,.,can be written as.,can be written as,4.0,17.0,0.0,4.0
test,jtMZfLViZu8,224,37.02,M,SLOW,NORTH,Engineering,Lecture 1 Finite Element Method,small_ft,whisper_norm,gold,"thetayi, and wi at each of these 4 nodes which have coordinates xi tau, yi tau in this expanded form. How many values we have? We have 12 values; it is a twelfth order, there are terms in this expression. We can write it as, this whole thing wi, w1 thetay1, thetax1, then w2, thetay2, thetax2 up to all the way down to w4, thetay4, thetax4 this is equal to this",thetayi and wi at each of these 4 nodes which have coordinates xi tau yi tau in this expanded form how many values we have we have 12 values it is a 12th order there are terms in this expression we can write it as this whole thing wi w one thetay one thetax one then w 2 thetay 2 thetax 2 up to all the way down to w 4 thetay 4 thetax 4 this is equal to this,"x i, theta y i and w i at each of these four nodes which have coordinates x i tau y i tau in this expanded form. How many values now we have? We have 12 values, there are 12 terms in this expression. Now, we solve for, we can write it as this whole thing w i, w 1, theta y 1, theta x 1, then w i, then w i, then w i, then w i, then w i, then w i, then w i, then w i, then w i, then w i, then w i, then w i, then w i, then w i, then w i, then w i, then w i, then w i, then w i, then w i, then w i, then w i, then w i, then w i, then w i, then w i, then w i, then w i, then w i, then w i, then w i, then w i, then w i, then w i, then w i, then w i, then w i, then w i, then w i, then w i, then w i, then w i, then w i, then w i, then w i, then w i, then w i, then w i, then w i, then w i, then w i, then w i, then w i, then w i, then w i, then w i, then w i, then w i, then w i, then w i, then w i, then w i, then w i, then w i, then w i, then w i, then w i, then w i, then w i, then w i, then w i, then w i, then w i, then w i, then w i, then w i, then w i, then w i, then w i, then w i, then w i, then w i, then w i, then w i, then w i, then w i, then w i, then w i, then w i, then w i y1 theta x1 then w2 theta y2 theta x2 up to all the way down to",x i theta y i and w i at each of these 4 nodes which have coordinates x i tau y i tau in this expanded form how many values now we have we have 12 values there are 12 terms in this expression now we solve for we can write it as this whole thing w i w one theta y one theta x one then w i then w i then w i then w i then w i then w i then w i then w i then w i then w i then w i then w i then w i then w i then w i then w i then w i then w i then w i then w i then w i then w i then w i then w i then w i then w i then w i then w i then w i then w i then w i then w i then w i then w i then w i then w i then w i then w i then w i then w i then w i then w i then w i then w i then w i then w i then w i then w i then w i then w i then w i then w i then w i then w i then w i then w i then w i then w i then w i then w i then w i then w i then w i then w i then w i then w i then w i then w i then w i then w i then w i then w i then w i then w i then w i then w i then w i then w i then w i then w i then w i then w i then w i then w i then w i then w i then w i then w i then w i then w i y one theta x one then w 2 theta y 2 theta x 2 up to all the way down to,3.9375,2.4246,0.7843,4.4625
test,E-r2EDS0uP4,226,29.75,M,SLOW,NORTH,Engineering,Lecture 3 Kinematics of machines,small_ft,whisper_norm,gold,"F which we have seen, 3 times n minus 1 minus 2 j. So F is 3 into 4 minus 2 into 5, which",f which we have seen 3 times n -one -2 j so f is 3 into 4 -2 into 5 which,"which we have seen, c times n minus 1 minus 2 j. Sorry, I made a mistake here. j 2 is 1, but j 2 is 2 j 2. So, this should be counted as 2 into 1, that is 2, and j is 5. So, f is c into 4 minus 2 into 5, which is 2.",which we have seen c times n -one -2 j sorry i made a mistake here j 2 is one but j 2 is 2 j 2 so this should be counted as 2 into one that is 2 and j is 5 so f is c into 4 -2 into 5 which is 2,1.8095,1.726,0.9375,2.619
test,Vpoi5W6a3lo,166,17.64,M,FAST,SOUTH,Non-Engineering,Distributions(contd),small_ft,whisper_norm,gold,"is when the original distribution is normal like we said this distribution of sample means is also normal. But, we also went through this central limit theorem where we said as long as you are aggregating is sufficiently large number of distributions the resulting distribution starts to look",is when the original distribution is normal like we said this distribution of sample means is also normal but we also went through this central limit theorem where we said as long as you are aggregating is sufficiently large number of distributions the resulting distribution starts to look,"rate could be something like, well, 2 people arrive per minute. So, that is 2. And, I want to ask the question, what is the probability 0 people will arrive over the next minute? So, I would say, on average 2 people arrive at the bus stop, k is that 0. So, I will substitute k with 0.",rate could be something like well 2 people arrive per minute so that is 2 and i want to ask the question what is the probability 0 people will arrive over the next minute so i would say on average 2 people arrive at the bus stop k is that 0 so i will substitute k with 0,1.1667,0.7621,0.1176,1.2083
test,vf0S_1ZITuA,203,32.75,M,SLOW,EAST,Engineering,Fundamentals of Discretization: Finite Difference and Finite Volume Method,small_ft,whisper_norm,gold,"by 2. So, that it becomes 3 and divided by 2 yes. Now, whether it is plus or minus sign",by 2 so that it becomes 3 and divided by 2 yes now whether it is plus or minus sign,"x by so it is h square by so it was 3 factorial and that multiplied by 2, so that it becomes 3 and divided by 2, yes.",x by so it is h square by so it was 3 factorial and that multiplied by 2 so that it becomes 3 and divided by 2 yes,1.1,0.988,0.6471,1.4
test,RZQTTfU9TNA,284,29.08,M,FAST,SOUTH,Engineering,Encoders and Decoders,small_ft,whisper_norm,gold,"normally, this is a practical 3 to 8 decoder, I can give you the IC number if you want to this is 74138, it is not necessary to remember numbers. In fact I am not even sure it’s 128 or 138 but I think it’s 138.",normally this is a practical 3 to 8 decoder i can give you the ic number if you want to this is 74138 it is not necessary to remember numbers in fact i am not even sure it s 128 or 138 but i think it s 138,"This is a practical 3-2-8 decoder. Actually, I can give you the IC number if you want. It is 7, 4, 1, 3, 8. It does not matter. Do not have to remember numbers. I do not remember numbers. You can always look up the decoder. In fact, I am not even sure if it is 1-2-8 or 1-3-8. I think it is 1-3-8. If somebody has a book, you can have a quick look at it.",this is a practical 3 2 8 decoder actually i can give you the ic number if you want it is 7 4 one 3 8 it does not matter do not have to remember numbers i do not remember numbers you can always look up the decoder in fact i am not even sure if it is one 2 8 or one 3 8 i think it is one 3 8 if somebody has a book you can have a quick look at it,1.0833,0.9122,0.8,1.7708
test,4XulH3TfbT0,203,52.541,M,SLOW,EAST,Engineering,Surface Tension Driven Flows (Contd.),small_ft,whisper_norm,gold,"In short time, s is much much  00:52:22,059 so, 8 pi mu s ds/dt=pi r square H rho g okay. So, s ds/dt=R square H rho g/8 mu.",in short time s is much much 0 52 22059 so 8 pi mu s ds dt pi r square h rho g okay so s ds dt r square h rho g 8 mu,"in short time s is much much less than h. So short time means s is much much less than h. So the right hand side is approximately pi r square h rho g. So 8 pi mu s ds dt is equal to pi r square h rho g. So, s ds d t is equal to r square h rho g by 8 mu.",in short time s is much much less than h so short time means s is much much less than h so the right hand side is approximately pi r square h rho g so 8 pi mu s ds dt is equal to pi r square h rho g so s ds d t is equal to r square h rho g by 8 mu,1.0571,1.25,0.8095,1.8857
test,kHeysMOk9h4,82,24.69,M,SLOW,NORTH,Engineering,Parallel Algorithm,small_ft,whisper_norm,gold,"n cross n, n plus 1 column is nothing but the b has been moved to n plus 1, that is You have A matrix and then you have B vector; instead of putting B here I have put B here",n cross n n +one column is nothing but the b has been moved to n +one that is you have a matrix and then you have b vector instead of putting b here i have put b here,thing in a new monetary methods problem generally we work on shared memory model but people are working now a days on class time exchange now the next problem is that you have to tell me how i can do it,thing in a new monetary methods problem generally we work on shared memory model but people are working now a days on class time exchange now the next problem is that you have to tell me how i can do it,1.0513,0.8916,0.3333,1.0513
test,-2aOCNaOiLs,222,4.989,M,SLOW,SOUTH,Engineering,Conduction- Cylindrical and Spherical geometries,small_ft,whisper_norm,gold,considered in problem 45.,considered in problem 45,considered in problem 45. Let us do that.,considered in problem 45 let us do that,1.0,0.625,1.0,2.0
test,3vVJkvTsbXQ,88,25.36,M,SLOW,NORTH,Engineering,Open MP&PRAM Model of Computation,small_ft,whisper_norm,gold,not say assumption but it is an abstraction will talk about how it affect our analysis yes we one is the amount of resource how much memory i have how much local versus or shared,not say assumption but it is an abstraction will talk about how it affect our analysis yes we one is the amount of resource how much memory i have how much local versus or shared,i wont say assumption ah but it is an abstraction we will talk about how it affects our analysis so ah as many number of processors as you need which means it is valid for single processors to machine of even million processors yes right ah um the one is the amount of resources how much memory i have how much local versus auto shared,i wont say assumption ah but it is an abstraction we will talk about how it affects our analysis so ah as many number of processors as you need which means it is valid for single processors to machine of even 1000000 processors yes right ah the one is the amount of resources how much memory i have how much local versus auto shared,0.9714,0.882,0.8667,1.8286
test,lnD212vbPSk,70,26.769,M,FAST,SOUTH,Engineering,Sludge Treatment(Continued),small_ft,whisper_norm,gold,We will see the advantages of this sludge draining beds for other dewatering processes. The cost involved is very very low for the sludge draining beds and infrequent attention is required because we can just go and dump the sludge on the sludge draining beds and it will automatically get dried because of evaporation and leaching,we will see the advantages of this sludge draining beds for other dewatering processes the cost involved is very very low for the sludge draining beds and infrequent attention is required because we can just go and dump the sludge on the sludge draining beds and it will automatically get dried because of evaporation and leaching,much higher compared to the summit and it is a labor intensive sludge process as far as sludge removal is concerned because we are pumping the liquid sludge to the sludge trying birds once the sludge is tried. How can we remove it? We have to remove the sludge from the sludge trying bird manually. So it is a labor intensive process and,much higher compared to the summit and it is a labor intensive sludge process as far as sludge removal is concerned because we are pumping the liquid sludge to the sludge trying birds once the sludge is tried how can we remove it we have to remove the sludge from the sludge trying bird manually so it is a labor intensive process and,0.9643,0.7121,0.2286,1.125
test,qx86xQ6UKmU,70,15.29,M,FAST,SOUTH,Engineering,Adsorption,small_ft,whisper_norm,gold,of the same charge into the solution in a chemically equivalent amount. Once again I will explain. Ion exchange is defined as the process where an insoluble substance removes ions of positive or negative charge from an electrolytic solution and releases other ions of the same charge,of the same charge into the solution in a chemically equivalent amount once again i will explain ion exchange is defined as the process where an insoluble substance removes ions of positive or negative charge from an electrolytic solution and releases other ions of the same charge,"So, Rn-Bn¬plus resin means activity of Bn¬plus in the resin and Bn¬plus 1s means activity of Bn¬plus in the solution.",so rn bn plus resin means activity of bn plus in the resin and bn plus ones means activity of bn plus in the solution,0.9362,0.7438,0.1389,0.5319
test,qBw8ZQrJeys,292,7.01,M,SLOW,SOUTH,Engineering,Level Testing,small_ft,whisper_norm,gold,"that is also saw it as an input may not be a functional requirements this is a dependent in the message, okay. So next for is performance requirements let try to understand what performance that ports the entire process of booting up till operational mode.",that is also saw it as an input may not be a functional requirements this is a dependent in the message okay so next for is performance requirements let try to understand what performance that ports the entire process of booting up till operational mode,this we will continue in the next video.,this we will continue in the next video,0.9111,0.8696,0.1053,0.1778
test,eF3zaTryw6k,286,29.05,M,SLOW,EAST,Engineering,14 Fourier Transformation - II,small_ft,whisper_norm,gold,"y) because all the exponential terms will lead to a value 1 and this summation has to be taken for x and y varying from 0 to capital N minus 1. So, you will find that there is direct relation between the average of the 2 dimensional signal f (x, y) and its 0’th Fourier coefficient, DFT coefficient. So, this clearly shows that",y because all the exponential terms will lead to a value one and this summation has to be taken for x and y varying from 0 to capital n -one so you will find that there is direct relation between the average of the 2 dimensional signal f and its 0th fourier coefficient dft coefficient so this clearly shows that,"signal Fx, y and its 0th Fourier coefficient, DFT coefficient. So, this trade shows that",signal fx y and its 0th fourier coefficient dft coefficient so this trade shows that,0.8,0.75,0.25,0.25
test,sCXbZp08jMA,49,24.12,M,FAST,SOUTH,Engineering,6 Soil Mechanics,small_ft,whisper_norm,gold,depth z is given by (N dash) into W by V) where Ws is equal to W by V. Unit weight of suspension after elapsing time td can be determined at depth z is (gamma z) is equal to [(gamma w) plus N dash (W by V) into (Gs minus 1) by Gs)]. From this rearranging,depth z is given by into w by v where ws is equal to w by v unit weight of suspension after elapsing time td can be determined at depth z is is equal to from this rearranging,at depth z is given by n dash into w by v where w s is equal to w by v. So unit weight of the suspension after elapsing time t can be determined at depth z as gamma z is equal to gamma w in plus n dash w by v into g s minus 1 divided by g s. So from this,at depth z is given by n dash into w by v where w s is equal to w by v so unit weight of the suspension after elapsing time t can be determined at depth z as gamma z is equal to gamma w in plus n dash w by v into g s -one divided by g s so from this,0.7895,0.5115,0.8889,1.6579
test,VPwq6SN4Zos,236,23.102,M,AVG,WEST,Engineering,5 Parallel Manipulators,small_ft,whisper_norm,gold,"so the these kind of powered that what we had seen more over we noticed that the axes can be parallel or perpendicular to this what we had seen in the last lecture okay, has",so the these kind of powered that what we had seen more over we noticed that the axes can be parallel or perpendicular to this what we had seen in the last lecture okay has,because these can be powered that is what we have seen moreover we notice that the axis can be axis can be parallel or perpendicular to each other is what we have seen is what we have seen in the last video,because these can be powered that is what we have seen moreover we notice that the axis can be axis can be parallel or perpendicular to each other is what we have seen is what we have seen in the last video,0.7143,0.3953,0.5556,1.2
test,EayOCWaiRkw,277,27.8,M,SLOW,SOUTH,Engineering,Dual Slope ADC and Successor approximation ADC,small_ft,whisper_norm,gold,"Now, that is voltage in C remains constant because it cannot discharge the assuming the bias current is negligible then the voltage",now that is voltage in c remains constant because it cannot discharge the assuming the bias current is negligible then the voltage,"Now, the voltage that is the voltage and C remains constant voltage in C remains constant voltage in C remains constant, because it cannot discharge assuming the bias current is negligible then the voltage",now the voltage that is the voltage and c remains constant voltage in c remains constant voltage in c remains constant because it cannot discharge assuming the bias current is negligible then the voltage,0.6364,0.6231,1.0,1.5455
test,vlFdVYAXIxg,125,25.89,M,SLOW,EAST,Engineering,and Computer Aided Design of Filters,small_ft,whisper_norm,gold,"X 3 its fine, what about X 4, X 5, X 6, X 7? Now you see, W N Say W 8, N is 8 in our case .W 8, 5 W 8, 4 how much is it? Minus 1? W 8, 5 minus W 9,",x 3 its fine what about x 4 x 5 x 6 x 7 now you see w n say w 8 n is 8 in our case w 8 5 w 8 4 how much is it -one w 8 5 minus w 9,"b, then added with g 3, it will give me x 3, it is fine. What about x 4, x 5, x 6, x 7? Now, you see W n, say W 8, n is 8 in our case, W",b then added with g 3 it will give me x 3 it is fine what about x 4 x 5 x 6 x 7 now you see w n say w 8 n is 8 in our case w,0.6222,0.6615,0.7778,0.8889
test,l8kIWLWfbZ8,195,15.83,M,FAST,SOUTH,Engineering,- MESFET : Effects of channel length and gate length on IDS and gm,small_ft,whisper_norm,gold,it is not Vpo it is Vpo cylindrical is equal to q ND amplitude twice epsilon r epsilon,it is not vpo it is vpo cylindrical is equal to q nd amplitude twice epsilon r epsilon,"In fact, it is not Vp0, it is Vp0 cylindrical. It is equal to q and d magnitude twice epsilon or epsilon",in fact it is not vp 0 it is vp 0 cylindrical it is equal to q and d magnitude twice epsilon or epsilon,0.6111,0.2558,0.6923,1.3333
