split,ID,Speaker_ID,Speech_Duration_seconds,Accent,model,mode,reference_source,reference_raw,reference,hypothesis_raw,hypothesis,wer,cer,ref_recall,length_ratio
test,AESRC2020-INDIAN-ACCENT-G00847-G00847S1300,AESRC2020-INDIAN-ACCENT-G00847,4.906,INDIAN,tiny,whisper_norm,gold,in accordance to your request i am sending you sample pages of the dictionary,in accordance to your request i am sending you sample pages of the dictionary,In accordance to our request I am sending you sample pages of the dictionary.,in accordance to our request i am sending you sample pages of the dictionary,0.0714,0.013,0.9286,1.0
test,AESRC2020-INDIAN-ACCENT-G00847-G00847S2352,AESRC2020-INDIAN-ACCENT-G00847,3.874,INDIAN,tiny,whisper_norm,gold,i want to listen to joy to the world again,i want to listen to joy to the world again,I want to listen to Joy to the World again.,i want to listen to joy to the world again,0.0,0.0,1.0,1.0
test,AESRC2020-INDIAN-ACCENT-G00847-G00847S2353,AESRC2020-INDIAN-ACCENT-G00847,3.479,INDIAN,tiny,whisper_norm,gold,i want to listen to secret lovers again,i want to listen to secret lovers again,I want to listen to Secret Lovers again.,i want to listen to secret lovers again,0.0,0.0,1.0,1.0
test,AESRC2020-INDIAN-ACCENT-G00847-G00847S3370,AESRC2020-INDIAN-ACCENT-G00847,2.268,INDIAN,tiny,whisper_norm,gold,laundry reminder,laundry reminder,laundry reminder,laundry reminder,0.0,0.0,1.0,1.0
test,AESRC2020-INDIAN-ACCENT-G00859-G00859S1299,AESRC2020-INDIAN-ACCENT-G00859,6.331,INDIAN,tiny,whisper_norm,gold,the pupil's party have got the election sewn up they are sure to win,the pupil is party have got the election sewn up they are sure to win,"The pupils party have got the election, so when up they are sure to win.",the pupils party have got the election so when up they are sure to win,0.2667,0.087,0.7857,1.0
test,AESRC2020-INDIAN-ACCENT-G00859-G00859S1300,AESRC2020-INDIAN-ACCENT-G00859,5.306,INDIAN,tiny,whisper_norm,gold,fill in the chart write names of your favorite band book and movie,fill in the chart write names of your favorite band book and movie,"Fill in the chart right names of your favorite band, book and movie.",fill in the chart right names of your favorite band book and movie,0.0769,0.0606,0.9231,1.0
test,AESRC2020-INDIAN-ACCENT-G00859-G00859S2354,AESRC2020-INDIAN-ACCENT-G00859,5.245,INDIAN,tiny,whisper_norm,gold,how much is stayfree sanitary pad drymax all night,how much is stayfree sanitary pad drymax all night,How much is the Stifry's sanitary pad? Dry Max all night.,how much is the stifry is sanitary pad dry max all night,0.5556,0.22,0.7778,1.3333
test,AESRC2020-INDIAN-ACCENT-G00859-G00859S2355,AESRC2020-INDIAN-ACCENT-G00859,3.715,INDIAN,tiny,whisper_norm,gold,replay the song gaal ni kadni,replay the song gaal ni kadni,"Replay the song, goal knee cut knee.",replay the song goal knee cut knee,0.6667,0.3793,0.5,1.1667
test,AESRC2020-INDIAN-ACCENT-G00891-G00891S1298,AESRC2020-INDIAN-ACCENT-G00891,6.375,INDIAN,tiny,whisper_norm,gold,in a scramble in front of the goal the ball was kicked in,in a scramble in front of the goal the ball was kicked in,"In a scramble in front of the goal, the ball was kicked in.",in a scramble in front of the goal the ball was kicked in,0.0,0.0,1.0,1.0
test,AESRC2020-INDIAN-ACCENT-G00891-G00891S1300,AESRC2020-INDIAN-ACCENT-G00891,7.685,INDIAN,tiny,whisper_norm,gold,the meeting was a dud as far as new business was concerned,the meeting was a dud as far as new business was concerned,The meeting was a dot as far as new business was concerned.,the meeting was a dot as far as new business was concerned,0.0833,0.0345,0.9,1.0
test,AESRC2020-INDIAN-ACCENT-G00891-G00891S2354,AESRC2020-INDIAN-ACCENT-G00891,5.155,INDIAN,tiny,whisper_norm,gold,play songs by mynampati sreeram chandra,play songs by mynampati sreeram chandra,"Please, don't forget to subscribe to my channel.",please do not forget to subscribe to my channel,1.5,0.7949,0.0,1.5
test,AESRC2020-INDIAN-ACCENT-G00891-G00891S2355,AESRC2020-INDIAN-ACCENT-G00891,2.59,INDIAN,tiny,whisper_norm,gold,stop playing the mill,stop playing the mill,Stop playing that mill.,stop playing that mill,0.25,0.0952,0.75,1.0
test,AESRC2020-INDIAN-ACCENT-G00942-G00942S1298,AESRC2020-INDIAN-ACCENT-G00942,4.747,INDIAN,tiny,whisper_norm,gold,we must put our heads together and decide what to do,we must put our heads together and decide what to do,We must put our heads together and decide what to do.,we must put our heads together and decide what to do,0.0,0.0,1.0,1.0
test,AESRC2020-INDIAN-ACCENT-G00942-G00942S1300,AESRC2020-INDIAN-ACCENT-G00942,5.913,INDIAN,tiny,whisper_norm,gold,the mother set her naughty son over her knee and beat him,the mother set her naughty son over her knee and beat him,The mother said her naughty son over her knee and beat him.,the mother said her naughty son over her knee and beat him,0.0833,0.0526,0.9091,1.0
test,AESRC2020-INDIAN-ACCENT-G00942-G00942S2353,AESRC2020-INDIAN-ACCENT-G00942,6.93,INDIAN,tiny,whisper_norm,gold,remove the show ogo bodhu sundori from my watch list,remove the show ogo bodhu sundori from my watch list,"Remove the show, go, but this one, from my watch list.",remove the show go but this one from my watch list,0.4,0.2308,0.7,1.1
test,AESRC2020-INDIAN-ACCENT-G00942-G00942S2355,AESRC2020-INDIAN-ACCENT-G00942,4.583,INDIAN,tiny,whisper_norm,gold,what times can i visit akshardham temple,what times can i visit akshardham temple,What times can I visit Akshadham Temple?,what times can i visit akshadham temple,0.1429,0.025,0.8571,1.0
test,AESRC2020-INDIAN-ACCENT-G00942-G00942S3370,AESRC2020-INDIAN-ACCENT-G00942,2.132,INDIAN,tiny,whisper_norm,gold,it's time to cook,it is time to cook,It's time to cook.,it is time to cook,0.0,0.0,1.0,1.0
test,AESRC2020-INDIAN-ACCENT-G00967-G00967S1298,AESRC2020-INDIAN-ACCENT-G00967,6.115,INDIAN,tiny,whisper_norm,gold,this ocean is much deeper than the water oceans of the earth,this ocean is much deeper than the water oceans of the earth,This ocean is much deeper than the water oceans of the earth.,this ocean is much deeper than the water oceans of the earth,0.0,0.0,1.0,1.0
test,AESRC2020-INDIAN-ACCENT-G00967-G00967S1299,AESRC2020-INDIAN-ACCENT-G00967,6.36,INDIAN,tiny,whisper_norm,gold,an english idioms is set expression made of two or more words,an english idioms is set expression made of 2 or more words,"And English idioms is set expression, met of two or more words.",and english idioms is set expression met of 2 or more words,0.1667,0.0678,0.8333,1.0
test,AESRC2020-INDIAN-ACCENT-G00967-G00967S2354,AESRC2020-INDIAN-ACCENT-G00967,4.935,INDIAN,tiny,whisper_norm,gold,i want to make a playlist from the song so sincere,i want to make a playlist from the song so sincere,I want to make a playlist from the song so sincere.,i want to make a playlist from the song so sincere,0.0,0.0,1.0,1.0
test,AESRC2020-INDIAN-ACCENT-G00967-G00967S2355,AESRC2020-INDIAN-ACCENT-G00967,3.765,INDIAN,tiny,whisper_norm,gold,is there recent news about john kander,is there recent news about john kander,Is there recent news about John Cander?,is there recent news about john cander,0.1429,0.0263,0.8571,1.0
test,AESRC2020-INDIAN-ACCENT-G00997-G00997S1299,AESRC2020-INDIAN-ACCENT-G00997,4.605,INDIAN,tiny,whisper_norm,gold,bill wants to go into law when he gets out of school,bill wants to go into law when he gets out of school,Bill wants to go into law when he gets out of school.,bill wants to go into law when he gets out of school,0.0,0.0,1.0,1.0
test,AESRC2020-INDIAN-ACCENT-G00997-G00997S1300,AESRC2020-INDIAN-ACCENT-G00997,7.144,INDIAN,tiny,whisper_norm,gold,wfm can do for desktops what the snmp standard did for the network,wfm can do for desktops what the snmp standard did for the network,"WFM can do 4 deck stops, what the SNMP standard did for the network.",wfm can do 4 deck stops what the snmp standard did for the network,0.2308,0.0909,0.9091,1.0769
test,AESRC2020-INDIAN-ACCENT-G00997-G00997S2354,AESRC2020-INDIAN-ACCENT-G00997,3.998,INDIAN,tiny,whisper_norm,gold,add the song we don't care to my favorites,add the song we do not care to my favorites,At the song we don't care to my favorites.,at the song we do not care to my favorites,0.1,0.0465,0.9,1.0
test,AESRC2020-INDIAN-ACCENT-G00997-G00997S2355,AESRC2020-INDIAN-ACCENT-G00997,3.611,INDIAN,tiny,whisper_norm,gold,where can i buy music by killer mike,where can i buy music by killer mike,"Where can I buy a music bike, killer Mike?",where can i buy a music bike killer mike,0.25,0.1389,0.875,1.125
test,AESRC2020-INDIAN-ACCENT-G01009-G01009S1298,AESRC2020-INDIAN-ACCENT-G01009,3.722,INDIAN,tiny,whisper_norm,gold,do you remember the game of the division in the past it,do you remember the game of the division in the past it,Do you remember the game of the division in the past 8?,do you remember the game of the division in the past 8,0.0833,0.0364,0.9,1.0
test,AESRC2020-INDIAN-ACCENT-G01009-G01009S1300,AESRC2020-INDIAN-ACCENT-G01009,4.226,INDIAN,tiny,whisper_norm,gold,they had to endure the pain of waiting in line in the airport,they had to endure the pain of waiting in line in the airport,They head to endure the pain of waiting in line in the airport.,they head to endure the pain of waiting in line in the airport,0.0769,0.0164,0.9091,1.0
test,AESRC2020-INDIAN-ACCENT-G01009-G01009S2352,AESRC2020-INDIAN-ACCENT-G01009,2.429,INDIAN,tiny,whisper_norm,gold,what are the lyrics to mundiyan,what are the lyrics to mundiyan,Put all the lyrics to Mundia.,put all the lyrics to mundia,0.5,0.2258,0.5,1.0
test,AESRC2020-INDIAN-ACCENT-G01009-G01009S2355,AESRC2020-INDIAN-ACCENT-G01009,5.906,INDIAN,tiny,whisper_norm,gold,what are the some famous dishes to try in republic of slovenia,what are the some famous dishes to try in republic of slovenia,What are the some famous dishes to try in Republic of Slovenia?,what are the some famous dishes to try in republic of slovenia,0.0,0.0,1.0,1.0
test,AESRC2020-INDIAN-ACCENT-G01030-G01030S1300,AESRC2020-INDIAN-ACCENT-G01030,4.137,INDIAN,tiny,whisper_norm,gold,i looked to the ground instantly and i saw my voodoo doll,i looked to the ground instantly and i saw my voodoo doll,I look to the ground instantly and I saw my voodoo doll.,i look to the ground instantly and i saw my voodoo doll,0.0833,0.0351,0.9091,1.0
test,AESRC2020-INDIAN-ACCENT-G01030-G01030S2355,AESRC2020-INDIAN-ACCENT-G01030,4.71,INDIAN,tiny,whisper_norm,gold,is there a discount on whisper sanitary bad choice wings extra large,is there a discount on whisper sanitary bad choice wings extra large,"Is there a discount on Vispersanitary Path, Choice Vinks, Extra Large?",is there a discount on vispersanitary path choice vinks extra large,0.3333,0.1176,0.6667,0.9167
test,AESRC2020-INDIAN-ACCENT-G01044-G01044S1299,AESRC2020-INDIAN-ACCENT-G01044,4.755,INDIAN,tiny,whisper_norm,gold,if they offered me a job in the usa i had jump at the chance,if they offered me a job in the usa i had jump at the chance,If they offered me a job in the USA I had jumped at the chance.,if they offered me a job in the usa i had jumped at the chance,0.0667,0.0333,0.9286,1.0
test,AESRC2020-INDIAN-ACCENT-G01044-G01044S1300,AESRC2020-INDIAN-ACCENT-G01044,4.595,INDIAN,tiny,whisper_norm,gold,she was at her last gasp unable even to moan,she was at her last gasp unable even to moan,She was at her last gasp unable even to moan.,she was at her last gasp unable even to moan,0.0,0.0,1.0,1.0
test,AESRC2020-INDIAN-ACCENT-G01044-G01044S2354,AESRC2020-INDIAN-ACCENT-G01044,4.37,INDIAN,tiny,whisper_norm,gold,what is the precipitation level today in princeville,what is the precipitation level today in princeville,What is the precipitation level today in Prince Willi?,what is the precipitation level today in prince willi,0.25,0.0577,0.875,1.125
test,AESRC2020-INDIAN-ACCENT-G01044-G01044S2355,AESRC2020-INDIAN-ACCENT-G01044,3.297,INDIAN,tiny,whisper_norm,gold,how can i use account for in a sentence,how can i use account for in a sentence,How can I use account for innocent intents?,how can i use account for innocent intents,0.3333,0.2564,0.6667,0.8889
test,AESRC2020-INDIAN-ACCENT-G01044-G01044S3370,AESRC2020-INDIAN-ACCENT-G01044,2.555,INDIAN,tiny,whisper_norm,gold,tv is a waste of time,tv is a waste of time,TV is a waste of time.,tv is a waste of time,0.0,0.0,1.0,1.0
test,AESRC2020-INDIAN-ACCENT-G01056-G01056S1299,AESRC2020-INDIAN-ACCENT-G01056,5.563,INDIAN,tiny,whisper_norm,gold,i would like to ask at this address under the title,i would like to ask at this address under the title,I would like to ask at this address under the title.,i would like to ask at this address under the title,0.0,0.0,1.0,1.0
test,AESRC2020-INDIAN-ACCENT-G01056-G01056S1300,AESRC2020-INDIAN-ACCENT-G01056,5.839,INDIAN,tiny,whisper_norm,gold,to my fury i saw that the dog had taken our meat,to my fury i saw that the dog had taken our meat,"to my fury, I saw that the dog had taken a meat.",to my fury i saw that the dog had taken a meat,0.0833,0.0625,0.9167,1.0
test,AESRC2020-INDIAN-ACCENT-G01056-G01056S2354,AESRC2020-INDIAN-ACCENT-G01056,5.48,INDIAN,tiny,whisper_norm,gold,what other ways can i say call on in english,what other ways can i say call on in english,What other ways can I say call on in English?,what other ways can i say call on in english,0.0,0.0,1.0,1.0
test,AESRC2020-INDIAN-ACCENT-G01056-G01056S2355,AESRC2020-INDIAN-ACCENT-G01056,3.818,INDIAN,tiny,whisper_norm,gold,don't play the film for mother's sake,do not play the film for mother is sake,Don't play the film for Mother's sake.,do not play the film for mother is sake,0.0,0.0,1.0,1.0
test,AESRC2020-INDIAN-ACCENT-G01077-G01077S1300,AESRC2020-INDIAN-ACCENT-G01077,6.463,INDIAN,tiny,whisper_norm,gold,i can't keep pace with you at this rate go slowly,i can not keep pace with you at this rate go slowly,"I can't keep pace with you at this rate, go slowly.",i can not keep pace with you at this rate go slowly,0.0,0.0,1.0,1.0
test,AESRC2020-INDIAN-ACCENT-G01077-G01077S2355,AESRC2020-INDIAN-ACCENT-G01077,5.945,INDIAN,tiny,whisper_norm,gold,this is the movie the lord of low and power original,this is the movie the lord of low and power original,This is the movie The Lad of Love and Power Original.,this is the movie the lad of love and power original,0.1818,0.0769,0.8,1.0
test,AESRC2020-INDIAN-ACCENT-G01079-G01079S1299,AESRC2020-INDIAN-ACCENT-G01079,8.145,INDIAN,tiny,whisper_norm,gold,he walked over to the window to read the letter more easily,he walked over to the window to read the letter more easily,He walked over to the window to read the letter more easily.,he walked over to the window to read the letter more easily,0.0,0.0,1.0,1.0
test,AESRC2020-INDIAN-ACCENT-G01079-G01079S1300,AESRC2020-INDIAN-ACCENT-G01079,8.12,INDIAN,tiny,whisper_norm,gold,she wore a floppy hat tricked out with a yellow ribbon,she wore a floppy hat tricked out with a yellow ribbon,"She wore a floppy hat, tricked out with a yellow ribbon.",she wore a floppy hat tricked out with a yellow ribbon,0.0,0.0,1.0,1.0
test,AESRC2020-INDIAN-ACCENT-G01079-G01079S2354,AESRC2020-INDIAN-ACCENT-G01079,7.62,INDIAN,tiny,whisper_norm,gold,how much will it cost me to visit acc limited,how much will it cost me to visit acc limited,How much will it cost me to visit a C.C. limited?,how much will it cost me to visit a c c limited,0.3,0.0444,0.9,1.2
test,AESRC2020-INDIAN-ACCENT-G01079-G01079S2355,AESRC2020-INDIAN-ACCENT-G01079,6.175,INDIAN,tiny,whisper_norm,gold,help me find the definition of in the distance,help me find the definition of in the distance,Help me find the definition of in the distance.,help me find the definition of in the distance,0.0,0.0,1.0,1.0
test,AESRC2020-INDIAN-ACCENT-G01079-G01079S3370,AESRC2020-INDIAN-ACCENT-G01079,4.815,INDIAN,tiny,whisper_norm,gold,do not cook the food keep it warm,do not cook the food keep it warm,"Do not cook the food, keep it warm.",do not cook the food keep it warm,0.0,0.0,1.0,1.0
test,AESRC2020-INDIAN-ACCENT-G01092-G01092S1299,AESRC2020-INDIAN-ACCENT-G01092,4.146,INDIAN,tiny,whisper_norm,gold,to pursue certain goals you pretend that they did not exist,to pursue certain goals you pretend that they did not exist,"2 patches, certain goals you pretend that they did not exist.",2 patches certain goals you pretend that they did not exist,0.1818,0.1186,0.8182,1.0
test,AESRC2020-INDIAN-ACCENT-G01092-G01092S2355,AESRC2020-INDIAN-ACCENT-G01092,3.21,INDIAN,tiny,whisper_norm,gold,had songs by sajid jafri to the queue,had songs by sajid jafri to the queue,had songs by sagitsjafri to the cube.,had songs by sagitsjafri to the cube,0.375,0.1622,0.625,0.875
test,AESRC2020-INDIAN-ACCENT-G01197-G01197S1298,AESRC2020-INDIAN-ACCENT-G01197,5.073,INDIAN,tiny,whisper_norm,gold,resume trading on the first day of air power to end slump,resume trading on the 1st day of air power to end slump,Resume trading on the first day of air power 2 and slump.,resume trading on the 1st day of air power 2 and slump,0.1667,0.0545,0.8333,1.0
test,AESRC2020-INDIAN-ACCENT-G01197-G01197S2354,AESRC2020-INDIAN-ACCENT-G01197,2.97,INDIAN,tiny,whisper_norm,gold,what is the next episode of shanti,what is the next episode of shanti,What is the next episode of Shanti?,what is the next episode of shanti,0.0,0.0,1.0,1.0
test,AESRC2020-INDIAN-ACCENT-G01197-G01197S2355,AESRC2020-INDIAN-ACCENT-G01197,3.558,INDIAN,tiny,whisper_norm,gold,does the movie the dancing girl have subtitles,does the movie the dancing girl have subtitles,"Thus, the movie the dance single have subtitles.",thus the movie the dance single have subtitles,0.375,0.2174,0.5714,1.0
test,AESRC2020-INDIAN-ACCENT-G01203-G01203S1296,AESRC2020-INDIAN-ACCENT-G01203,6.038,INDIAN,tiny,whisper_norm,gold,i can stay as long as i want i've got an open ticket,i can stay as long as i want i have got an open ticket,I can stay as long as I want. I've got an open ticket.,i can stay as long as i want i have got an open ticket,0.0,0.0,1.0,1.0
test,AESRC2020-INDIAN-ACCENT-G01203-G01203S1299,AESRC2020-INDIAN-ACCENT-G01203,5.73,INDIAN,tiny,whisper_norm,gold,he was please to be in australia close to his beloved wife,he was please to be in australia close to his beloved wife,"He was pleased to be Austria, closed to his beloved wife.",he was pleased to be austria closed to his beloved wife,0.3333,0.1207,0.6364,0.9167
test,AESRC2020-INDIAN-ACCENT-G01203-G01203S2353,AESRC2020-INDIAN-ACCENT-G01203,5.089,INDIAN,tiny,whisper_norm,gold,i want to watch episode three of a beautiful mind,i want to watch episode 3 of a beautiful mind,I want to watch episode 3 of a beautiful mind.,i want to watch episode 3 of a beautiful mind,0.0,0.0,1.0,1.0
test,AESRC2020-INDIAN-ACCENT-G01203-G01203S2355,AESRC2020-INDIAN-ACCENT-G01203,6.989,INDIAN,tiny,whisper_norm,gold,what will the temperature be at eight pm tonight in desbiens,what will the temperature be at 8 pm tonight in desbiens,What will the temperature be at 8pm tonight in Desbyans?,what will the temperature be at 8 pm tonight in desbyans,0.0909,0.0357,0.9091,1.0
test,AESRC2020-INDIAN-ACCENT-G01207-G01207S1300,AESRC2020-INDIAN-ACCENT-G01207,5.249,INDIAN,tiny,whisper_norm,gold,but in the art of the possible of the deal he is wrong,but in the art of the possible of the deal he is wrong,But in the art of the possible of the till he's wrong.,but in the art of the possible of the till he is wrong,0.0769,0.0556,0.9,1.0
test,AESRC2020-INDIAN-ACCENT-G01207-G01207S2355,AESRC2020-INDIAN-ACCENT-G01207,4.103,INDIAN,tiny,whisper_norm,gold,what time will the sun rise in east angus,what time will the sun rise in east angus,What time will the sun rise in East Angus?,what time will the sun rise in east angus,0.0,0.0,1.0,1.0
test,AESRC2020-INDIAN-ACCENT-G01218-G01218S1300,AESRC2020-INDIAN-ACCENT-G01218,6.549,INDIAN,tiny,whisper_norm,gold,somehow i don't think williams is in danger of boring anyone just yet,somehow i do not think williams is in danger of boring anyone just yet,"Somehow, I don't think Villamps is in danger of boring anyone just yet.",somehow i do not think villamps is in danger of boring anyone just yet,0.0714,0.0429,0.9286,1.0
test,AESRC2020-INDIAN-ACCENT-G01218-G01218S2355,AESRC2020-INDIAN-ACCENT-G01218,4.095,INDIAN,tiny,whisper_norm,gold,what is the pressure in sault ste marie,what is the pressure in sault ste marie,What is the pressure in salt steam muddy?,what is the pressure in salt steam muddy,0.375,0.1795,0.625,1.0
test,AESRC2020-INDIAN-ACCENT-G01280-G01280S1300,AESRC2020-INDIAN-ACCENT-G01280,5.12,INDIAN,tiny,whisper_norm,gold,they are looking for their place in the world said zinni,they are looking for their place in the world said zinni,"They are looking for their place in the world. Say it, Jeannie.",they are looking for their place in the world say it jeannie,0.2727,0.125,0.8182,1.0909
test,AESRC2020-INDIAN-ACCENT-G01280-G01280S2355,AESRC2020-INDIAN-ACCENT-G01280,3.549,INDIAN,tiny,whisper_norm,gold,when did unni menon first debut,when did unni menon 1st debut,Then did only man and first debut.,then did only man and 1st debut,0.6667,0.2759,0.5,1.1667
test,AESRC2020-INDIAN-ACCENT-G01300-G01300S1299,AESRC2020-INDIAN-ACCENT-G01300,6.417,INDIAN,tiny,whisper_norm,gold,he was no more successful as a gambler very quickly he was in debt,he was no more successful as a gambler very quickly he was in debt,He was no more successful as a gambler very quickly he was in depth.,he was no more successful as a gambler very quickly he was in depth,0.0714,0.0303,0.9167,1.0
test,AESRC2020-INDIAN-ACCENT-G01300-G01300S1300,AESRC2020-INDIAN-ACCENT-G01300,6.18,INDIAN,tiny,whisper_norm,gold,he is such an irritable person you can hardly speak to him,he is such an irritable person you can hardly speak to him,He is such an irritable person you can hardly speak to him.,he is such an irritable person you can hardly speak to him,0.0,0.0,1.0,1.0
test,AESRC2020-INDIAN-ACCENT-G01300-G01300S2354,AESRC2020-INDIAN-ACCENT-G01300,3.17,INDIAN,tiny,whisper_norm,gold,how many songs has grum made,how many songs has grum made,How many songs has Gramm Med?,how many songs has gramm med,0.3333,0.1429,0.6667,1.0
test,AESRC2020-INDIAN-ACCENT-G01300-G01300S2355,AESRC2020-INDIAN-ACCENT-G01300,5.54,INDIAN,tiny,whisper_norm,gold,is be the star in my life broadcast on the radio,is be the star in my life broadcast on the radio,is the star in my life brought cast on the radio.,is the star in my life brought cast on the radio,0.2727,0.1667,0.8,1.0
test,AESRC2020-INDIAN-ACCENT-G01301-G01301S1299,AESRC2020-INDIAN-ACCENT-G01301,5.58,INDIAN,tiny,whisper_norm,gold,he's got time and class like the greatest footballers like pele on the ball,he has got time and class like the greatest footballers like pele on the ball,His got time and class like the greatest footballers like the one on the ball.,his got time and class like the greatest footballers like the one on the ball,0.2667,0.1169,0.7692,1.0
test,AESRC2020-INDIAN-ACCENT-G01301-G01301S1300,AESRC2020-INDIAN-ACCENT-G01301,5.68,INDIAN,tiny,whisper_norm,gold,i understand your view if you want to believe that that is fine,i understand your view if you want to believe that that is fine,I understand your view if you want to believe that that is fine.,i understand your view if you want to believe that that is fine,0.0,0.0,1.0,1.0
test,AESRC2020-INDIAN-ACCENT-G01301-G01301S2354,AESRC2020-INDIAN-ACCENT-G01301,5.525,INDIAN,tiny,whisper_norm,gold,i want to know what the movie why sons go astray is about,i want to know what the movie why sons go astray is about,I want to know what the movie Waisan's score is about.,i want to know what the movie waisan is score is about,0.3077,0.2105,0.6923,0.9231
test,AESRC2020-INDIAN-ACCENT-G01301-G01301S2355,AESRC2020-INDIAN-ACCENT-G01301,4.216,INDIAN,tiny,whisper_norm,gold,i want to take a train to hellenic republic,i want to take a train to hellenic republic,I want to take a train to Helena Kudipa Blake.,i want to take a train to helena kudipa blake,0.3333,0.2791,0.75,1.1111
test,AESRC2020-INDIAN-ACCENT-G01301-G01301S3370,AESRC2020-INDIAN-ACCENT-G01301,3.54,INDIAN,tiny,whisper_norm,gold,switch on the sweeping robot,switch on the sweeping robot,Switch on the sweeping grow board.,switch on the sweeping grow board,0.4,0.2143,0.8,1.2
test,AESRC2020-INDIAN-ACCENT-G01382-G01382S1299,AESRC2020-INDIAN-ACCENT-G01382,4.822,INDIAN,tiny,whisper_norm,gold,if you drive me up to edinburgh we'll go halves on the petrol,if you drive me up to edinburgh we will go halves on the petrol,"If he drive me up to Edinburgh, we'll go halves on the petrol.",if he drive me up to edinburgh we will go halves on the petrol,0.0714,0.0476,0.9286,1.0
test,AESRC2020-INDIAN-ACCENT-G01382-G01382S1300,AESRC2020-INDIAN-ACCENT-G01382,5.084,INDIAN,tiny,whisper_norm,gold,instead of talking you to the station i should have driven you straight home,instead of talking you to the station i should have driven you straight home,"Instead of talking you to the station, I should have driven a new straight home.",instead of talking you to the station i should have driven a new straight home,0.1429,0.0658,1.0,1.0714
test,AESRC2020-INDIAN-ACCENT-G01382-G01382S2354,AESRC2020-INDIAN-ACCENT-G01382,4.4,INDIAN,tiny,whisper_norm,gold,do they have a breakfast menu at new maratha kolhapur darbar,do they have a breakfast menu at new maratha kolhapur darbar,"Do they have a breakfast menu at noon, Maratha, Kolapur, Darbar?",do they have a breakfast menu at noon maratha kolapur darbar,0.1818,0.0667,0.8182,1.0
test,AESRC2020-INDIAN-ACCENT-G01382-G01382S2355,AESRC2020-INDIAN-ACCENT-G01382,4.12,INDIAN,tiny,whisper_norm,gold,i want to know when it will rain in carleton sur mer,i want to know when it will rain in carleton sur mer,"I want to know when it will rain in Colton, Sermor.",i want to know when it will rain in colton sermor,0.25,0.1154,0.75,0.9167
test,AESRC2020-INDIAN-ACCENT-G01431-G01431S1299,AESRC2020-INDIAN-ACCENT-G01431,6.16,INDIAN,tiny,whisper_norm,gold,in real terms you are only slightly worse off now than you were then,in real terms you are only slightly worse off now than you were then,"In real terms, you are only slightly worse of now than you work then.",in real terms you are only slightly worse of now than you work then,0.1429,0.0441,0.8462,1.0
test,AESRC2020-INDIAN-ACCENT-G01431-G01431S1300,AESRC2020-INDIAN-ACCENT-G01431,6.12,INDIAN,tiny,whisper_norm,gold,many a man fails to become a thinker only because his memory is too good,many a man fails to become a thinker only because his memory is too good,"Many Aman fails to become a thinker, only because his memory is too good.",many aman fails to become a thinker only because his memory is too good,0.1333,0.0139,0.9286,0.9333
test,AESRC2020-INDIAN-ACCENT-G01431-G01431S2354,AESRC2020-INDIAN-ACCENT-G01431,3.568,INDIAN,tiny,whisper_norm,gold,i want to know when it will rain in kulti,i want to know when it will rain in kulti,I want to know when it will rain in quilting.,i want to know when it will rain in quilting,0.1,0.0976,0.9,1.0
test,AESRC2020-INDIAN-ACCENT-G01431-G01431S2355,AESRC2020-INDIAN-ACCENT-G01431,3.642,INDIAN,tiny,whisper_norm,gold,i want to know the origin of cut down,i want to know the origin of cut down,I want to know the origin of Kandam.,i want to know the origin of kandam,0.2222,0.1892,0.7778,0.8889
test,AESRC2020-INDIAN-ACCENT-G01442-G01442S1299,AESRC2020-INDIAN-ACCENT-G01442,4.383,INDIAN,tiny,whisper_norm,gold,how did a man with so much talent go so wrong,how did a man with so much talent go so wrong,How did the men with so much talent go so wrong?,how did the men with so much talent go so wrong,0.1818,0.0889,0.8,1.0
test,AESRC2020-INDIAN-ACCENT-G01442-G01442S1300,AESRC2020-INDIAN-ACCENT-G01442,6.56,INDIAN,tiny,whisper_norm,gold,the brady bill is named for former white house press secretary james brady,the brady bill is named for former white house press secretary james brady,The Brady Bill is named for former White House press secretary James Brady.,the brady bill is named for former white house press secretary james brady,0.0,0.0,1.0,1.0
test,AESRC2020-INDIAN-ACCENT-G01442-G01442S2351,AESRC2020-INDIAN-ACCENT-G01442,3.033,INDIAN,tiny,whisper_norm,gold,i don't want to watch father india,i do not want to watch father india,I don't want to watch father India.,i do not want to watch father india,0.0,0.0,1.0,1.0
test,AESRC2020-INDIAN-ACCENT-G01442-G01442S2354,AESRC2020-INDIAN-ACCENT-G01442,5.04,INDIAN,tiny,whisper_norm,gold,how many other people bought park avenue soap storm box,how many other people bought park avenue soap storm box,How many other people bought parkeven new soapy stormbox?,how many other people bought parkeven new soapy stormbox,0.5,0.1273,0.5,0.9
test,AESRC2020-INDIAN-ACCENT-G01458-G01458S1300,AESRC2020-INDIAN-ACCENT-G01458,5.54,INDIAN,tiny,whisper_norm,gold,but to get one with a fixed interest rate you must act fast,but to get one with a fixed interest rate you must act fast,"But to get one with the fixed interest rate, you must act fast.",but to get one with the fixed interest rate you must act fast,0.0769,0.0508,0.9231,1.0
test,AESRC2020-INDIAN-ACCENT-G01458-G01458S2354,AESRC2020-INDIAN-ACCENT-G01458,5.068,INDIAN,tiny,whisper_norm,gold,what is the latest news about the song doste marang mana,what is the latest news about the song doste marang mana,"What is the latest news about the song, Doste Marangmana?",what is the latest news about the song doste marangmana,0.1818,0.0179,0.8,0.9091
test,AESRC2020-INDIAN-ACCENT-G01458-G01458S2355,AESRC2020-INDIAN-ACCENT-G01458,3.635,INDIAN,tiny,whisper_norm,gold,what is the plot of the show begin again,what is the plot of the show begin again,What is the plot of the show begin again?,what is the plot of the show begin again,0.0,0.0,1.0,1.0
test,AESRC2020-INDIAN-ACCENT-G01458-G01458S3370,AESRC2020-INDIAN-ACCENT-G01458,4.622,INDIAN,tiny,whisper_norm,gold,to keep the food warm please keep the rice cooker closed,to keep the food warm please keep the rice cooker closed,"To keep the food warm, please keep the rice cooker closed.",to keep the food warm please keep the rice cooker closed,0.0,0.0,1.0,1.0
test,AESRC2020-INDIAN-ACCENT-G01464-G01464S1299,AESRC2020-INDIAN-ACCENT-G01464,4.745,INDIAN,tiny,whisper_norm,gold,it is too late to lock the stable door when the horse is stolen,it is too late to lock the stable door when the horse is stolen,It is too late to lock the stable door when the horse is stolen.,it is too late to lock the stable door when the horse is stolen,0.0,0.0,1.0,1.0
test,AESRC2020-INDIAN-ACCENT-G01464-G01464S1300,AESRC2020-INDIAN-ACCENT-G01464,4.267,INDIAN,tiny,whisper_norm,gold,i think they were just checking to see if i was paying attention,i think they were just checking to see if i was paying attention,I think they were just taking to see if I was paying attention.,i think they were just taking to see if i was paying attention,0.0769,0.0625,0.9167,1.0
test,AESRC2020-INDIAN-ACCENT-G01464-G01464S2354,AESRC2020-INDIAN-ACCENT-G01464,3.01,INDIAN,tiny,whisper_norm,gold,what is the plot of pilgrims of love,what is the plot of pilgrims of love,What is the plot of Bill Glimbs of Love?,what is the plot of bill glimbs of love,0.25,0.1389,0.8571,1.125
test,AESRC2020-INDIAN-ACCENT-G01464-G01464S2355,AESRC2020-INDIAN-ACCENT-G01464,2.477,INDIAN,tiny,whisper_norm,gold,what are examples of once more,what are examples of once more,Water decouples of once more.,water decouples of once more,0.5,0.2667,0.5,0.8333
test,AESRC2020-INDIAN-ACCENT-G01479-G01479S1299,AESRC2020-INDIAN-ACCENT-G01479,3.942,INDIAN,tiny,whisper_norm,gold,he called to me from the other side of the street,he called to me from the other side of the street,He called to me from the other side of the street.,he called to me from the other side of the street,0.0,0.0,1.0,1.0
test,AESRC2020-INDIAN-ACCENT-G01479-G01479S1300,AESRC2020-INDIAN-ACCENT-G01479,4.729,INDIAN,tiny,whisper_norm,gold,she then chatted with cox in the kitchen for few minutes,she then chatted with cox in the kitchen for few minutes,She then chatted with Cox in the kitchen for a few minutes.,she then chatted with cox in the kitchen for a few minutes,0.0909,0.0357,1.0,1.0909
test,AESRC2020-INDIAN-ACCENT-G01479-G01479S2354,AESRC2020-INDIAN-ACCENT-G01479,3.751,INDIAN,tiny,whisper_norm,gold,give me a summary of the movie veiled enemy,give me a summary of the movie veiled enemy,"Give me a summary of the movie, veiled enemy.",give me a summary of the movie veiled enemy,0.0,0.0,1.0,1.0
test,AESRC2020-INDIAN-ACCENT-G01479-G01479S2355,AESRC2020-INDIAN-ACCENT-G01479,5.18,INDIAN,tiny,whisper_norm,gold,i want to listen to fast songs by pilita corrales,i want to listen to fast songs by pilita corrales,I want to listen to fast songs by PiliTak Corales.,i want to listen to fast songs by pilitak corales,0.2,0.0408,0.7778,1.0
test,AESRC2020-INDIAN-ACCENT-G01479-G01479S3370,AESRC2020-INDIAN-ACCENT-G01479,3.21,INDIAN,tiny,whisper_norm,gold,deactivate the smart light now,deactivate the smart light now,The activate the smart light now.,the activate the smart light now,0.4,0.1,0.8,1.2
test,AESRC2020-INDIAN-ACCENT-G01484-G01484S1300,AESRC2020-INDIAN-ACCENT-G01484,4.585,INDIAN,tiny,whisper_norm,gold,this fellow looks as if he has had ones over the eight,this fellow looks as if he has had ones over the 8,This fellow looks as if he has had one over the eight.,this fellow looks as if he has had one over the 8,0.0833,0.02,0.9167,1.0
test,AESRC2020-INDIAN-ACCENT-G01484-G01484S2355,AESRC2020-INDIAN-ACCENT-G01484,3.543,INDIAN,tiny,whisper_norm,gold,does high tension have more than one series,does high tension have more than one series,Does high tension have more than one series?,does high tension have more than one series,0.0,0.0,1.0,1.0
test,AESRC2020-INDIAN-ACCENT-G01503-G01503S1299,AESRC2020-INDIAN-ACCENT-G01503,5.12,INDIAN,tiny,whisper_norm,gold,so the people have to become alert and awake and become active,so the people have to become alert and awake and become active,So the pupil help to become a light and awake and become active.,so the pupil help to become a light and awake and become active,0.3333,0.1774,0.7,1.0833
test,AESRC2020-INDIAN-ACCENT-G01503-G01503S1300,AESRC2020-INDIAN-ACCENT-G01503,3.9,INDIAN,tiny,whisper_norm,gold,he was knocked out after a day of laboring in the garden,he was knocked out after a day of laboring in the garden,He was knocked out after a day of laboring in the garden.,he was knocked out after a day of laboring in the garden,0.0,0.0,1.0,1.0
test,AESRC2020-INDIAN-ACCENT-G01503-G01503S2354,AESRC2020-INDIAN-ACCENT-G01503,2.653,INDIAN,tiny,whisper_norm,gold,of it the plot of lioness,of it the plot of lioness,What is the plot of Linus?,what is the plot of linus,0.5,0.32,0.6,1.0
test,AESRC2020-INDIAN-ACCENT-G01503-G01503S2355,AESRC2020-INDIAN-ACCENT-G01503,3.44,INDIAN,tiny,whisper_norm,gold,what is the real feel temperature now in el paso,what is the real feel temperature now in el paso,What is the real field temperature now in El Paso?,what is the real field temperature now in el paso,0.1,0.0417,0.9,1.0
test,AESRC2020-INDIAN-ACCENT-G01505-G01505S1299,AESRC2020-INDIAN-ACCENT-G01505,5.809,INDIAN,tiny,whisper_norm,gold,how do you change the tone as vice president as number two,how do you change the tone as vice president as number 2,How do you change the tone as vice-president as number 2?,how do you change the tone as vice president as number 2,0.0,0.0,1.0,1.0
test,AESRC2020-INDIAN-ACCENT-G01505-G01505S1300,AESRC2020-INDIAN-ACCENT-G01505,8.533,INDIAN,tiny,whisper_norm,gold,leave it to cool in the tin for five minutes before cutting it into squares,leave it to cool in the tin for 5 minutes before cutting it into squares,leave it to cool in the tin for 5 minutes before cutting it into squares.,leave it to cool in the tin for 5 minutes before cutting it into squares,0.0,0.0,1.0,1.0
test,AESRC2020-INDIAN-ACCENT-G01505-G01505S2354,AESRC2020-INDIAN-ACCENT-G01505,4.68,INDIAN,tiny,whisper_norm,gold,don't play songs by hermanas aguila,do not play songs by hermanas aguila,Don't play songs by Hermannas Aguilla.,do not play songs by hermannas aguilla,0.2857,0.0556,0.7143,1.0
test,AESRC2020-INDIAN-ACCENT-G01505-G01505S2355,AESRC2020-INDIAN-ACCENT-G01505,4.89,INDIAN,tiny,whisper_norm,gold,i don't want to listen to music by bhupen hazarika,i do not want to listen to music by bhupen hazarika,I don't want to listen to music by boopain Hazareka.,i do not want to listen to music by boopain hazareka,0.1818,0.098,0.8,1.0
test,AESRC2020-INDIAN-ACCENT-G01534-G01534S1300,AESRC2020-INDIAN-ACCENT-G01534,4.226,INDIAN,tiny,whisper_norm,gold,i am not i think quite so much at a loss,i am not i think quite so much at a loss,"I am not, I think, quit so much at loss.",i am not i think quit so much at loss,0.1818,0.075,0.8,0.9091
test,AESRC2020-INDIAN-ACCENT-G01534-G01534S2355,AESRC2020-INDIAN-ACCENT-G01534,4.5,INDIAN,tiny,whisper_norm,gold,what other ways can i say go by in english,what other ways can i say go by in english,What other ways can I say go by in English?,what other ways can i say go by in english,0.0,0.0,1.0,1.0
test,AESRC2020-INDIAN-ACCENT-G01697-G01697S1300,AESRC2020-INDIAN-ACCENT-G01697,7.163,INDIAN,tiny,whisper_norm,gold,this is the second attack that has occurred in nairobi in the month of december,this is the 2nd attack that has occurred in nairobi in the month of december,This is the second attack that has occurred in Nairobi in the month of December.,this is the 2nd attack that has occurred in nairobi in the month of december,0.0,0.0,1.0,1.0
test,AESRC2020-INDIAN-ACCENT-G01697-G01697S2354,AESRC2020-INDIAN-ACCENT-G01697,5.846,INDIAN,tiny,whisper_norm,gold,who is the main actress in the movie fairy of sinhaldwip,who is the main actress in the movie fairy of sinhaldwip,Who is the man actress in the movie fairy of Sin Hal Drift?,who is the man actress in the movie fairy of sin hal drift,0.3636,0.1071,0.8,1.1818
test,AESRC2020-INDIAN-ACCENT-G01697-G01697S2355,AESRC2020-INDIAN-ACCENT-G01697,3.595,INDIAN,tiny,whisper_norm,gold,what is the best way to get to datamatics,what is the best way to get to datamatics,What is the best way to get to data matrix?,what is the best way to get to data matrix,0.2222,0.0976,0.875,1.1111
test,AESRC2020-INDIAN-ACCENT-G01697-G01697S3369,AESRC2020-INDIAN-ACCENT-G01697,3.178,INDIAN,tiny,whisper_norm,gold,please set a proper comfortable volume,please set a proper comfortable volume,Please set a proper comfortable volume.,please set a proper comfortable volume,0.0,0.0,1.0,1.0
test,AESRC2020-INDIAN-ACCENT-G01722-G01722S1298,AESRC2020-INDIAN-ACCENT-G01722,5.375,INDIAN,tiny,whisper_norm,gold,a guard opened the door of the train and the commander got in,a guard opened the door of the train and the commander got in,A guard opened the door of the train and the commander got in.,a guard opened the door of the train and the commander got in,0.0,0.0,1.0,1.0
test,AESRC2020-INDIAN-ACCENT-G01722-G01722S1300,AESRC2020-INDIAN-ACCENT-G01722,5.195,INDIAN,tiny,whisper_norm,gold,president clinton displayed no lack of vigor when he began to speak,president clinton displayed no lack of vigor when he began to speak,President Clinton displayed no lack of rigor when he began to speak.,president clinton displayed no lack of rigor when he began to speak,0.0833,0.0149,0.9167,1.0
test,AESRC2020-INDIAN-ACCENT-G01722-G01722S2353,AESRC2020-INDIAN-ACCENT-G01722,3.365,INDIAN,tiny,whisper_norm,gold,i want to know when it will rain in pali,i want to know when it will rain in pali,"Or what to know, then it will rain in palline.",or what to know then it will rain in palline,0.4,0.2,0.6,1.0
test,AESRC2020-INDIAN-ACCENT-G01722-G01722S2355,AESRC2020-INDIAN-ACCENT-G01722,4.67,INDIAN,tiny,whisper_norm,gold,i want to know about bela shende music career,i want to know about bela shende music career,"I want to know about Bela Shinday, Music Currier.",i want to know about bela shinday music currier,0.2222,0.1333,0.7778,1.0
test,AESRC2020-INDIAN-ACCENT-G01723-G01723S1300,AESRC2020-INDIAN-ACCENT-G01723,6.185,INDIAN,tiny,whisper_norm,gold,i think that would be an opening into a new area of football,i think that would be an opening into a new area of football,I think that would be an opening into a new area of football.,i think that would be an opening into a new area of football,0.0,0.0,1.0,1.0
test,AESRC2020-INDIAN-ACCENT-G01723-G01723S2355,AESRC2020-INDIAN-ACCENT-G01723,3.485,INDIAN,tiny,whisper_norm,gold,will it rain tomorrow in kochi,will it rain tomorrow in kochi,Will it rain tomorrow in Kochi?,will it rain tomorrow in kochi,0.0,0.0,1.0,1.0
test,AESRC2020-INDIAN-ACCENT-G01737-G01737S1299,AESRC2020-INDIAN-ACCENT-G01737,4.39,INDIAN,tiny,whisper_norm,gold,you don't seem to realize what turn ice you are on,you do not seem to realize what turn ice you are on,You don't seem to realize what 10 I see you are on.,you do not seem to realize what 10 i see you are on,0.25,0.1176,0.8182,1.0833
test,AESRC2020-INDIAN-ACCENT-G01737-G01737S1300,AESRC2020-INDIAN-ACCENT-G01737,4.024,INDIAN,tiny,whisper_norm,gold,but it has to be in the context of the try,but it has to be in the context of the try,But it has to be in the context of the try.,but it has to be in the context of the try,0.0,0.0,1.0,1.0
test,AESRC2020-INDIAN-ACCENT-G01737-G01737S2354,AESRC2020-INDIAN-ACCENT-G01737,4.72,INDIAN,tiny,whisper_norm,gold,help me buy a plane ticket to republic of vanuatu,help me buy a plane ticket to republic of vanuatu,Help me buy a plane ticket to Republic of 1-2.,help me buy a plane ticket to republic of one 2,0.2,0.1224,0.9,1.1
test,AESRC2020-INDIAN-ACCENT-G01737-G01737S2355,AESRC2020-INDIAN-ACCENT-G01737,2.79,INDIAN,tiny,whisper_norm,gold,will it rain tomorrow in danapur,will it rain tomorrow in danapur,Will it rain tomorrow and dana?,will it rain tomorrow and dana,0.3333,0.1562,0.6667,1.0
test,AESRC2020-INDIAN-ACCENT-G01754-G01754S1298,AESRC2020-INDIAN-ACCENT-G01754,3.935,INDIAN,tiny,whisper_norm,gold,all the members of the family get together once a year,all the members of the family get together once a year,All the members of the family get together once a year.,all the members of the family get together once a year,0.0,0.0,1.0,1.0
test,AESRC2020-INDIAN-ACCENT-G01754-G01754S1299,AESRC2020-INDIAN-ACCENT-G01754,4.74,INDIAN,tiny,whisper_norm,gold,she did not like it because it looked so dark and sinister,she did not like it because it looked so dark and sinister,She did not like it because it looked so dark and sinister.,she did not like it because it looked so dark and sinister,0.0,0.0,1.0,1.0
test,AESRC2020-INDIAN-ACCENT-G01754-G01754S2353,AESRC2020-INDIAN-ACCENT-G01754,3.445,INDIAN,tiny,whisper_norm,gold,is they just want on any movie soundtracks,is they just want on any movie soundtracks,Is there just one ton any movie sound tracks?,is there just one ton any movie sound tracks,0.625,0.1667,0.5,1.125
test,AESRC2020-INDIAN-ACCENT-G01754-G01754S2355,AESRC2020-INDIAN-ACCENT-G01754,4.375,INDIAN,tiny,whisper_norm,gold,does hotel shelter have an indoor pool and gym,does hotel shelter have an indoor pool and gym,Does hotel shelter have an indoor pool and gym?,does hotel shelter have an indoor pool and gym,0.0,0.0,1.0,1.0
test,AESRC2020-INDIAN-ACCENT-G01754-G01754S3370,AESRC2020-INDIAN-ACCENT-G01754,3.63,INDIAN,tiny,whisper_norm,gold,i will hear to some random music,i will hear to some random music,I will hear to some random music.,i will hear to some random music,0.0,0.0,1.0,1.0
test,AESRC2020-INDIAN-ACCENT-G01767-G01767S1298,AESRC2020-INDIAN-ACCENT-G01767,6.323,INDIAN,tiny,whisper_norm,gold,but the president doesn't teach so who cares what degree he or she has,but the president does not teach so who cares what degree he or she has,"But the president doesn't teach, so who cares what degree he or she has.",but the president does not teach so who cares what degree he or she has,0.0,0.0,1.0,1.0
test,AESRC2020-INDIAN-ACCENT-G01767-G01767S1299,AESRC2020-INDIAN-ACCENT-G01767,5.645,INDIAN,tiny,whisper_norm,gold,i do have real concerns though about the quality of the police overall,i do have real concerns though about the quality of the police overall,I do have real concerns though about the quality of the police overall.,i do have real concerns though about the quality of the police overall,0.0,0.0,1.0,1.0
test,AESRC2020-INDIAN-ACCENT-G01767-G01767S2354,AESRC2020-INDIAN-ACCENT-G01767,3.59,INDIAN,tiny,whisper_norm,gold,when did the show yes boss first air,when did the show yes boss 1st air,When did the show yes boss first ear?,when did the show yes boss 1st ear,0.125,0.0588,0.875,1.0
test,AESRC2020-INDIAN-ACCENT-G01767-G01767S2355,AESRC2020-INDIAN-ACCENT-G01767,3.794,INDIAN,tiny,whisper_norm,gold,i want to know recent news about sajid jafri,i want to know recent news about sajid jafri,I want to know a recent news about Sahaja Dajafri.,i want to know a recent news about sahaja dajafri,0.3333,0.1591,0.7778,1.1111
test,AESRC2020-INDIAN-ACCENT-G01784-G01784S1299,AESRC2020-INDIAN-ACCENT-G01784,6.355,INDIAN,tiny,whisper_norm,gold,he got up his eyes still flashing between gatsby and his wife,he got up his eyes still flashing between gatsby and his wife,"He got up, his eyes are still flashing between gates by and his wife.",he got up his eyes are still flashing between gates by and his wife,0.25,0.0984,0.9091,1.1667
test,AESRC2020-INDIAN-ACCENT-G01784-G01784S1300,AESRC2020-INDIAN-ACCENT-G01784,5.37,INDIAN,tiny,whisper_norm,gold,tom wasted no time in telling me why he had come,tom wasted no time in telling me why he had come,Tom vested no time in telling me why he had come.,tom vested no time in telling me why he had come,0.0909,0.0417,0.9091,1.0
test,AESRC2020-INDIAN-ACCENT-G01784-G01784S2354,AESRC2020-INDIAN-ACCENT-G01784,3.39,INDIAN,tiny,whisper_norm,gold,how is the weather today in birmingham,how is the weather today in birmingham,How is the weather today in Bilmingham?,how is the weather today in bilmingham,0.1429,0.0263,0.8571,1.0
test,AESRC2020-INDIAN-ACCENT-G01784-G01784S2355,AESRC2020-INDIAN-ACCENT-G01784,3.475,INDIAN,tiny,whisper_norm,gold,where is the best place to eat in ukraine,where is the best place to eat in ukraine,Where is the best place to eating Ukraine?,where is the best place to eating ukraine,0.2222,0.0488,0.7778,0.8889
test,AESRC2020-INDIAN-ACCENT-G01786-G01786S1299,AESRC2020-INDIAN-ACCENT-G01786,5.555,INDIAN,tiny,whisper_norm,gold,i'm only just beginning to take it in that he's still missing,i am only just beginning to take it in that he is still missing,I am only just beginning to take it and that he is still missing.,i am only just beginning to take it and that he is still missing,0.0714,0.0317,0.9286,1.0
test,AESRC2020-INDIAN-ACCENT-G01786-G01786S1300,AESRC2020-INDIAN-ACCENT-G01786,4.74,INDIAN,tiny,whisper_norm,gold,love the way we are getting more and more radio with pictures,love the way we are getting more and more radio with pictures,Love the way we are getting more and more radio with pictures.,love the way we are getting more and more radio with pictures,0.0,0.0,1.0,1.0
test,AESRC2020-INDIAN-ACCENT-G01786-G01786S2354,AESRC2020-INDIAN-ACCENT-G01786,3.95,INDIAN,tiny,whisper_norm,gold,remove the show twin peaks from my watch list,remove the show twin peaks from my watch list,Remove the show Twin Peaks from my watch list.,remove the show twin peaks from my watch list,0.0,0.0,1.0,1.0
test,AESRC2020-INDIAN-ACCENT-G01786-G01786S2355,AESRC2020-INDIAN-ACCENT-G01786,5.323,INDIAN,tiny,whisper_norm,gold,i want to know more about the movie a full moon night in spring,i want to know more about the movie a full moon night in spring,"I want to know more about the movie of Full Moon, Night and Spring.",i want to know more about the movie of full moon night and spring,0.1429,0.0635,0.8571,1.0
test,AESRC2020-INDIAN-ACCENT-G01820-G01820S1298,AESRC2020-INDIAN-ACCENT-G01820,6.25,INDIAN,tiny,whisper_norm,gold,it's great if you can find a river that's isn't already dammed,it is great if you can find a river that is is not already dammed,It's great if you can find a river that's isn't already damped.,it is great if you can find a river that is is not already damped,0.0667,0.0154,0.9231,1.0
test,AESRC2020-INDIAN-ACCENT-G01820-G01820S1300,AESRC2020-INDIAN-ACCENT-G01820,3.71,INDIAN,tiny,whisper_norm,gold,her sudden success put us all in the shade,her sudden success put us all in the shade,Her sedent success put us all in the shed.,her sedent success put us all in the shed,0.2222,0.119,0.7778,1.0
test,AESRC2020-INDIAN-ACCENT-G01820-G01820S2357,AESRC2020-INDIAN-ACCENT-G01820,4.777,INDIAN,tiny,whisper_norm,gold,what's a recommended dish at hotel mirch masala,what is a recommended dish at hotel mirch masala,What's a recommended dish at Hotel Mirch Masala?,what is a recommended dish at hotel mirch masala,0.0,0.0,1.0,1.0
test,AESRC2020-INDIAN-ACCENT-G01820-G01820S2360,AESRC2020-INDIAN-ACCENT-G01820,3.995,INDIAN,tiny,whisper_norm,gold,what's the nearest gopal krishnan hotel branch,what is the nearest gopal krishnan hotel branch,What's the nearest gopal Krishna in hotel branch?,what is the nearest gopal krishna in hotel branch,0.25,0.0426,0.875,1.125
test,AESRC2020-INDIAN-ACCENT-G01820-G01820S3371,AESRC2020-INDIAN-ACCENT-G01820,2.708,INDIAN,tiny,whisper_norm,gold,you have to turn off the air conditioner,you have to turn off the air conditioner,You have to turn off the air conditioner.,you have to turn off the air conditioner,0.0,0.0,1.0,1.0
test,AESRC2020-INDIAN-ACCENT-G01832-G01832S1300,AESRC2020-INDIAN-ACCENT-G01832,4.002,INDIAN,tiny,whisper_norm,gold,don't forget to put stamps on your letter,do not forget to put stamps on your letter,Don't forget to put stamps on your letter.,do not forget to put stamps on your letter,0.0,0.0,1.0,1.0
test,AESRC2020-INDIAN-ACCENT-G01832-G01832S2365,AESRC2020-INDIAN-ACCENT-G01832,4.66,INDIAN,tiny,whisper_norm,gold,i want to book a table at khandalwal restaurant,i want to book a table at khandalwal restaurant,I want to book a table at Khandel World Restaurant.,i want to book a table at khandel world restaurant,0.2222,0.1064,0.8889,1.1111
test,AESRC2020-INDIAN-ACCENT-G01947-G01947S1299,AESRC2020-INDIAN-ACCENT-G01947,3.57,INDIAN,tiny,whisper_norm,gold,oh are you going to get on my back too,0 are you going to get on my back too,"Oh, are you going to get on my back too?",0 are you going to get on my back too,0.0,0.0,1.0,1.0
test,AESRC2020-INDIAN-ACCENT-G01947-G01947S1300,AESRC2020-INDIAN-ACCENT-G01947,4.716,INDIAN,tiny,whisper_norm,gold,but there are few daily newspapers and print runs are small,but there are few daily newspapers and print runs are small,But there are few daily newspapers in print runs are small,but there are few daily newspapers in print runs are small,0.0909,0.0339,0.9,1.0
test,AESRC2020-INDIAN-ACCENT-G01947-G01947S2364,AESRC2020-INDIAN-ACCENT-G01947,4.075,INDIAN,tiny,whisper_norm,gold,what are the top attractions in virginia beach,what are the top attractions in virginia beach,What are the top attractions in Virginia Beach?,what are the top attractions in virginia beach,0.0,0.0,1.0,1.0
test,AESRC2020-INDIAN-ACCENT-G01947-G01947S2365,AESRC2020-INDIAN-ACCENT-G01947,3.105,INDIAN,tiny,whisper_norm,gold,what is anchorage famous for,what is anchorage famous for,What is encourage famous for?,what is encourage famous for,0.2,0.1071,0.8,1.0
test,AESRC2020-INDIAN-ACCENT-G01955-G01955S1300,AESRC2020-INDIAN-ACCENT-G01955,6.57,INDIAN,tiny,whisper_norm,gold,july is the season i look forward to flying i miss the burning hot,july is the season i look forward to flying i miss the burning hot,July is the season I look forward to flying. I miss the burning hot.,july is the season i look forward to flying i miss the burning hot,0.0,0.0,1.0,1.0
test,AESRC2020-INDIAN-ACCENT-G01955-G01955S2365,AESRC2020-INDIAN-ACCENT-G01955,4.525,INDIAN,tiny,whisper_norm,gold,what's kevee keyam enterprises contact number,what is kevee keyam enterprises contact number,what's kibkyaom enterprises contact number,what is kibkyaom enterprises contact number,0.2857,0.1522,0.7143,0.8571
test,AESRC2020-INDIAN-ACCENT-G01958-G01958S1299,AESRC2020-INDIAN-ACCENT-G01958,3.539,INDIAN,tiny,whisper_norm,gold,he had difficulty edging in a word of his own,he had difficulty edging in a word of his own,He had difficulty adding in a word of his own.,he had difficulty adding in a word of his own,0.1,0.0444,0.9,1.0
test,AESRC2020-INDIAN-ACCENT-G01958-G01958S1300,AESRC2020-INDIAN-ACCENT-G01958,4.675,INDIAN,tiny,whisper_norm,gold,let's face it if we don't use them other countries will despite,let us face it if we do not use them other countries will despite,"Let's face it, if we don't use them, other countries will despise.",let us face it if we do not use them other countries will despise,0.0714,0.0154,0.9286,1.0
test,AESRC2020-INDIAN-ACCENT-G01958-G01958S2364,AESRC2020-INDIAN-ACCENT-G01958,3.626,INDIAN,tiny,whisper_norm,gold,i want to book a table at dx cafe restaurant,i want to book a table at dx cafe restaurant,I want to book a table at Dex Cafe restaurant.,i want to book a table at dex cafe restaurant,0.1,0.0227,0.9,1.0
test,AESRC2020-INDIAN-ACCENT-G01958-G01958S2365,AESRC2020-INDIAN-ACCENT-G01958,3.407,INDIAN,tiny,whisper_norm,gold,show me similar music videos to brown,show me similar music videos to brown,Show me similar music videos to Brown.,show me similar music videos to brown,0.0,0.0,1.0,1.0
test,AESRC2020-INDIAN-ACCENT-G01958-G01958S3375,AESRC2020-INDIAN-ACCENT-G01958,2.035,INDIAN,tiny,whisper_norm,gold,in need of warmth,in need of warmth,in need of warmth.,in need of warmth,0.0,0.0,1.0,1.0
test,AESRC2020-INDIAN-ACCENT-G01960-G01960S1299,AESRC2020-INDIAN-ACCENT-G01960,4.365,INDIAN,tiny,whisper_norm,gold,the wallpaper in the house is in a sad state,the wallpaper in the house is in a sad state,The wallpaper in the house is in a sad state.,the wallpaper in the house is in a sad state,0.0,0.0,1.0,1.0
test,AESRC2020-INDIAN-ACCENT-G01960-G01960S1300,AESRC2020-INDIAN-ACCENT-G01960,3.405,INDIAN,tiny,whisper_norm,gold,the big house on the hill is my ambition,the big house on the hill is my ambition,The big house on the hill is my ambition.,the big house on the hill is my ambition,0.0,0.0,1.0,1.0
test,AESRC2020-INDIAN-ACCENT-G01960-G01960S2365,AESRC2020-INDIAN-ACCENT-G01960,3.591,INDIAN,tiny,whisper_norm,gold,does shape of you feature in any films,does shape of you feature in any films,Does shape of your feature in any films?,does shape of your feature in any films,0.125,0.0263,0.875,1.0
test,AESRC2020-INDIAN-ACCENT-G01964-G01964S1299,AESRC2020-INDIAN-ACCENT-G01964,4.881,INDIAN,tiny,whisper_norm,gold,when she shook my hand i noticed that she had long nails,when she shook my hand i noticed that she had long nails,"When she shook my hand, I noticed that she had long nails.",when she shook my hand i noticed that she had long nails,0.0,0.0,1.0,1.0
test,AESRC2020-INDIAN-ACCENT-G01964-G01964S1300,AESRC2020-INDIAN-ACCENT-G01964,3.98,INDIAN,tiny,whisper_norm,gold,i am here for career day with my son ricky,i am here for career day with my son ricky,I am here for Karya Day with my son Riki.,i am here for karya day with my son riki,0.2,0.1429,0.8,1.0
test,AESRC2020-INDIAN-ACCENT-G01964-G01964S2363,AESRC2020-INDIAN-ACCENT-G01964,3.382,INDIAN,tiny,whisper_norm,gold,what's the cheapest flight to buckeye,what is the cheapest flight to buckeye,What's the cheapest flight to Bokai?,what is the cheapest flight to bokai,0.1429,0.1316,0.8571,1.0
test,AESRC2020-INDIAN-ACCENT-G01964-G01964S2365,AESRC2020-INDIAN-ACCENT-G01964,3.948,INDIAN,tiny,whisper_norm,gold,show me films similar to briefless barrister,show me films similar to briefless barrister,Show me films similar to brief Les Barista.,show me films similar to brief les barista,0.4286,0.1136,0.7143,1.1429
test,AESRC2020-INDIAN-ACCENT-G01990-G01990S1299,AESRC2020-INDIAN-ACCENT-G01990,4.39,INDIAN,tiny,whisper_norm,gold,we strive to raise the equipment is our pride,we strive to raise the equipment is our pride,We strive to raise the equipment as our pride.,we strive to raise the equipment as our pride,0.1111,0.0222,0.8889,1.0
test,AESRC2020-INDIAN-ACCENT-G01990-G01990S1300,AESRC2020-INDIAN-ACCENT-G01990,4.26,INDIAN,tiny,whisper_norm,gold,we went to see the eiffel tower in the morning,we went to see the eiffel tower in the morning,We went to see the Ifer tar in the morning.,we went to see the ifer tar in the morning,0.2,0.1304,0.7778,1.0
test,AESRC2020-INDIAN-ACCENT-G01990-G01990S2364,AESRC2020-INDIAN-ACCENT-G01990,3.855,INDIAN,tiny,whisper_norm,gold,is redbus supported on mac os,is redbus supported on mac os,is red bus supported on Mac OS.,is red bus supported on mac os,0.3333,0.0345,0.8333,1.1667
test,AESRC2020-INDIAN-ACCENT-G01990-G01990S2365,AESRC2020-INDIAN-ACCENT-G01990,5.02,INDIAN,tiny,whisper_norm,gold,does hotel varadhman vihar cater for vegetarians,does hotel varadhman vihar cater for vegetarians,Does hotel worth the man we hire cater for vegetarians?,does hotel worth the man we hire cater for vegetarians,0.7143,0.2708,0.7143,1.4286
test,AESRC2020-INDIAN-ACCENT-G01990-G01990S3375,AESRC2020-INDIAN-ACCENT-G01990,4.155,INDIAN,tiny,whisper_norm,gold,will you please lower the volume of the television,will you please lower the volume of the television,Will you please lower the volume of the television?,will you please lower the volume of the television,0.0,0.0,1.0,1.0
test,AESRC2020-INDIAN-ACCENT-G02032-G02032S1300,AESRC2020-INDIAN-ACCENT-G02032,4.127,INDIAN,tiny,whisper_norm,gold,the tragedy is that i don't remember the author or title,the tragedy is that i do not remember the author or title,The tragedy is that I don't remember the author or title.,the tragedy is that i do not remember the author or title,0.0,0.0,1.0,1.0
test,AESRC2020-INDIAN-ACCENT-G02032-G02032S2363,AESRC2020-INDIAN-ACCENT-G02032,5.362,INDIAN,tiny,whisper_norm,gold,create a playlist with only tn seshagopalan songs,create a playlist with only tn seshagopalan songs,Create a playlist with only T and Shisha Gobal and Songs.,create a playlist with only t and shisha gobal and songs,0.625,0.1837,0.75,1.375
test,AESRC2020-INDIAN-ACCENT-G02039-G02039S1297,AESRC2020-INDIAN-ACCENT-G02039,7.33,INDIAN,tiny,whisper_norm,gold,she prefers to stay in detention rather than be released and go into exile,she prefers to stay in detention rather than be released and go into exile,She prefers to stay in detention rather than be released and go into exile.,she prefers to stay in detention rather than be released and go into exile,0.0,0.0,1.0,1.0
test,AESRC2020-INDIAN-ACCENT-G02039-G02039S2364,AESRC2020-INDIAN-ACCENT-G02039,5.72,INDIAN,tiny,whisper_norm,gold,are there any famous faces in the to be alive music video,are there any famous faces in the to be alive music video,Are there any famous faces in the 2B Live Music video?,are there any famous faces in the 2 b live music video,0.25,0.0702,0.75,1.0
test,AESRC2020-INDIAN-ACCENT-G02039-G02039S2365,AESRC2020-INDIAN-ACCENT-G02039,3.59,INDIAN,tiny,whisper_norm,gold,is there rain due in macamic,is there rain due in macamic,Is there rain due in macamic?,is there rain due in macamic,0.0,0.0,1.0,1.0
test,AESRC2020-INDIAN-ACCENT-G02043-G02043S1299,AESRC2020-INDIAN-ACCENT-G02043,4.555,INDIAN,tiny,whisper_norm,gold,i said nothing which made him still more angry,i said nothing which made him still more angry,I said nothing which made him still more angry.,i said nothing which made him still more angry,0.0,0.0,1.0,1.0
test,AESRC2020-INDIAN-ACCENT-G02043-G02043S1300,AESRC2020-INDIAN-ACCENT-G02043,3.407,INDIAN,tiny,whisper_norm,gold,where do you make it lie down at noon,where do you make it lie down at noon,Where do you make it light at noon?,where do you make it light at noon,0.2222,0.1622,0.7778,0.8889
test,AESRC2020-INDIAN-ACCENT-G02043-G02043S2364,AESRC2020-INDIAN-ACCENT-G02043,4.685,INDIAN,tiny,whisper_norm,gold,what's the best way to get to prince edward island,what is the best way to get to prince edward island,What's the best way to get to Prince Edward Island?,what is the best way to get to prince edward island,0.0,0.0,1.0,1.0
test,AESRC2020-INDIAN-ACCENT-G02043-G02043S2365,AESRC2020-INDIAN-ACCENT-G02043,3.8,INDIAN,tiny,whisper_norm,gold,play the first episode of the shining,play the 1st episode of the shining,Play the first episode of the shining.,play the 1st episode of the shining,0.0,0.0,1.0,1.0
test,AESRC2020-INDIAN-ACCENT-G02067-G02067S1186,AESRC2020-INDIAN-ACCENT-G02067,5.9,INDIAN,tiny,whisper_norm,gold,a shade of doubt in her voice made me afraid,a shade of doubt in her voice made me afraid,A shade of doubt in her voice made me afraid.,a shade of doubt in her voice made me afraid,0.0,0.0,1.0,1.0
test,AESRC2020-INDIAN-ACCENT-G02067-G02067S1207,AESRC2020-INDIAN-ACCENT-G02067,7.1,INDIAN,tiny,whisper_norm,gold,if you click on the applet it will start a new puzzle,if you click on the applet it will start a new puzzle,"If you click on the appert, it will start a new puzzle.",if you click on the appert it will start a new puzzle,0.0833,0.0377,0.9167,1.0
test,AESRC2020-INDIAN-ACCENT-G02067-G02067S1278,AESRC2020-INDIAN-ACCENT-G02067,7.1,INDIAN,tiny,whisper_norm,gold,just enter your location and we will return a list of results,just enter your location and we will return a list of results,Just take your location and we will return a list of results.,just take your location and we will return a list of results,0.0833,0.0656,0.9167,1.0
test,AESRC2020-INDIAN-ACCENT-G02113-G02113S1297,AESRC2020-INDIAN-ACCENT-G02113,3.66,INDIAN,tiny,whisper_norm,gold,she feld the rubber tight to her face and breathed fast,she feld the rubber tight to her face and breathed fast,She fell the rubber tight to her face and became fast.,she fell the rubber tight to her face and became fast,0.1818,0.1091,0.8182,1.0
test,AESRC2020-INDIAN-ACCENT-G02113-G02113S1300,AESRC2020-INDIAN-ACCENT-G02113,3.9,INDIAN,tiny,whisper_norm,gold,i understood him to say that he would cooperate,i understood him to say that he would cooperate,I understood him to say that he would cooperate.,i understood him to say that he would cooperate,0.0,0.0,1.0,1.0
test,AESRC2020-INDIAN-ACCENT-G02113-G02113S2365,AESRC2020-INDIAN-ACCENT-G02113,4.77,INDIAN,tiny,whisper_norm,gold,how many times have i listen to runnin out of time,how many times have i listen to runnin out of time,How many times have I listened to the real out of time?,how many times have i listened to the real out of time,0.2727,0.2,0.8182,1.0909
test,AESRC2020-INDIAN-ACCENT-G02113-G02113S2366,AESRC2020-INDIAN-ACCENT-G02113,4.325,INDIAN,tiny,whisper_norm,gold,are there are places not worth going to in jackson,are there are places not worth going to in jackson,or there are places not worth going to injection.,or there are places not worth going to injection,0.3,0.12,0.7778,0.9
test,AESRC2020-INDIAN-ACCENT-G02114-G02114S1299,AESRC2020-INDIAN-ACCENT-G02114,5.165,INDIAN,tiny,whisper_norm,gold,and we could have a roll top desk with comment cards on them,and we could have a roll top desk with comment cards on them,And we could have a roll top desk with comment cards on them.,and we could have a roll top desk with comment cards on them,0.0,0.0,1.0,1.0
test,AESRC2020-INDIAN-ACCENT-G02114-G02114S1300,AESRC2020-INDIAN-ACCENT-G02114,4.85,INDIAN,tiny,whisper_norm,gold,john is a funny comedian his jokes always bring down the house,john is a funny comedian his jokes always bring down the house,John is a funny comedian. His jokes always bring down the house.,john is a funny comedian his jokes always bring down the house,0.0,0.0,1.0,1.0
test,AESRC2020-INDIAN-ACCENT-G02114-G02114S2366,AESRC2020-INDIAN-ACCENT-G02114,4.395,INDIAN,tiny,whisper_norm,gold,which attractions in richmond are suitable for couples,which attractions in richmond are suitable for couples,which attractions in rich mode are suitable for couples.,which attractions in rich mode are suitable for couples,0.25,0.0556,0.875,1.125
test,AESRC2020-INDIAN-ACCENT-G02150-G02150S1299,AESRC2020-INDIAN-ACCENT-G02150,4.868,INDIAN,tiny,whisper_norm,gold,air in the mountain is dry fresh and cool,air in the mountain is dry fresh and cool,air in the mountain is dry fresh and cool.,air in the mountain is dry fresh and cool,0.0,0.0,1.0,1.0
test,AESRC2020-INDIAN-ACCENT-G02150-G02150S1300,AESRC2020-INDIAN-ACCENT-G02150,5.426,INDIAN,tiny,whisper_norm,gold,it grows more and more with your quick clicking on the red circle,it grows more and more with your quick clicking on the red circle,It grows more and more with your quick clicking on the red circle.,it grows more and more with your quick clicking on the red circle,0.0,0.0,1.0,1.0
test,AESRC2020-INDIAN-ACCENT-G02150-G02150S2365,AESRC2020-INDIAN-ACCENT-G02150,3.295,INDIAN,tiny,whisper_norm,gold,skip the next sukhwinder singh song,skip the next sukhwinder singh song,Shiva vedhana,shiva vedhana,1.0,0.8,0.0,0.3333
test,AESRC2020-INDIAN-ACCENT-G02150-G02150S2366,AESRC2020-INDIAN-ACCENT-G02150,4.837,INDIAN,tiny,whisper_norm,gold,how many award has imperfect transmission won,how many award has imperfect transmission won,How many awards has imperfect transmission won?,how many awards has imperfect transmission won,0.1429,0.0222,0.8571,1.0
test,AESRC2020-INDIAN-ACCENT-G02150-G02150S3376,AESRC2020-INDIAN-ACCENT-G02150,3.227,INDIAN,tiny,whisper_norm,gold,can the oven be turned off,can the oven be turned off,Gend the open beat turned off,gend the open beat turned off,0.5,0.2308,0.5,1.0
test,AESRC2020-INDIAN-ACCENT-G02207-G02207S1299,AESRC2020-INDIAN-ACCENT-G02207,5.001,INDIAN,tiny,whisper_norm,gold,this was a day of fog and this day hunger awoke it him again,this was a day of fog and this day hunger awoke it him again,This was a day of fog and this day hunger evoked in him again.,this was a day of fog and this day hunger evoked in him again,0.1429,0.0667,0.8333,1.0
test,AESRC2020-INDIAN-ACCENT-G02207-G02207S1300,AESRC2020-INDIAN-ACCENT-G02207,3.911,INDIAN,tiny,whisper_norm,gold,did you spend a sleepless night with an ill child,did you spend a sleepless night with an ill child,Did you spend a sleepless night with an ill child?,did you spend a sleepless night with an ill child,0.0,0.0,1.0,1.0
test,AESRC2020-INDIAN-ACCENT-G02207-G02207S2346,AESRC2020-INDIAN-ACCENT-G02207,2.907,INDIAN,tiny,whisper_norm,gold,show more shows like legion,show more shows like legion,"So, more so is like legion.",so more so is like legion,0.6,0.1852,0.6,1.2
test,AESRC2020-INDIAN-ACCENT-G02207-G02207S2362,AESRC2020-INDIAN-ACCENT-G02207,3.92,INDIAN,tiny,whisper_norm,gold,how many branches does shri gayatri bhojnalaya,how many branches does shri gayatri bhojnalaya,How many branches does Sri Gayatri Bhurna like?,how many branches does sri gayatri bhurna like,0.4286,0.1522,0.7143,1.1429
test,AESRC2020-INDIAN-ACCENT-G02287-G02287S1299,AESRC2020-INDIAN-ACCENT-G02287,3.422,INDIAN,tiny,whisper_norm,gold,except for him i would be out of work,except for him i would be out of work,Except for him I would be out of work.,except for him i would be out of work,0.0,0.0,1.0,1.0
test,AESRC2020-INDIAN-ACCENT-G02287-G02287S1300,AESRC2020-INDIAN-ACCENT-G02287,3.8,INDIAN,tiny,whisper_norm,gold,the dentist could detect no decay in her teeth,the dentist could detect no decay in her teeth,The dentist could detect no decay in her teeth.,the dentist could detect no decay in her teeth,0.0,0.0,1.0,1.0
test,AESRC2020-INDIAN-ACCENT-G02287-G02287S2365,AESRC2020-INDIAN-ACCENT-G02287,3.35,INDIAN,tiny,whisper_norm,gold,how long is one episode of homeland,how long is one episode of homeland,How long is one episode of Unland?,how long is one episode of unland,0.1429,0.1143,0.8571,1.0
test,AESRC2020-INDIAN-ACCENT-G02287-G02287S2366,AESRC2020-INDIAN-ACCENT-G02287,4.253,INDIAN,tiny,whisper_norm,gold,add mario pompetti up next on the play queue,add mario pompetti up next on the play queue,"and Mario, Pompati up next on the play queue.",and mario pompati up next on the play queue,0.2222,0.0682,0.7778,1.0
test,AESRC2020-INDIAN-ACCENT-G02287-G02287S3376,AESRC2020-INDIAN-ACCENT-G02287,2.042,INDIAN,tiny,whisper_norm,gold,adjust direction to,adjust direction to,I just direction to,i just direction to,0.6667,0.1053,0.6667,1.3333
test,AESRC2020-INDIAN-ACCENT-G02315-G02315S1299,AESRC2020-INDIAN-ACCENT-G02315,4.38,INDIAN,tiny,whisper_norm,gold,please let us know by cable when we can expect delivery,please let us know by cable when we can expect delivery,Please let us know by cable when we can expect delivery.,please let us know by cable when we can expect delivery,0.0,0.0,1.0,1.0
test,AESRC2020-INDIAN-ACCENT-G02315-G02315S1300,AESRC2020-INDIAN-ACCENT-G02315,4.63,INDIAN,tiny,whisper_norm,gold,the village has change a great deal since we last visited it,the village has change a great deal since we last visited it,The village has changed a great deal since we last visited it.,the village has changed a great deal since we last visited it,0.0833,0.0167,0.9167,1.0
test,AESRC2020-INDIAN-ACCENT-G02315-G02315S2353,AESRC2020-INDIAN-ACCENT-G02315,2.976,INDIAN,tiny,whisper_norm,gold,i need to restart redbus,i need to restart redbus,I need to restart Redbus,i need to restart redbus,0.0,0.0,1.0,1.0
test,AESRC2020-INDIAN-ACCENT-G02315-G02315S2354,AESRC2020-INDIAN-ACCENT-G02315,3.838,INDIAN,tiny,whisper_norm,gold,i want to know who sings the song bad timing,i want to know who sings the song bad timing,I want to know who sings the song by timing.,i want to know who sings the song by timing,0.1,0.0455,0.9,1.0
test,AESRC2020-INDIAN-ACCENT-G02320-G02320S1298,AESRC2020-INDIAN-ACCENT-G02320,5.879,INDIAN,tiny,whisper_norm,gold,that sounds great but if there is any opportunity to see your factory,that sounds great but if there is any opportunity to see your factory,"That sounds great, but if there is any opportunity to see your factory.",that sounds great but if there is any opportunity to see your factory,0.0,0.0,1.0,1.0
test,AESRC2020-INDIAN-ACCENT-G02320-G02320S1299,AESRC2020-INDIAN-ACCENT-G02320,4.359,INDIAN,tiny,whisper_norm,gold,if she were not a poor sailor she would go by steamer,if she were not a poor sailor she would go by steamer,"If C were not a poor seller, C would go by steamer.",if c were not a poor seller c would go by steamer,0.25,0.1698,0.8182,1.0
test,AESRC2020-INDIAN-ACCENT-G02320-G02320S2354,AESRC2020-INDIAN-ACCENT-G02320,2.316,INDIAN,tiny,whisper_norm,gold,tell me more about suraiya,tell me more about suraiya,Tell me more about Suraya.,tell me more about suraya,0.2,0.0385,0.8,1.0
test,AESRC2020-INDIAN-ACCENT-G02320-G02320S2355,AESRC2020-INDIAN-ACCENT-G02320,2.846,INDIAN,tiny,whisper_norm,gold,when did neha rajpal first debut,when did neha rajpal 1st debut,When did Nihar Rajpal first debut?,when did nihar rajpal 1st debut,0.1667,0.0667,0.8333,1.0
test,AESRC2020-INDIAN-ACCENT-G02321-G02321S1300,AESRC2020-INDIAN-ACCENT-G02321,7.53,INDIAN,tiny,whisper_norm,gold,you can led a leopard to a popsicle but you can't make him share,you can led a leopard to a popsicle but you can not make him share,You can let a leopard to a pessisil but you can't make him share.,you can let a leopard to a pessisil but you can not make him share,0.1333,0.0909,0.8333,1.0
test,AESRC2020-INDIAN-ACCENT-G02321-G02321S2355,AESRC2020-INDIAN-ACCENT-G02321,4.795,INDIAN,tiny,whisper_norm,gold,what are examples of at any rate,what are examples of at any rate,What are examples of it and me rate?,what are examples of it and me rate,0.4286,0.1562,0.7143,1.1429
test,AESRC2020-INDIAN-ACCENT-G02323-G02323S1299,AESRC2020-INDIAN-ACCENT-G02323,5.436,INDIAN,tiny,whisper_norm,gold,sunny boy you are sure to be most popular in london,sunny boy you are sure to be most popular in london,"Sunny boy, you are sure to be most popular in London.",sunny boy you are sure to be most popular in london,0.0,0.0,1.0,1.0
test,AESRC2020-INDIAN-ACCENT-G02323-G02323S1300,AESRC2020-INDIAN-ACCENT-G02323,5.29,INDIAN,tiny,whisper_norm,gold,he was asked to appear before a court but he didn't,he was asked to appear before a court but he did not,He was asked to appear before a court but he didn't.,he was asked to appear before a court but he did not,0.0,0.0,1.0,1.0
test,AESRC2020-INDIAN-ACCENT-G02323-G02323S2354,AESRC2020-INDIAN-ACCENT-G02323,5.31,INDIAN,tiny,whisper_norm,gold,what times can i visit g v m s college of education,what times can i visit g v m s college of education,What times can I visit GVM's College of Education?,what times can i visit gvm is college of education,0.3333,0.0588,0.6667,0.8333
test,AESRC2020-INDIAN-ACCENT-G02323-G02323S2355,AESRC2020-INDIAN-ACCENT-G02323,4.68,INDIAN,tiny,whisper_norm,gold,i want to watch another movie like pride of satyabhama,i want to watch another movie like pride of satyabhama,I want to watch another movie like Pride of Satyabhama.,i want to watch another movie like pride of satyabhama,0.0,0.0,1.0,1.0
test,AESRC2020-INDIAN-ACCENT-G02325-G02325S1299,AESRC2020-INDIAN-ACCENT-G02325,4.455,INDIAN,tiny,whisper_norm,gold,please help me banking those chairs in front of the screen,please help me banking those chairs in front of the screen,Please help me banking those chairs in front of the screen.,please help me banking those chairs in front of the screen,0.0,0.0,1.0,1.0
test,AESRC2020-INDIAN-ACCENT-G02325-G02325S1300,AESRC2020-INDIAN-ACCENT-G02325,4.786,INDIAN,tiny,whisper_norm,gold,i think what they are arguing about here is the purpose of competition,i think what they are arguing about here is the purpose of competition,I think what they are giving about here is the purpose of competition.,i think what they are giving about here is the purpose of competition,0.0769,0.0571,0.9231,1.0
test,AESRC2020-INDIAN-ACCENT-G02325-G02325S2354,AESRC2020-INDIAN-ACCENT-G02325,4.122,INDIAN,tiny,whisper_norm,gold,when will the next episode of out of africa air,when will the next episode of out of africa air,When will the next episode of Out of Africa air?,when will the next episode of out of africa air,0.0,0.0,1.0,1.0
test,AESRC2020-INDIAN-ACCENT-G02325-G02325S2355,AESRC2020-INDIAN-ACCENT-G02325,4.262,INDIAN,tiny,whisper_norm,gold,what soundtracks have music by khalid al machiqah,what soundtracks have music by khalid al machiqah,What song tracks have music by Khalid Al-Makkah?,what song tracks have music by khalid al makkah,0.375,0.1429,0.75,1.125
test,AESRC2020-INDIAN-ACCENT-G02325-G02325S3370,AESRC2020-INDIAN-ACCENT-G02325,2.504,INDIAN,tiny,whisper_norm,gold,write a text message for me,write a text message for me,Write a text message for me.,write a text message for me,0.0,0.0,1.0,1.0
test,AESRC2020-INDIAN-ACCENT-G02354-G02354S1299,AESRC2020-INDIAN-ACCENT-G02354,4.3,INDIAN,tiny,whisper_norm,gold,the leaking of a gas pipe can easily cause an explosion,the leaking of a gas pipe can easily cause an explosion,The leaking of a gas pipe can easily cause an explosion.,the leaking of a gas pipe can easily cause an explosion,0.0,0.0,1.0,1.0
test,AESRC2020-INDIAN-ACCENT-G02354-G02354S1300,AESRC2020-INDIAN-ACCENT-G02354,5.245,INDIAN,tiny,whisper_norm,gold,in agriculture we are pleased by the rise in us exports to china,in agriculture we are pleased by the rise in us exports to china,"In Agri Kulchurvi, I'm pleased by the rise in U.S. exports to China.",in agri kulchurvi i am pleased by the rise in u s exports to china,0.4615,0.1719,0.6667,1.1538
test,AESRC2020-INDIAN-ACCENT-G02354-G02354S2354,AESRC2020-INDIAN-ACCENT-G02354,4.565,INDIAN,tiny,whisper_norm,gold,i want to know the highest and lowest temperature today in mangalore,i want to know the highest and lowest temperature today in mangalore,I want to know the highest and lowest temperature today in Mangalow.,i want to know the highest and lowest temperature today in mangalow,0.0833,0.0294,0.9167,1.0
test,AESRC2020-INDIAN-ACCENT-G02354-G02354S2355,AESRC2020-INDIAN-ACCENT-G02354,3.429,INDIAN,tiny,whisper_norm,gold,what is the best way to get to south goa,what is the best way to get to south goa,What is the best way to get to South Goa?,what is the best way to get to south goa,0.0,0.0,1.0,1.0
test,AESRC2020-INDIAN-ACCENT-G02354-G02354S3370,AESRC2020-INDIAN-ACCENT-G02354,3.498,INDIAN,tiny,whisper_norm,gold,my food needs to stay in cool place,my food needs to stay in cool place,My food needs to stay in a cool place.,my food needs to stay in a cool place,0.125,0.0571,1.0,1.125
test,AESRC2020-INDIAN-ACCENT-G02359-G02359S1299,AESRC2020-INDIAN-ACCENT-G02359,7.295,INDIAN,tiny,whisper_norm,gold,if you have a sweet tooth you might even think of chocolate chip cookies,if you have a sweet tooth you might even think of chocolate chip cookies,"If you have a sweet tooth, you might even think of chocolate chip cookies.",if you have a sweet tooth you might even think of chocolate chip cookies,0.0,0.0,1.0,1.0
test,AESRC2020-INDIAN-ACCENT-G02359-G02359S1300,AESRC2020-INDIAN-ACCENT-G02359,6.325,INDIAN,tiny,whisper_norm,gold,i subscribed to that magazine it is put out every week,i subscribed to that magazine it is put out every week,"I subscribe to that magazine, it is put out every week.",i subscribe to that magazine it is put out every week,0.0909,0.0185,0.9091,1.0
test,AESRC2020-INDIAN-ACCENT-G02359-G02359S2354,AESRC2020-INDIAN-ACCENT-G02359,4.58,INDIAN,tiny,whisper_norm,gold,i want to know how long it will rain in chichester,i want to know how long it will rain in chichester,I want to know how long it will rain in the tester.,i want to know how long it will rain in the tester,0.1818,0.08,0.9091,1.0909
test,AESRC2020-INDIAN-ACCENT-G02359-G02359S2355,AESRC2020-INDIAN-ACCENT-G02359,3.935,INDIAN,tiny,whisper_norm,gold,i want to know the lyrics to bright dances,i want to know the lyrics to bright dances,I want to know the lyrics to bright dances.,i want to know the lyrics to bright dances,0.0,0.0,1.0,1.0
test,AESRC2020-INDIAN-ACCENT-G02362-G02362S1299,AESRC2020-INDIAN-ACCENT-G02362,5.005,INDIAN,tiny,whisper_norm,gold,the police must do all they can to bring the criminals to justice,the police must do all they can to bring the criminals to justice,The police must do all they can to bring the criminals to justice.,the police must do all they can to bring the criminals to justice,0.0,0.0,1.0,1.0
test,AESRC2020-INDIAN-ACCENT-G02362-G02362S1300,AESRC2020-INDIAN-ACCENT-G02362,6.879,INDIAN,tiny,whisper_norm,gold,he likes to air his knowledge ie let others see how much he knows,he likes to air his knowledge ie let others see how much he knows,"He likes to air his knowledge. I eat, let others see how much he knows.",he likes to air his knowledge i eat let others see how much he knows,0.1429,0.0462,0.9231,1.0714
test,AESRC2020-INDIAN-ACCENT-G02362-G02362S2354,AESRC2020-INDIAN-ACCENT-G02362,3.912,INDIAN,tiny,whisper_norm,gold,when will the next episode of ever wood air,when will the next episode of ever wood air,When will the next episode of Everwood Air?,when will the next episode of everwood air,0.2222,0.0233,0.7778,0.8889
test,AESRC2020-INDIAN-ACCENT-G02362-G02362S2355,AESRC2020-INDIAN-ACCENT-G02362,4.706,INDIAN,tiny,whisper_norm,gold,i want to know about the cooking methods at hotel shreyas,i want to know about the cooking methods at hotel shreyas,I want to know about the cooking methods at hotel stress.,i want to know about the cooking methods at hotel stress,0.0909,0.0526,0.9091,1.0
test,AESRC2020-INDIAN-ACCENT-G02376-G02376S1299,AESRC2020-INDIAN-ACCENT-G02376,6.37,INDIAN,tiny,whisper_norm,gold,may i a smell of them and compare which one i like better,may i a smell of them and compare which one i like better,"May I, a smell of them, and compare which one I like better?",may i a smell of them and compare which one i like better,0.0,0.0,1.0,1.0
test,AESRC2020-INDIAN-ACCENT-G02376-G02376S1300,AESRC2020-INDIAN-ACCENT-G02376,5.26,INDIAN,tiny,whisper_norm,gold,so that's the kind of firearm she could just stick in her purse,so that is the kind of firearm she could just stick in her purse,"So, that's the kind of firearm she could just take in her purse.",so that is the kind of firearm she could just take in her purse,0.0714,0.0625,0.9286,1.0
test,AESRC2020-INDIAN-ACCENT-G02376-G02376S2354,AESRC2020-INDIAN-ACCENT-G02376,3.885,INDIAN,tiny,whisper_norm,gold,help me find the definition of clever at,help me find the definition of clever at,Help me find the definition of Claver At.,help me find the definition of claver at,0.125,0.025,0.875,1.0
test,AESRC2020-INDIAN-ACCENT-G02376-G02376S2355,AESRC2020-INDIAN-ACCENT-G02376,3.354,INDIAN,tiny,whisper_norm,gold,how much will it snow in imphal,how much will it snow in imphal,How much will it know in Nepal?,how much will it know in nepal,0.2857,0.129,0.7143,1.0
test,AESRC2020-INDIAN-ACCENT-G02376-G02376S3370,AESRC2020-INDIAN-ACCENT-G02376,2.623,INDIAN,tiny,whisper_norm,gold,i want you to cook my food now,i want you to cook my food now,I want you to cook my food now.,i want you to cook my food now,0.0,0.0,1.0,1.0
test,AESRC2020-INDIAN-ACCENT-G02396-G02396S1299,AESRC2020-INDIAN-ACCENT-G02396,6.696,INDIAN,tiny,whisper_norm,gold,his resignation has left a power vacuum at the head of the party,his resignation has left a power vacuum at the head of the party,His resignation has left a power vacuum at the head of the party.,his resignation has left a power vacuum at the head of the party,0.0,0.0,1.0,1.0
test,AESRC2020-INDIAN-ACCENT-G02396-G02396S1300,AESRC2020-INDIAN-ACCENT-G02396,5.985,INDIAN,tiny,whisper_norm,gold,every summer my parents would pack me up and take me to her house,every summer my parents would pack me up and take me to her house,Every summer my parents would pack me up and take me to her house.,every summer my parents would pack me up and take me to her house,0.0,0.0,1.0,1.0
test,AESRC2020-INDIAN-ACCENT-G02396-G02396S2354,AESRC2020-INDIAN-ACCENT-G02396,4.967,INDIAN,tiny,whisper_norm,gold,what genre of music is two flow,what genre of music is 2 flow,What genre of music is too slow?,what genre of music is too slow,0.2857,0.1379,0.7143,1.0
test,AESRC2020-INDIAN-ACCENT-G02396-G02396S2355,AESRC2020-INDIAN-ACCENT-G02396,8.534,INDIAN,tiny,whisper_norm,gold,i want to know what the weather be like tomorrow morning in unalaska,i want to know what the weather be like tomorrow morning in unalaska,I want to know what the weather be like tomorrow morning in Unaraskar.,i want to know what the weather be like tomorrow morning in unaraskar,0.0769,0.0294,0.9231,1.0
test,AESRC2020-INDIAN-ACCENT-G02396-G02396S3370,AESRC2020-INDIAN-ACCENT-G02396,4.439,INDIAN,tiny,whisper_norm,gold,turn on the system to control temprature,turn on the system to control temprature,done on the system to control temperature.,done on the system to control temperature,0.2857,0.125,0.7143,1.0
test,AESRC2020-INDIAN-ACCENT-G02398-G02398S1299,AESRC2020-INDIAN-ACCENT-G02398,7.462,INDIAN,tiny,whisper_norm,gold,they found that most people the world eat about the same amount of salt,they found that most people the world eat about the same amount of salt,They found that most people the world eat about the same amount of salt.,they found that most people the world eat about the same amount of salt,0.0,0.0,1.0,1.0
test,AESRC2020-INDIAN-ACCENT-G02398-G02398S1300,AESRC2020-INDIAN-ACCENT-G02398,7.083,INDIAN,tiny,whisper_norm,gold,shut in the hut i'm puzzled how to cut down the output of nuts,shut in the hut i am puzzled how to cut down the output of nuts,"Shit in the heart, I'm puzzled how to cut down the output of nuts.",shit in the heart i am puzzled how to cut down the output of nuts,0.1333,0.0635,0.8571,1.0
test,AESRC2020-INDIAN-ACCENT-G02398-G02398S2354,AESRC2020-INDIAN-ACCENT-G02398,3.99,INDIAN,tiny,whisper_norm,gold,where can i hear music from babul supriyo,where can i hear music from babul supriyo,Where can I hear music from Babel Supriot?,where can i hear music from babel supriot,0.25,0.0732,0.75,1.0
test,AESRC2020-INDIAN-ACCENT-G02398-G02398S3370,AESRC2020-INDIAN-ACCENT-G02398,2.02,INDIAN,tiny,whisper_norm,gold,selfie time,selfie time,Selfie time,selfie time,0.0,0.0,1.0,1.0
test,AESRC2020-INDIAN-ACCENT-G02406-G02406S1299,AESRC2020-INDIAN-ACCENT-G02406,5.125,INDIAN,tiny,whisper_norm,gold,swish in the solution a second time rinse and drain on tissue paper,swish in the solution a 2nd time rinse and drain on tissue paper,"So, it is in the solution a second time, rinse and drain on tissue paper.",so it is in the solution a 2nd time rinse and drain on tissue paper,0.2308,0.0938,0.9231,1.1538
test,AESRC2020-INDIAN-ACCENT-G02406-G02406S1300,AESRC2020-INDIAN-ACCENT-G02406,4.875,INDIAN,tiny,whisper_norm,gold,i do love it and i love your name i love princess consuela,i do love it and i love your name i love princess consuela,I do love it and I love your name I love Princess Consela.,i do love it and i love your name i love princess consela,0.0769,0.0172,0.8889,1.0
test,AESRC2020-INDIAN-ACCENT-G02406-G02406S2353,AESRC2020-INDIAN-ACCENT-G02406,4.39,INDIAN,tiny,whisper_norm,gold,what rating does mandakini vacations private limited have,what rating does mandakini vacations private limited have,What rating does Mandaakni vacations private limited have?,what rating does mandaakni vacations private limited have,0.125,0.0351,0.875,1.0
test,AESRC2020-INDIAN-ACCENT-G02406-G02406S2354,AESRC2020-INDIAN-ACCENT-G02406,3.115,INDIAN,tiny,whisper_norm,gold,i want to know who sings the songs azona pop,i want to know who sings the songs azona pop,I want to know who sings the songs as owner pop.,i want to know who sings the songs as owner pop,0.2,0.1136,0.9,1.1
test,AESRC2020-INDIAN-ACCENT-G02406-G02406S3370,AESRC2020-INDIAN-ACCENT-G02406,3.14,INDIAN,tiny,whisper_norm,gold,is the purifier at full speed,is the purifier at full speed,is the purifier at full speed.,is the purifier at full speed,0.0,0.0,1.0,1.0
test,AESRC2020-INDIAN-ACCENT-G02427-G02427S1300,AESRC2020-INDIAN-ACCENT-G02427,5.47,INDIAN,tiny,whisper_norm,gold,god bless all the people from all over the world who send their support,god bless all the people from all over the world who send their support,God bless all the people from all over the world who send their support.,god bless all the people from all over the world who send their support,0.0,0.0,1.0,1.0
test,AESRC2020-INDIAN-ACCENT-G02427-G02427S2355,AESRC2020-INDIAN-ACCENT-G02427,3.705,INDIAN,tiny,whisper_norm,gold,i don't want to watch an american crime,i do not want to watch an american crime,I don't want to watch an American crime.,i do not want to watch an american crime,0.0,0.0,1.0,1.0
test,AESRC2020-INDIAN-ACCENT-G02433-G02433S1300,AESRC2020-INDIAN-ACCENT-G02433,6.181,INDIAN,tiny,whisper_norm,gold,yes they are professional for you get to credit cards for bad credit,yes they are professional for you get to credit cards for bad credit,"Yes, they are professional for you get to credit cards for bad credit.",yes they are professional for you get to credit cards for bad credit,0.0,0.0,1.0,1.0
test,AESRC2020-INDIAN-ACCENT-G02433-G02433S2354,AESRC2020-INDIAN-ACCENT-G02433,4.66,INDIAN,tiny,whisper_norm,gold,does kartika restaurant have any vegetarian options,does kartika restaurant have any vegetarian options,Does Kartikara student have any vegetarian options?,does kartikara student have any vegetarian options,0.2857,0.1176,0.7143,1.0
test,AESRC2020-INDIAN-ACCENT-G02440-G02440S1299,AESRC2020-INDIAN-ACCENT-G02440,4.912,INDIAN,tiny,whisper_norm,gold,if you come to my house i will give you accommodation for the night,if you come to my house i will give you accommodation for the night,"If you come to my house, I will give you accommodation for the night.",if you come to my house i will give you accommodation for the night,0.0,0.0,1.0,1.0
test,AESRC2020-INDIAN-ACCENT-G02440-G02440S1300,AESRC2020-INDIAN-ACCENT-G02440,4.925,INDIAN,tiny,whisper_norm,gold,for an importer such as a retailer the situation is much more complex,for an importer such as a retailer the situation is much more complex,"For an importer such as a retailer, the situation is much more complex.",for an importer such as a retailer the situation is much more complex,0.0,0.0,1.0,1.0
test,AESRC2020-INDIAN-ACCENT-G02440-G02440S2353,AESRC2020-INDIAN-ACCENT-G02440,2.961,INDIAN,tiny,whisper_norm,gold,how humid is it today in bath,how humid is it today in bath,How you made a visit today in Bath?,how you made a visit today in bath,0.5714,0.3103,0.5714,1.1429
test,AESRC2020-INDIAN-ACCENT-G02440-G02440S2355,AESRC2020-INDIAN-ACCENT-G02440,5.348,INDIAN,tiny,whisper_norm,gold,how many times have i played the song no thirteen young gypsy's romance,how many times have i played the song no 13 young gypsy is romance,How many times have I played the song number 13 young Gypsy's romance?,how many times have i played the song number 13 young gypsy is romance,0.0714,0.0758,0.9286,1.0
test,AESRC2020-INDIAN-ACCENT-G02449-G02449S1300,AESRC2020-INDIAN-ACCENT-G02449,5.537,INDIAN,tiny,whisper_norm,gold,that character in the calligraphy is slanted so is the calligraphy on the wall,that character in the calligraphy is slanted so is the calligraphy on the wall,that character in the calligraphy is planted so the calligraphy on the wall.,that character in the calligraphy is planted so the calligraphy on the wall,0.1429,0.0513,0.9,0.9286
test,AESRC2020-INDIAN-ACCENT-G02449-G02449S2355,AESRC2020-INDIAN-ACCENT-G02449,3.775,INDIAN,tiny,whisper_norm,gold,what kind of payments do they take at devendra,what kind of payments do they take at devendra,What kind of payments do they take at the wind draw?,what kind of payments do they take at the wind draw,0.3333,0.1739,0.8889,1.2222
test,AESRC2020-INDIAN-ACCENT-G02481-G02481S1299,AESRC2020-INDIAN-ACCENT-G02481,5.095,INDIAN,tiny,whisper_norm,gold,but to do so he must unite the elements wind and cloud,but to do so he must unite the elements wind and cloud,"But to do so, he must unite the elements when and cloud.",but to do so he must unite the elements when and cloud,0.0833,0.0556,0.9167,1.0
test,AESRC2020-INDIAN-ACCENT-G02481-G02481S1300,AESRC2020-INDIAN-ACCENT-G02481,3.887,INDIAN,tiny,whisper_norm,gold,with the aid of a compass the traveler can find his bearings,with the aid of a compass the traveler can find his bearings,With the aid of a compass the traveler can find his bearings.,with the aid of a compass the traveler can find his bearings,0.0,0.0,1.0,1.0
test,AESRC2020-INDIAN-ACCENT-G02481-G02481S2354,AESRC2020-INDIAN-ACCENT-G02481,2.995,INDIAN,tiny,whisper_norm,gold,tell me more about the show pakdam pakdai,tell me more about the show pakdam pakdai,Tell me more about the show Pakadam Pakadai.,tell me more about the show pakadam pakadai,0.25,0.0488,0.75,1.0
test,AESRC2020-INDIAN-ACCENT-G02481-G02481S2355,AESRC2020-INDIAN-ACCENT-G02481,4.455,INDIAN,tiny,whisper_norm,gold,how is the air quality this week in birmingham,how is the air quality this week in birmingham,How is the air quality this week in? BIRMING them.,how is the air quality this week in birming them,0.2222,0.0652,0.8889,1.1111
test,AESRC2020-INDIAN-ACCENT-G02495-G02495S1300,AESRC2020-INDIAN-ACCENT-G02495,5.485,INDIAN,tiny,whisper_norm,gold,mary was told by the angel that she was with child,mary was told by the angel that she was with child,Mary was told by the angel that she was with child.,mary was told by the angel that she was with child,0.0,0.0,1.0,1.0
test,AESRC2020-INDIAN-ACCENT-G02495-G02495S2355,AESRC2020-INDIAN-ACCENT-G02495,5.519,INDIAN,tiny,whisper_norm,gold,i want to listen to the fast songs by malaysia vasudevan,i want to listen to the fast songs by malaysia vasudevan,I want to listen to the fast songs by Malaysia was to Daivon.,i want to listen to the fast songs by malaysia was to daivon,0.2727,0.1429,0.9,1.1818
test,AESRC2020-INDIAN-ACCENT-G02502-G02502S1300,AESRC2020-INDIAN-ACCENT-G02502,5.664,INDIAN,tiny,whisper_norm,gold,from the gorge came the noise of the stream in the boulders,from the gorge came the noise of the stream in the boulders,From the Georgie came the noise of the stream in the boulders.,from the georgie came the noise of the stream in the boulders,0.0833,0.0339,0.8889,1.0
test,AESRC2020-INDIAN-ACCENT-G02502-G02502S2355,AESRC2020-INDIAN-ACCENT-G02502,5.135,INDIAN,tiny,whisper_norm,gold,what collaborations has v selvaganesh done,what collaborations has v selvaganesh done,What collaborations has we Selva Ganesh done?,what collaborations has we selva ganesh done,0.5,0.0714,0.6667,1.1667
test,AESRC2020-INDIAN-ACCENT-G02523-G02523S1299,AESRC2020-INDIAN-ACCENT-G02523,6.217,INDIAN,tiny,whisper_norm,gold,timothy put on his hat cocked his eye at me and left us alone,timothy put on his hat cocked his eye at me and left us alone,"Timuti put on his head, cocked his eye at me and left us alone.",timuti put on his head cocked his eye at me and left us alone,0.1429,0.082,0.8462,1.0
test,AESRC2020-INDIAN-ACCENT-G02523-G02523S1300,AESRC2020-INDIAN-ACCENT-G02523,4.87,INDIAN,tiny,whisper_norm,gold,what do you know about sesame oil added to soy sauce,what do you know about sesame oil added to soy sauce,What do you know about C-Semi oil added to soy sauce?,what do you know about c semi oil added to soy sauce,0.1818,0.0769,0.9091,1.0909
test,AESRC2020-INDIAN-ACCENT-G02523-G02523S2352,AESRC2020-INDIAN-ACCENT-G02523,4.77,INDIAN,tiny,whisper_norm,gold,i want to know if shah and shah builders has any vacancies,i want to know if shah and shah builders has any vacancies,I want to know if Shah and Shah builders has any vacancies.,i want to know if shah and shah builders has any vacancies,0.0,0.0,1.0,1.0
test,AESRC2020-INDIAN-ACCENT-G02523-G02523S2355,AESRC2020-INDIAN-ACCENT-G02523,3.712,INDIAN,tiny,whisper_norm,gold,what time will the sun set in sonipat,what time will the sun set in sonipat,What time will the sunset in Sony Path?,what time will the sunset in sony path,0.5,0.1081,0.625,1.0
test,AESRC2020-INDIAN-ACCENT-G02523-G02523S3370,AESRC2020-INDIAN-ACCENT-G02523,2.17,INDIAN,tiny,whisper_norm,gold,turn on the switches,turn on the switches,turn on the switches.,turn on the switches,0.0,0.0,1.0,1.0
test,AESRC2020-INDIAN-ACCENT-G02548-G02548S1299,AESRC2020-INDIAN-ACCENT-G02548,3.955,INDIAN,tiny,whisper_norm,gold,the book was so popular that they made a movie out of it,the book was so popular that they made a movie out of it,The book was so popular that they made a movie out of it.,the book was so popular that they made a movie out of it,0.0,0.0,1.0,1.0
test,AESRC2020-INDIAN-ACCENT-G02548-G02548S1300,AESRC2020-INDIAN-ACCENT-G02548,4.795,INDIAN,tiny,whisper_norm,gold,the future is unknown we also can't anything for the past,the future is unknown we also can not anything for the past,"The future is unknown, we also can't anything for the past.",the future is unknown we also can not anything for the past,0.0,0.0,1.0,1.0
test,AESRC2020-INDIAN-ACCENT-G02548-G02548S2353,AESRC2020-INDIAN-ACCENT-G02548,5.105,INDIAN,tiny,whisper_norm,gold,is this the original version of i'll si si ya in bahia,is this the original version of i will si si ya in bahia,Is this the original version of Eilzisiya in Bahia?,is this the original version of eilzisiya in bahia,0.3846,0.1429,0.6667,0.6923
test,AESRC2020-INDIAN-ACCENT-G02548-G02548S2355,AESRC2020-INDIAN-ACCENT-G02548,3.517,INDIAN,tiny,whisper_norm,gold,i want to watch more shows like sajan ghar jaana hai,i want to watch more shows like sajan ghar jaana hai,I want to watch more shows like Sajan Garjana.,i want to watch more shows like sajan garjana,0.2727,0.1346,0.7273,0.8182
test,AESRC2020-INDIAN-ACCENT-G02582-G02582S1299,AESRC2020-INDIAN-ACCENT-G02582,3.81,INDIAN,tiny,whisper_norm,gold,he was as good a cadre as one could wish for,he was as good a cadre as one could wish for,He was as good a catter as one could wish for.,he was as good a catter as one could wish for,0.0909,0.0682,0.9,1.0
test,AESRC2020-INDIAN-ACCENT-G02582-G02582S1300,AESRC2020-INDIAN-ACCENT-G02582,3.953,INDIAN,tiny,whisper_norm,gold,although i have friends get married and have children but i was still young,although i have friends get married and have children but i was still young,Although I have friends get married and have children but I was still young.,although i have friends get married and have children but i was still young,0.0,0.0,1.0,1.0
test,AESRC2020-INDIAN-ACCENT-G02582-G02582S2354,AESRC2020-INDIAN-ACCENT-G02582,1.71,INDIAN,tiny,whisper_norm,gold,i don't want to watch shanti,i do not want to watch shanti,I don't want to watch Shanti.,i do not want to watch shanti,0.0,0.0,1.0,1.0
test,AESRC2020-INDIAN-ACCENT-G02582-G02582S2355,AESRC2020-INDIAN-ACCENT-G02582,2.621,INDIAN,tiny,whisper_norm,gold,i want to download the song giddy up a ding dong,i want to download the song giddy up a ding dong,I want to download this song GD up at DIN DONG.,i want to download this song gd up at din dong,0.3636,0.1458,0.6364,1.0
test,AESRC2020-INDIAN-ACCENT-G02628-G02628S1299,AESRC2020-INDIAN-ACCENT-G02628,4.877,INDIAN,tiny,whisper_norm,gold,sadly the husband must admit that he has not read this story,sadly the husband must admit that he has not read this story,"Sadly, the husband must admit that he has not read this story.",sadly the husband must admit that he has not read this story,0.0,0.0,1.0,1.0
test,AESRC2020-INDIAN-ACCENT-G02628-G02628S2354,AESRC2020-INDIAN-ACCENT-G02628,3.837,INDIAN,tiny,whisper_norm,gold,i want to know the seven day weather forecast in pickering,i want to know the 7 day weather forecast in pickering,I want to know the 7 day weather forecast in Pickering.,i want to know the 7 day weather forecast in pickering,0.0,0.0,1.0,1.0
test,AESRC2020-INDIAN-ACCENT-G02628-G02628S2355,AESRC2020-INDIAN-ACCENT-G02628,2.624,INDIAN,tiny,whisper_norm,gold,how sunny is it today in karawal nagar,how sunny is it today in karawal nagar,House Sunny is at today in Karaval Nagar.,house sunny is at today in karaval nagar,0.375,0.1316,0.625,1.0
test,AESRC2020-INDIAN-ACCENT-G02628-G02628S3369,AESRC2020-INDIAN-ACCENT-G02628,2.11,INDIAN,tiny,whisper_norm,gold,use remote to turn off,use remote to turn off,Use remote to turn off.,use remote to turn off,0.0,0.0,1.0,1.0
test,AESRC2020-INDIAN-ACCENT-G02684-G02684S1299,AESRC2020-INDIAN-ACCENT-G02684,5.855,INDIAN,tiny,whisper_norm,gold,even at a young age i knew my perceptions might be flawed,even at a young age i knew my perceptions might be flawed,Even at a young age I knew my perceptions might be flawed.,even at a young age i knew my perceptions might be flawed,0.0,0.0,1.0,1.0
test,AESRC2020-INDIAN-ACCENT-G02684-G02684S1300,AESRC2020-INDIAN-ACCENT-G02684,5.469,INDIAN,tiny,whisper_norm,gold,she propose marriage to the man she had known for only two months,she propose marriage to the man she had known for only 2 months,"See proposed marriage to the man, see her known for only two months.",see proposed marriage to the man see her known for only 2 months,0.3077,0.0794,0.75,1.0
test,AESRC2020-INDIAN-ACCENT-G02684-G02684S2354,AESRC2020-INDIAN-ACCENT-G02684,4.444,INDIAN,tiny,whisper_norm,gold,what other ways can i say critical of in english,what other ways can i say critical of in english,What other ways can I say critical of 4 in English?,what other ways can i say critical of 4 in english,0.1,0.0417,1.0,1.1
test,AESRC2020-INDIAN-ACCENT-G02684-G02684S2355,AESRC2020-INDIAN-ACCENT-G02684,3.13,INDIAN,tiny,whisper_norm,gold,only play songs by ismael belouch,only play songs by ismael belouch,"Only play songs might be small, be large.",only play songs might be small be large,0.8333,0.4242,0.5,1.3333
test,AESRC2020-INDIAN-ACCENT-G02684-G02684S3370,AESRC2020-INDIAN-ACCENT-G02684,2.265,INDIAN,tiny,whisper_norm,gold,activity the oven,activity the oven,Activity.ORN,activity orn,0.6667,0.3529,0.3333,0.6667
test,AESRC2020-INDIAN-ACCENT-G02703-G02703S1297,AESRC2020-INDIAN-ACCENT-G02703,4.765,INDIAN,tiny,whisper_norm,gold,boys are very much in the minority at the dancing class,boys are very much in the minority at the dancing class,buys are very much in the minority at the dancing class.,buys are very much in the minority at the dancing class,0.0909,0.0182,0.9,1.0
test,AESRC2020-INDIAN-ACCENT-G02703-G02703S1299,AESRC2020-INDIAN-ACCENT-G02703,5.957,INDIAN,tiny,whisper_norm,gold,the bird landed on the branch then settled down and folded its wings,the bird landed on the branch then settled down and folded its wings,"The bird landed on the branch, then satuiled down and folded its wings.",the bird landed on the branch then satuiled down and folded its wings,0.0769,0.0441,0.9167,1.0
test,AESRC2020-INDIAN-ACCENT-G02703-G02703S3370,AESRC2020-INDIAN-ACCENT-G02703,2.046,INDIAN,tiny,whisper_norm,gold,cut down the ac,cut down the ac,Cut down the AC.,cut down the ac,0.0,0.0,1.0,1.0
test,AESRC2020-INDIAN-ACCENT-G02725-G02725S1299,AESRC2020-INDIAN-ACCENT-G02725,4.345,INDIAN,tiny,whisper_norm,gold,the property is to be put up on the market without reserve,the property is to be put up on the market without reserve,The property is to be put up on the market without reserve.,the property is to be put up on the market without reserve,0.0,0.0,1.0,1.0
test,AESRC2020-INDIAN-ACCENT-G02725-G02725S1300,AESRC2020-INDIAN-ACCENT-G02725,6.04,INDIAN,tiny,whisper_norm,gold,all of the stock is different so security is not the same as marginal,all of the stock is different so security is not the same as marginal,"All of the stock is different, so security is not the same as marginal.",all of the stock is different so security is not the same as marginal,0.0,0.0,1.0,1.0
test,AESRC2020-INDIAN-ACCENT-G02725-G02725S2354,AESRC2020-INDIAN-ACCENT-G02725,4.354,INDIAN,tiny,whisper_norm,gold,tell me more about the show yahan main ghar ghar kheli,tell me more about the show yahan main ghar ghar kheli,Tell me more about the show. Here I am at Gargarch Hill.,tell me more about the show here i am at gargarch hill,0.5455,0.3333,0.6,1.0909
test,AESRC2020-INDIAN-ACCENT-G02725-G02725S2355,AESRC2020-INDIAN-ACCENT-G02725,6.475,INDIAN,tiny,whisper_norm,gold,what times can i visit sai ram educational trust group of institutions,what times can i visit sai ram educational trust group of institutions,What times can I visit Sairam's educational trust group of institutions?,what times can i visit sairam is educational trust group of institutions,0.1667,0.0571,0.8333,1.0
test,AESRC2020-INDIAN-ACCENT-G02725-G02725S3369,AESRC2020-INDIAN-ACCENT-G02725,3.185,INDIAN,tiny,whisper_norm,gold,i need information about the time now,i need information about the time now,I need information about the time now.,i need information about the time now,0.0,0.0,1.0,1.0
test,AESRC2020-INDIAN-ACCENT-G02770-G02770S1295,AESRC2020-INDIAN-ACCENT-G02770,3.411,INDIAN,tiny,whisper_norm,gold,but it is certainly not salaries that we are going to pay,but it is certainly not salaries that we are going to pay,But it is certainly not salaries that we are going to pay.,but it is certainly not salaries that we are going to pay,0.0,0.0,1.0,1.0
test,AESRC2020-INDIAN-ACCENT-G02770-G02770S1300,AESRC2020-INDIAN-ACCENT-G02770,4.118,INDIAN,tiny,whisper_norm,gold,he was as sore with the united states as he was with the united kingdom,he was as sore with the united states as he was with the united kingdom,He was as sore with the innated states as he was with the innated kingdom.,he was as sore with the innated states as he was with the innated kingdom,0.1333,0.0845,0.8889,1.0
test,AESRC2020-INDIAN-ACCENT-G02770-G02770S2354,AESRC2020-INDIAN-ACCENT-G02770,3.972,INDIAN,tiny,whisper_norm,gold,remove all songs by buckshot from my playlist,remove all songs by buckshot from my playlist,Remove all songs by box short from my playlist.,remove all songs by box short from my playlist,0.25,0.0889,0.875,1.125
test,AESRC2020-INDIAN-ACCENT-G02770-G02770S2355,AESRC2020-INDIAN-ACCENT-G02770,3.774,INDIAN,tiny,whisper_norm,gold,what platforms can i watch whale rider on,what platforms can i watch whale rider on,What platforms can I watch? Will right around?,what platforms can i watch will right around,0.375,0.2439,0.625,1.0
test,AESRC2020-INDIAN-ACCENT-G02796-G02796S1299,AESRC2020-INDIAN-ACCENT-G02796,4.968,INDIAN,tiny,whisper_norm,gold,when i got to the office i looked up the song fond farewell,when i got to the office i looked up the song fond farewell,"When I got to the office, I looked up the song for a while.",when i got to the office i looked up the song for a while,0.2308,0.1356,0.8182,1.0769
test,AESRC2020-INDIAN-ACCENT-G02796-G02796S1300,AESRC2020-INDIAN-ACCENT-G02796,3.585,INDIAN,tiny,whisper_norm,gold,you can write up your notes on the life of a bee,you can write up your notes on the life of a bee,You can write up your notes on the life of a bee.,you can write up your notes on the life of a bee,0.0,0.0,1.0,1.0
test,AESRC2020-INDIAN-ACCENT-G02796-G02796S2354,AESRC2020-INDIAN-ACCENT-G02796,5.085,INDIAN,tiny,whisper_norm,gold,help me find the best deal on lux soap charming mangolia bar box,help me find the best deal on lux soap charming mangolia bar box,Help me find a best deal on Luxo op charming Mongolian bar box.,help me find a best deal on luxo op charming mongolian bar box,0.3077,0.125,0.6923,1.0
test,AESRC2020-INDIAN-ACCENT-G02796-G02796S2355,AESRC2020-INDIAN-ACCENT-G02796,3.594,INDIAN,tiny,whisper_norm,gold,how is the air quality today in allahabad,how is the air quality today in allahabad,How is the air quality today in Alaha Bad?,how is the air quality today in alaha bad,0.25,0.0488,0.875,1.125
test,AESRC2020-INDIAN-ACCENT-G02801-G02801S1300,AESRC2020-INDIAN-ACCENT-G02801,4.045,INDIAN,tiny,whisper_norm,gold,the same heat that melt the wax will harden the clay,the same heat that melt the wax will harden the clay,The same we did make the wax will harden the clay.,the same we did make the wax will harden the clay,0.2727,0.1923,0.6667,1.0
test,AESRC2020-INDIAN-ACCENT-G02801-G02801S2355,AESRC2020-INDIAN-ACCENT-G02801,3.24,INDIAN,tiny,whisper_norm,gold,what will the weather be like tonight in sheffield,what will the weather be like tonight in sheffield,What will the weather be like tonight in Seffield?,what will the weather be like tonight in seffield,0.1111,0.02,0.8889,1.0
test,AESRC2020-INDIAN-ACCENT-G02833-G02833S1298,AESRC2020-INDIAN-ACCENT-G02833,5.253,INDIAN,tiny,whisper_norm,gold,you just have to appreciate what the artist is trying to say,you just have to appreciate what the artist is trying to say,you just have to appreciate what the artist is trying to say.,you just have to appreciate what the artist is trying to say,0.0,0.0,1.0,1.0
test,AESRC2020-INDIAN-ACCENT-G02833-G02833S1299,AESRC2020-INDIAN-ACCENT-G02833,6.529,INDIAN,tiny,whisper_norm,gold,i hope it have valuable try for the study on capacity of urban road network,i hope it have valuable try for the study on capacity of urban road network,I hope it have valuable try for the study on capacity of urban road network.,i hope it have valuable try for the study on capacity of urban road network,0.0,0.0,1.0,1.0
test,AESRC2020-INDIAN-ACCENT-G02833-G02833S2353,AESRC2020-INDIAN-ACCENT-G02833,3.851,INDIAN,tiny,whisper_norm,gold,help me find the definition of right away,help me find the definition of right away,Help me find the definition of right away.,help me find the definition of right away,0.0,0.0,1.0,1.0
test,AESRC2020-INDIAN-ACCENT-G02833-G02833S2355,AESRC2020-INDIAN-ACCENT-G02833,4.624,INDIAN,tiny,whisper_norm,gold,i want to know how long it will snow in las vegas,i want to know how long it will snow in las vegas,I want to know how long it will snow in last Vegas.,i want to know how long it will snow in last vegas,0.0833,0.0204,0.9167,1.0
test,AESRC2020-INDIAN-ACCENT-G02842-G02842S1300,AESRC2020-INDIAN-ACCENT-G02842,5.173,INDIAN,tiny,whisper_norm,gold,now they sit around the table are all kinds of delicious food,now they sit around the table are all kinds of delicious food,"Now, they sit around the table are all kinds of delicious food.",now they sit around the table are all kinds of delicious food,0.0,0.0,1.0,1.0
test,AESRC2020-INDIAN-ACCENT-G02842-G02842S2355,AESRC2020-INDIAN-ACCENT-G02842,5.841,INDIAN,tiny,whisper_norm,gold,what should i know before going to saint vincent and the grenadines,what should i know before going to saint vincent and the grenadines,"What should I know before going to send, wind sent and the greener days?",what should i know before going to send wind sent and the greener days,0.4167,0.209,0.75,1.1667
test,AESRC2020-INDIAN-ACCENT-G02891-G02891S1300,AESRC2020-INDIAN-ACCENT-G02891,6.305,INDIAN,tiny,whisper_norm,gold,as his flat is in a large town he has no garden of his own,as his flat is in a large town he has no garden of his own,"As his flat is in the lodge down, he has no garden of his own.",as his flat is in the lodge down he has no garden of his own,0.2,0.1034,0.7857,1.0
test,AESRC2020-INDIAN-ACCENT-G02891-G02891S2355,AESRC2020-INDIAN-ACCENT-G02891,3.208,INDIAN,tiny,whisper_norm,gold,change the song to i waited too long,change the song to i waited too long,Change the song to I've waited too long.,change the song to i have waited too long,0.125,0.1389,1.0,1.125
test,AESRC2020-INDIAN-ACCENT-G02916-G02916S1300,AESRC2020-INDIAN-ACCENT-G02916,5.77,INDIAN,tiny,whisper_norm,gold,when she was tired she just sat down in the middle of the road,when she was tired she just sat down in the middle of the road,"When she was tired, she just sat down in the middle of the road.",when she was tired she just sat down in the middle of the road,0.0,0.0,1.0,1.0
test,AESRC2020-INDIAN-ACCENT-G02916-G02916S2355,AESRC2020-INDIAN-ACCENT-G02916,3.945,INDIAN,tiny,whisper_norm,gold,how long has the show lucky been airing,how long has the show lucky been airing,How long has the soul lucky been airing?,how long has the soul lucky been airing,0.125,0.0769,0.875,1.0
test,AESRC2020-INDIAN-ACCENT-G02921-G02921S1299,AESRC2020-INDIAN-ACCENT-G02921,4.618,INDIAN,tiny,whisper_norm,gold,people who cannot speak or hear can talk by using signs,people who cannot speak or hear can talk by using signs,People who cannot speak or hear can talk by using signs.,people who cannot speak or hear can talk by using signs,0.0,0.0,1.0,1.0
test,AESRC2020-INDIAN-ACCENT-G02921-G02921S1300,AESRC2020-INDIAN-ACCENT-G02921,5.565,INDIAN,tiny,whisper_norm,gold,he said we could not enter the compound on our own even if we register,he said we could not enter the compound on our own even if we register,He said we could not enter the compound on our own even if we register.,he said we could not enter the compound on our own even if we register,0.0,0.0,1.0,1.0
test,AESRC2020-INDIAN-ACCENT-G02921-G02921S2354,AESRC2020-INDIAN-ACCENT-G02921,4.747,INDIAN,tiny,whisper_norm,gold,help me buy a plane ticket to socialist republic of vietnam,help me buy a plane ticket to socialist republic of vietnam,Help me buy a plane ticket to Socialist Republic of Vietnam.,help me buy a plane ticket to socialist republic of vietnam,0.0,0.0,1.0,1.0
test,AESRC2020-INDIAN-ACCENT-G02921-G02921S2355,AESRC2020-INDIAN-ACCENT-G02921,2.936,INDIAN,tiny,whisper_norm,gold,don't play the film the mission girl,do not play the film the mission girl,"Don't play the film, the mission girl.",do not play the film the mission girl,0.0,0.0,1.0,1.0
test,AESRC2020-INDIAN-ACCENT-G02930-G02930S1299,AESRC2020-INDIAN-ACCENT-G02930,4.961,INDIAN,tiny,whisper_norm,gold,a very big camel can hold more water than some cars can hold gasoline,a very big camel can hold more water than some cars can hold gasoline,A very big camel can hold more water than some cars can hold gasoline.,a very big camel can hold more water than some cars can hold gasoline,0.0,0.0,1.0,1.0
test,AESRC2020-INDIAN-ACCENT-G02930-G02930S2354,AESRC2020-INDIAN-ACCENT-G02930,2.74,INDIAN,tiny,whisper_norm,gold,when did the show precious first air,when did the show precious 1st air,When did the show precious first year?,when did the show precious 1st year,0.1429,0.0882,0.8571,1.0
test,AESRC2020-INDIAN-ACCENT-G02930-G02930S2355,AESRC2020-INDIAN-ACCENT-G02930,3.665,INDIAN,tiny,whisper_norm,gold,is the movie two untouchables popular in america,is the movie 2 untouchables popular in america,is the movie 2 under Chibbers popular in America.,is the movie 2 under chibbers popular in america,0.25,0.1522,0.875,1.125
test,AESRC2020-INDIAN-ACCENT-G02930-G02930S3370,AESRC2020-INDIAN-ACCENT-G02930,2.005,INDIAN,tiny,whisper_norm,gold,set time for twenty minutes,set time for 20 minutes,Set time for 20 minutes.,set time for 20 minutes,0.0,0.0,1.0,1.0
test,AESRC2020-INDIAN-ACCENT-G02939-G02939S1299,AESRC2020-INDIAN-ACCENT-G02939,4.845,INDIAN,tiny,whisper_norm,gold,it is not important do not bother you head about it,it is not important do not bother you head about it,It is not important to not bother you had about it.,it is not important to not bother you had about it,0.1818,0.0392,0.7778,1.0
test,AESRC2020-INDIAN-ACCENT-G02939-G02939S1300,AESRC2020-INDIAN-ACCENT-G02939,5.51,INDIAN,tiny,whisper_norm,gold,i believe if i stick to a game plan i can beat anybody,i believe if i stick to a game plan i can beat anybody,I believe if I stick to a game plan I can beat anybody.,i believe if i stick to a game plan i can beat anybody,0.0,0.0,1.0,1.0
test,AESRC2020-INDIAN-ACCENT-G02939-G02939S2354,AESRC2020-INDIAN-ACCENT-G02939,3.357,INDIAN,tiny,whisper_norm,gold,tell me how green grey became an artist,tell me how green gray became an artist,Tell me how green grey became and artist.,tell me how green gray became and artist,0.125,0.0256,0.875,1.0
test,AESRC2020-INDIAN-ACCENT-G02965-G02965S1299,AESRC2020-INDIAN-ACCENT-G02965,6.088,INDIAN,tiny,whisper_norm,gold,we don't use the toilet anymore since we are cutting down on the water bill,we do not use the toilet anymore since we are cutting down on the water bill,We don't use the toilet anymore since we are cutting down on the water bill.,we do not use the toilet anymore since we are cutting down on the water bill,0.0,0.0,1.0,1.0
test,AESRC2020-INDIAN-ACCENT-G02965-G02965S1300,AESRC2020-INDIAN-ACCENT-G02965,6.275,INDIAN,tiny,whisper_norm,gold,the field needs to get to the bottom of this and the quicker the better,the field needs to get to the bottom of this and the quicker the better,The field needs to get to the bottom of this and the quicker the better.,the field needs to get to the bottom of this and the quicker the better,0.0,0.0,1.0,1.0
test,AESRC2020-INDIAN-ACCENT-G02965-G02965S2355,AESRC2020-INDIAN-ACCENT-G02965,3.53,INDIAN,tiny,whisper_norm,gold,how popular is the show bewitched,how popular is the show bewitched,How popular is the show? Be wiched.,how popular is the show be wiched,0.3333,0.0606,0.8333,1.1667
test,AESRC2020-INDIAN-ACCENT-G02965-G02965S3370,AESRC2020-INDIAN-ACCENT-G02965,3.045,INDIAN,tiny,whisper_norm,gold,please slow down the volume,please slow down the volume,Please slow down the volume.,please slow down the volume,0.0,0.0,1.0,1.0
test,AESRC2020-INDIAN-ACCENT-G02984-G02984S1300,AESRC2020-INDIAN-ACCENT-G02984,7.243,INDIAN,tiny,whisper_norm,gold,love is sad evidence however the deep sense of sorrow is the lack of evidence,love is sad evidence however the deep sense of sorrow is the lack of evidence,"Love is sad evidence, however the deep sense of sorrow is the lack of evidence.",love is sad evidence however the deep sense of sorrow is the lack of evidence,0.0,0.0,1.0,1.0
test,AESRC2020-INDIAN-ACCENT-G02984-G02984S2355,AESRC2020-INDIAN-ACCENT-G02984,5.561,INDIAN,tiny,whisper_norm,gold,i want to know about other places like bharat heavy electricals,i want to know about other places like bharat heavy electricals,I want to know about other places like Bharat Heavy Electricals.,i want to know about other places like bharat heavy electricals,0.0,0.0,1.0,1.0
test,AESRC2020-INDIAN-ACCENT-G03000-G03000S1298,AESRC2020-INDIAN-ACCENT-G03000,4.582,INDIAN,tiny,whisper_norm,gold,and there are presents hanging from the tree here and there,and there are presents hanging from the tree here and there,And there are presents hanging from the tree here and there.,and there are presents hanging from the tree here and there,0.0,0.0,1.0,1.0
test,AESRC2020-INDIAN-ACCENT-G03000-G03000S1300,AESRC2020-INDIAN-ACCENT-G03000,3.793,INDIAN,tiny,whisper_norm,gold,this film is a big flop at the box office,this film is a big flop at the box office,This film is a big flop at the box office.,this film is a big flop at the box office,0.0,0.0,1.0,1.0
test,AESRC2020-INDIAN-ACCENT-G03000-G03000S2364,AESRC2020-INDIAN-ACCENT-G03000,2.875,INDIAN,tiny,whisper_norm,gold,how can i get to city of london,how can i get to city of london,How can I get to City of London?,how can i get to city of london,0.0,0.0,1.0,1.0
test,AESRC2020-INDIAN-ACCENT-G03000-G03000S2365,AESRC2020-INDIAN-ACCENT-G03000,4.021,INDIAN,tiny,whisper_norm,gold,restart the endz justify the meanz,restart the endz justify the meanz,"Restart the ends, justify the means.",restart the ends justify the means,0.3333,0.0588,0.6,1.0
test,AESRC2020-INDIAN-ACCENT-G03033-G03033S1300,AESRC2020-INDIAN-ACCENT-G03033,6.245,INDIAN,tiny,whisper_norm,gold,woman are demanding equal pay for equal work that is equal to that of men,woman are demanding equal pay for equal work that is equal to that of men,Oman or demanding equal pay for equal work that is equal to that of men.,oman or demanding equal pay for equal work that is equal to that of men,0.1333,0.0411,0.8333,1.0
test,AESRC2020-INDIAN-ACCENT-G03033-G03033S2355,AESRC2020-INDIAN-ACCENT-G03033,4.31,INDIAN,tiny,whisper_norm,gold,what times can i visit institute for the blind,what times can i visit institute for the blind,What times can I visit institute for the blind?,what times can i visit institute for the blind,0.0,0.0,1.0,1.0
test,AESRC2020-INDIAN-ACCENT-G03039-G03039S1297,AESRC2020-INDIAN-ACCENT-G03039,4.052,INDIAN,tiny,whisper_norm,gold,i am certainly going but i will be a little bit late,i am certainly going but i will be a little bit late,I am suddenly going but I will be a little bit late.,i am suddenly going but i will be a little bit late,0.0833,0.1154,0.9091,1.0
test,AESRC2020-INDIAN-ACCENT-G03039-G03039S1299,AESRC2020-INDIAN-ACCENT-G03039,4.674,INDIAN,tiny,whisper_norm,gold,even at the height of his fame the danger was clear to some observer,even at the height of his fame the danger was clear to some observer,"Even at the height of his frame, the danger goes clear to some observer.",even at the height of his frame the danger goes clear to some observer,0.1429,0.0588,0.8462,1.0
test,AESRC2020-INDIAN-ACCENT-G03039-G03039S2361,AESRC2020-INDIAN-ACCENT-G03039,3.787,INDIAN,tiny,whisper_norm,gold,which attractions in nagarcoil are suitable for families,which attractions in nagarcoil are suitable for families,"which attractions in Nagar, Koli are suitable for families.",which attractions in nagar koli are suitable for families,0.25,0.0714,0.875,1.125
test,AESRC2020-INDIAN-ACCENT-G03039-G03039S2364,AESRC2020-INDIAN-ACCENT-G03039,5.47,INDIAN,tiny,whisper_norm,gold,which places in pimpri chinchwad are suitable for couples,which places in pimpri chinchwad are suitable for couples,which places in Pimpley. Change word as suitable for couples.,which places in pimpley change word as suitable for couples,0.4444,0.193,0.6667,1.1111
test,AESRC2020-INDIAN-ACCENT-G03053-G03053S1299,AESRC2020-INDIAN-ACCENT-G03053,3.765,INDIAN,tiny,whisper_norm,gold,she is competent in the discharge of her duties,she is competent in the discharge of her duties,She is competent in the discharge of her duties.,she is competent in the discharge of her duties,0.0,0.0,1.0,1.0
test,AESRC2020-INDIAN-ACCENT-G03053-G03053S2365,AESRC2020-INDIAN-ACCENT-G03053,2.209,INDIAN,tiny,whisper_norm,gold,what are the lyrics of diana,what are the lyrics of diana,What are the lyrics of dyno?,what are the lyrics of dyno,0.1667,0.1071,0.8333,1.0
test,AESRC2020-INDIAN-ACCENT-G03071-G03071S1298,AESRC2020-INDIAN-ACCENT-G03071,6.02,INDIAN,tiny,whisper_norm,gold,i can be an emotional compass that points them down the path,i can be an emotional compass that points them down the path,I can be an emotional compass that points them down the path.,i can be an emotional compass that points them down the path,0.0,0.0,1.0,1.0
test,AESRC2020-INDIAN-ACCENT-G03071-G03071S1300,AESRC2020-INDIAN-ACCENT-G03071,6.883,INDIAN,tiny,whisper_norm,gold,curtis got behind the wheel and they started back toward the cottage,curtis got behind the wheel and they started back toward the cottage,Cut is got behind the wheel and they started back to what the cut is.,cut is got behind the wheel and they started back to what the cut is,0.5,0.1618,0.7273,1.25
test,AESRC2020-INDIAN-ACCENT-G03071-G03071S2365,AESRC2020-INDIAN-ACCENT-G03071,3.8,INDIAN,tiny,whisper_norm,gold,play the little old estate of texas,play the little old estate of texas,Play the little old state of Texas.,play the little old state of texas,0.1429,0.0286,0.8571,1.0
test,AESRC2020-INDIAN-ACCENT-G03084-G03084S1299,AESRC2020-INDIAN-ACCENT-G03084,5.023,INDIAN,tiny,whisper_norm,gold,i'd say she was she was even a little worse off than he was,i would say she was she was even a little worse off than he was,"I'd say she was, she was even a little worse off than he was.",i would say she was she was even a little worse off than he was,0.0,0.0,1.0,1.0
test,AESRC2020-INDIAN-ACCENT-G03084-G03084S1300,AESRC2020-INDIAN-ACCENT-G03084,4.167,INDIAN,tiny,whisper_norm,gold,i guess it depends on whose ox is being gored,i guess it depends on whose ox is being gored,I guess it depends on who's ox is being good.,i guess it depends on who is ox is being good,0.3,0.1111,0.8,1.1
test,AESRC2020-INDIAN-ACCENT-G03084-G03084S2363,AESRC2020-INDIAN-ACCENT-G03084,3.464,INDIAN,tiny,whisper_norm,gold,where can i find good food in dehradun,where can i find good food in dehradun,Where can I find good food in the Heradhan?,where can i find good food in the heradhan,0.25,0.1579,0.875,1.125
test,AESRC2020-INDIAN-ACCENT-G03084-G03084S2364,AESRC2020-INDIAN-ACCENT-G03084,4.473,INDIAN,tiny,whisper_norm,gold,where is erotic massage ensemble touring next,where is erotic massage ensemble touring next,There is a Rotech massage ensemble during next.,there is a rotech massage ensemble during next,0.5714,0.1556,0.5714,1.1429
test,AESRC2020-INDIAN-ACCENT-G03086-G03086S1297,AESRC2020-INDIAN-ACCENT-G03086,4.972,INDIAN,tiny,whisper_norm,gold,there's only one bedroom so we'll have to share,there is only one bedroom so we will have to share,There's only one bedroom so we'll have to share.,there is only one bedroom so we will have to share,0.0,0.0,1.0,1.0
test,AESRC2020-INDIAN-ACCENT-G03086-G03086S1298,AESRC2020-INDIAN-ACCENT-G03086,4.413,INDIAN,tiny,whisper_norm,gold,i feel dizzy and i have got no appetite,i feel dizzy and i have got no appetite,I feel dizzy and I have got no appetite.,i feel dizzy and i have got no appetite,0.0,0.0,1.0,1.0
test,AESRC2020-INDIAN-ACCENT-G03086-G03086S2364,AESRC2020-INDIAN-ACCENT-G03086,5.122,INDIAN,tiny,whisper_norm,gold,remove shows similar to chakravartin ashoka samrat,remove shows similar to chakravartin ashoka samrat,Remove shoes similar to chakra worth in a shock sun rot,remove shoes similar to chakra worth in a shock sun rot,1.1429,0.26,0.4286,1.5714
test,AESRC2020-INDIAN-ACCENT-G03086-G03086S2365,AESRC2020-INDIAN-ACCENT-G03086,4.468,INDIAN,tiny,whisper_norm,gold,are there any sites near hotel the mandovi,are there any sites near hotel the mandovi,Are there any sights near hotel demand way?,are there any sights near hotel demand way,0.375,0.2381,0.625,1.0
test,AESRC2020-INDIAN-ACCENT-G03089-G03089S1300,AESRC2020-INDIAN-ACCENT-G03089,4.075,INDIAN,tiny,whisper_norm,gold,the basic method and with the burning of health,the basic method and with the burning of health,the basic method and width burning of health.,the basic method and width burning of health,0.2222,0.0851,0.875,0.8889
test,AESRC2020-INDIAN-ACCENT-G03089-G03089S2364,AESRC2020-INDIAN-ACCENT-G03089,5.005,INDIAN,tiny,whisper_norm,gold,how many times have i listened to hold em high,how many times have i listened to hold em high,How many times have I listened to Hotel M.I.,how many times have i listened to hotel m i,0.3,0.1522,0.7,1.0
test,AESRC2020-INDIAN-ACCENT-G03089-G03089S2365,AESRC2020-INDIAN-ACCENT-G03089,4.645,INDIAN,tiny,whisper_norm,gold,which awards has m k sankaran namboothiri won,which awards has m k sankaran namboothiri won,which awards has MK Sunkaran No. 3-1.,which awards has mk sunkaran no 3 one,0.625,0.2889,0.375,1.0
test,AESRC2020-INDIAN-ACCENT-G03089-G03089S3375,AESRC2020-INDIAN-ACCENT-G03089,4.307,INDIAN,tiny,whisper_norm,gold,make a call to my brother after five minutes,make a call to my brother after 5 minutes,Make a call to my brother after 5 minutes.,make a call to my brother after 5 minutes,0.0,0.0,1.0,1.0
test,AESRC2020-INDIAN-ACCENT-G03133-G03133S1299,AESRC2020-INDIAN-ACCENT-G03133,3.61,INDIAN,tiny,whisper_norm,gold,she could not choose but leave her children at home,she could not choose but leave her children at home,She could not choose but leave her children at home.,she could not choose but leave her children at home,0.0,0.0,1.0,1.0
test,AESRC2020-INDIAN-ACCENT-G03133-G03133S1300,AESRC2020-INDIAN-ACCENT-G03133,3.496,INDIAN,tiny,whisper_norm,gold,have you any excuse to offer for coming so late,have you any excuse to offer for coming so late,Have you any excuse to offer for coming so late?,have you any excuse to offer for coming so late,0.0,0.0,1.0,1.0
test,AESRC2020-INDIAN-ACCENT-G03133-G03133S2364,AESRC2020-INDIAN-ACCENT-G03133,3.186,INDIAN,tiny,whisper_norm,gold,lay the prince ascetic next,lay the prince ascetic next,Lay the prints as static next.,lay the prints as static next,0.6,0.2222,0.6,1.2
test,AESRC2020-INDIAN-ACCENT-G03133-G03133S2366,AESRC2020-INDIAN-ACCENT-G03133,4.179,INDIAN,tiny,whisper_norm,gold,which accommodation in san diego is suitable for families,which accommodation in san diego is suitable for families,which accommodation in San Diego is to table for families.,which accommodation in san diego is to table for families,0.2222,0.0526,0.8889,1.1111
test,AESRC2020-INDIAN-ACCENT-G03133-G03133S3376,AESRC2020-INDIAN-ACCENT-G03133,1.625,INDIAN,tiny,whisper_norm,gold,please turn on the tv,please turn on the tv,Please turn on the TV.,please turn on the tv,0.0,0.0,1.0,1.0
test,AESRC2020-INDIAN-ACCENT-G03139-G03139S1299,AESRC2020-INDIAN-ACCENT-G03139,5.07,INDIAN,tiny,whisper_norm,gold,how much do you wish to deposit in your account sir,how much do you wish to deposit in your account sir,How much do you wish to deposit in your account? Sir.,how much do you wish to deposit in your account sir,0.0,0.0,1.0,1.0
test,AESRC2020-INDIAN-ACCENT-G03139-G03139S1300,AESRC2020-INDIAN-ACCENT-G03139,4.834,INDIAN,tiny,whisper_norm,gold,he paved the way for me by doing careful work,he paved the way for me by doing careful work,He paved the way for me by doing careful work.,he paved the way for me by doing careful work,0.0,0.0,1.0,1.0
test,AESRC2020-INDIAN-ACCENT-G03139-G03139S2365,AESRC2020-INDIAN-ACCENT-G03139,4.519,INDIAN,tiny,whisper_norm,gold,which awards has max godman won,which awards has max godman won,Which awards has max Godman Vaughan?,which awards has max godman vaughan,0.1667,0.1935,0.8333,1.0
test,AESRC2020-INDIAN-ACCENT-G03139-G03139S2366,AESRC2020-INDIAN-ACCENT-G03139,4.216,INDIAN,tiny,whisper_norm,gold,how long is one episode of gone nutty,how long is one episode of gone nutty,How long is one episode of Goon Nati?,how long is one episode of goon nati,0.25,0.1351,0.75,1.0
test,AESRC2020-INDIAN-ACCENT-G03144-G03144S1298,AESRC2020-INDIAN-ACCENT-G03144,5.309,INDIAN,tiny,whisper_norm,gold,even this was not the most serious thing in his mind however,even this was not the most serious thing in his mind however,Even this was not the most serious thing in his mind however.,even this was not the most serious thing in his mind however,0.0,0.0,1.0,1.0
test,AESRC2020-INDIAN-ACCENT-G03144-G03144S1299,AESRC2020-INDIAN-ACCENT-G03144,4.888,INDIAN,tiny,whisper_norm,gold,she once worked as a model in a department store,she once worked as a model in a department store,She once worked as a model in a department store.,she once worked as a model in a department store,0.0,0.0,1.0,1.0
test,AESRC2020-INDIAN-ACCENT-G03144-G03144S2365,AESRC2020-INDIAN-ACCENT-G03144,3.441,INDIAN,tiny,whisper_norm,gold,where does at the cost of come from,where does at the cost of come from,where does add the cost of come from?,where does add the cost of come from,0.125,0.0571,0.875,1.0
test,AESRC2020-INDIAN-ACCENT-G03144-G03144S2366,AESRC2020-INDIAN-ACCENT-G03144,3.115,INDIAN,tiny,whisper_norm,gold,where can i buy mann bharrya,where can i buy mann bharrya,Will can I buy man's body young?,will can i buy man is body young,0.8333,0.5357,0.5,1.3333
test,AESRC2020-INDIAN-ACCENT-G03144-G03144S3374,AESRC2020-INDIAN-ACCENT-G03144,2.865,INDIAN,tiny,whisper_norm,gold,turn off the light now,turn off the light now,Don't off the light now.,do not off the light now,0.4,0.2273,0.8,1.2
test,AESRC2020-INDIAN-ACCENT-G03161-G03161S1299,AESRC2020-INDIAN-ACCENT-G03161,3.816,INDIAN,tiny,whisper_norm,gold,you just won a free haircut ticket do you go for,you just won a free haircut ticket do you go for,You just want a free haircut to get. Do you go for?,you just want a free haircut to get do you go for,0.2727,0.1042,0.8,1.0909
test,AESRC2020-INDIAN-ACCENT-G03161-G03161S1300,AESRC2020-INDIAN-ACCENT-G03161,4.69,INDIAN,tiny,whisper_norm,gold,why the doctor had given to him was more than i could fancy,why the doctor had given to him was more than i could fancy,Why the doctor had given to him was more than I could fancy?,why the doctor had given to him was more than i could fancy,0.0,0.0,1.0,1.0
test,AESRC2020-INDIAN-ACCENT-G03161-G03161S2365,AESRC2020-INDIAN-ACCENT-G03161,3.217,INDIAN,tiny,whisper_norm,gold,add sajan ghar jaana hai to up next,add sajan ghar jaana hai to up next,Ed Sajan Ghadjana had to up next.,ed sajan ghadjana had to up next,0.5,0.1714,0.5,0.875
test,AESRC2020-INDIAN-ACCENT-G03218-G03218S1300,AESRC2020-INDIAN-ACCENT-G03218,5.19,INDIAN,tiny,whisper_norm,gold,let us draw the circle with and radius equal to a,let us draw the circle with and radius equal to a,Let us draw the circle with n radius equal to a.,let us draw the circle with n radius equal to a,0.0909,0.0408,0.9091,1.0
test,AESRC2020-INDIAN-ACCENT-G03218-G03218S2365,AESRC2020-INDIAN-ACCENT-G03218,3.912,INDIAN,tiny,whisper_norm,gold,what is quinte west weekly forecast,what is quinte west weekly forecast,What is kind to waste weekly forecast?,what is kind to waste weekly forecast,0.5,0.2,0.6667,1.1667
test,AESRC2020-INDIAN-ACCENT-G03218-G03218S2366,AESRC2020-INDIAN-ACCENT-G03218,3.514,INDIAN,tiny,whisper_norm,gold,what is the nearest bhoir hotel branch,what is the nearest bhoir hotel branch,What is the nearest boy hotel branch?,what is the nearest boy hotel branch,0.1429,0.0789,0.8571,1.0
test,AESRC2020-INDIAN-ACCENT-G03233-G03233S1299,AESRC2020-INDIAN-ACCENT-G03233,4.095,INDIAN,tiny,whisper_norm,gold,and then he fell from his horse from the battle from life,and then he fell from his horse from the battle from life,and then he fell from his horse from the battle from life.,and then he fell from his horse from the battle from life,0.0,0.0,1.0,1.0
test,AESRC2020-INDIAN-ACCENT-G03233-G03233S1300,AESRC2020-INDIAN-ACCENT-G03233,3.55,INDIAN,tiny,whisper_norm,gold,i was then under contract to a bus company,i was then under contract to a bus company,I was then under contract to a bus company.,i was then under contract to a bus company,0.0,0.0,1.0,1.0
test,AESRC2020-INDIAN-ACCENT-G03233-G03233S2365,AESRC2020-INDIAN-ACCENT-G03233,5.467,INDIAN,tiny,whisper_norm,gold,when will the next series of bhagonwali baante apni taqdeer come out,when will the next series of bhagonwali baante apni taqdeer come out,When will the next series of Bhagavanwali Bantea's own takdhir come out?,when will the next series of bhagavanwali bantea is own takdhir come out,0.4167,0.2059,0.6667,1.0833
test,AESRC2020-INDIAN-ACCENT-G03233-G03233S2366,AESRC2020-INDIAN-ACCENT-G03233,3.59,INDIAN,tiny,whisper_norm,gold,what time does hotel sagar restaurant open,what time does hotel sagar restaurant open,What time does hotel saga restaurant open?,what time does hotel saga restaurant open,0.1429,0.0238,0.8571,1.0
test,AESRC2020-INDIAN-ACCENT-G03233-G03233S3376,AESRC2020-INDIAN-ACCENT-G03233,2.271,INDIAN,tiny,whisper_norm,gold,on the rice cooker,on the rice cooker,on the right-skooker.,on the right skooker,0.5,0.2778,0.5,1.0
test,AESRC2020-INDIAN-ACCENT-G03234-G03234S1299,AESRC2020-INDIAN-ACCENT-G03234,5.492,INDIAN,tiny,whisper_norm,gold,thus going against all doubts that is the mystery of the true fat,thus going against all doubts that is the mystery of the true fat,thus going against all doubts that is the mystery of the true fat.,thus going against all doubts that is the mystery of the true fat,0.0,0.0,1.0,1.0
test,AESRC2020-INDIAN-ACCENT-G03234-G03234S2365,AESRC2020-INDIAN-ACCENT-G03234,3.271,INDIAN,tiny,whisper_norm,gold,will there be rain in imphal today,will there be rain in imphal today,Will there be reigning in files today?,will there be reigning in files today,0.2857,0.2941,0.7143,1.0
test,AESRC2020-INDIAN-ACCENT-G03234-G03234S2366,AESRC2020-INDIAN-ACCENT-G03234,3.61,INDIAN,tiny,whisper_norm,gold,show more shows like naya mahisagar,show more shows like naya mahisagar,Show more shows like new Mysager.,show more shows like new mysager,0.3333,0.2,0.6667,1.0
test,AESRC2020-INDIAN-ACCENT-G03234-G03234S3376,AESRC2020-INDIAN-ACCENT-G03234,2.49,INDIAN,tiny,whisper_norm,gold,can i make a call to dad,can i make a call to dad,Can I make a call today?,can i make a call today,0.2857,0.0833,0.7143,0.8571
test,AESRC2020-INDIAN-ACCENT-G03243-G03243S1299,AESRC2020-INDIAN-ACCENT-G03243,3.35,INDIAN,tiny,whisper_norm,gold,i have no advice that i can offer you,i have no advice that i can offer you,I have no advice that I can offer you.,i have no advice that i can offer you,0.0,0.0,1.0,1.0
test,AESRC2020-INDIAN-ACCENT-G03243-G03243S2366,AESRC2020-INDIAN-ACCENT-G03243,4.135,INDIAN,tiny,whisper_norm,gold,skip the next episode of behram the bandit,skip the next episode of behram the bandit,Let's keep the next episode of Beheram The Bandit.,let us keep the next episode of beheram the bandit,0.5,0.2143,0.7143,1.25
test,AESRC2020-INDIAN-ACCENT-G03243-G03243S3376,AESRC2020-INDIAN-ACCENT-G03243,2.268,INDIAN,tiny,whisper_norm,gold,to day is very hot,to day is very hot,Today is very hot.,today is very hot,0.4,0.0556,0.6,0.8
test,AESRC2020-INDIAN-ACCENT-G03247-G03247S1299,AESRC2020-INDIAN-ACCENT-G03247,4.345,INDIAN,tiny,whisper_norm,gold,many people count on the bus to be on time every day,many people count on the bus to be on time every day,Many people count on the bus to be on time every day.,many people count on the bus to be on time every day,0.0,0.0,1.0,1.0
test,AESRC2020-INDIAN-ACCENT-G03247-G03247S1300,AESRC2020-INDIAN-ACCENT-G03247,3.426,INDIAN,tiny,whisper_norm,gold,for a car of this size the lock is excellent,for a car of this size the lock is excellent,for a curve of this size the lock is excellent.,for a curve of this size the lock is excellent,0.1,0.0682,0.9,1.0
test,AESRC2020-INDIAN-ACCENT-G03247-G03247S2364,AESRC2020-INDIAN-ACCENT-G03247,3.309,INDIAN,tiny,whisper_norm,gold,show more show like truth vs hype,show more show like truth vs hype,Show more show like truth versus hype.,show more show like truth versus hype,0.1429,0.1212,0.8333,1.0
test,AESRC2020-INDIAN-ACCENT-G03247-G03247S2366,AESRC2020-INDIAN-ACCENT-G03247,3.34,INDIAN,tiny,whisper_norm,gold,play rahmat da darya illahi,play rahmat da darya illahi,"Play, Ramada, Dariya, Ilahi,",play ramada dariya ilahi,0.8,0.1852,0.2,0.8
test,AESRC2020-INDIAN-ACCENT-G03268-G03268S1298,AESRC2020-INDIAN-ACCENT-G03268,3.439,INDIAN,tiny,whisper_norm,gold,he was careful to mark his place before he shut the book,he was careful to mark his place before he shut the book,He was careful to mark his place before he shard the book.,he was careful to mark his place before he shard the book,0.0833,0.0536,0.9091,1.0
test,AESRC2020-INDIAN-ACCENT-G03268-G03268S1299,AESRC2020-INDIAN-ACCENT-G03268,5.21,INDIAN,tiny,whisper_norm,gold,look online and you will find a much greater choice than in a garden centre,look online and you will find a much greater choice than in a garden center,Look online and you will find a much greater choice than in your Gordell Center.,look online and you will find a much greater choice than in your gordell center,0.1333,0.0933,0.9286,1.0
test,AESRC2020-INDIAN-ACCENT-G03268-G03268S2351,AESRC2020-INDIAN-ACCENT-G03268,3.969,INDIAN,tiny,whisper_norm,gold,does hermanas aguila have an upcoming release,does hermanas aguila have an upcoming release,Does Armen's Accula have an upcoming release?,does armen is accula have an upcoming release,0.4286,0.1778,0.7143,1.1429
test,AESRC2020-INDIAN-ACCENT-G03268-G03268S2352,AESRC2020-INDIAN-ACCENT-G03268,2.451,INDIAN,tiny,whisper_norm,gold,i want to listen to marriage,i want to listen to marriage,I want to listen to marriage.,i want to listen to marriage,0.0,0.0,1.0,1.0
test,AESRC2020-INDIAN-ACCENT-G03294-G03294S1298,AESRC2020-INDIAN-ACCENT-G03294,4.463,INDIAN,tiny,whisper_norm,gold,her beauty makes a strong appeal to the sense of the other sex,her beauty makes a strong appeal to the sense of the other sex,Her beauty makes a stronger appeal to the sense of the other sex.,her beauty makes a stronger appeal to the sense of the other sex,0.0769,0.0323,0.9167,1.0
test,AESRC2020-INDIAN-ACCENT-G03294-G03294S2354,AESRC2020-INDIAN-ACCENT-G03294,3.728,INDIAN,tiny,whisper_norm,gold,what soundtracks have music by mahesh kale,what soundtracks have music by mahesh kale,What soundtracks have music by my age kill?,what soundtracks have music by my age kill,0.4286,0.1667,0.7143,1.1429
test,AESRC2020-INDIAN-ACCENT-G03294-G03294S2355,AESRC2020-INDIAN-ACCENT-G03294,3.854,INDIAN,tiny,whisper_norm,gold,i want to know about jayachandran music career,i want to know about jayachandran music career,I want to know about Chai Chandra music earlier.,i want to know about chai chandra music earlier,0.375,0.1739,0.75,1.125
test,AESRC2020-INDIAN-ACCENT-G03301-G03301S1045,AESRC2020-INDIAN-ACCENT-G03301,6.94,INDIAN,tiny,whisper_norm,gold,any head teacher who made errors like this would be chucked out,any head teacher who made errors like this would be chucked out,Any head teacher who made errors like this would be chucked out.,any head teacher who made errors like this would be chucked out,0.0,0.0,1.0,1.0
test,AESRC2020-INDIAN-ACCENT-G03334-G03334S1300,AESRC2020-INDIAN-ACCENT-G03334,4.935,INDIAN,tiny,whisper_norm,gold,what does korea daughter star nose is is that mo held out,what does korea daughter star nose is is that mo held out,What is Korea's daughter star knows is that Mohel doubt.,what is korea is daughter star knows is that mohel doubt,0.5833,0.2632,0.5455,0.9167
test,AESRC2020-INDIAN-ACCENT-G03334-G03334S2355,AESRC2020-INDIAN-ACCENT-G03334,2.524,INDIAN,tiny,whisper_norm,gold,start the movie doomed soul,start the movie doomed soul,Start the movie Doomzone.,start the movie doomzone,0.4,0.2222,0.6,0.8
test,AESRC2020-INDIAN-ACCENT-G03336-G03336S1300,AESRC2020-INDIAN-ACCENT-G03336,3.657,INDIAN,tiny,whisper_norm,gold,here is so big a stone as no one can lift,here is so big a stone as no one can lift,Here is so big a stone as no one can lift.,here is so big a stone as no one can lift,0.0,0.0,1.0,1.0
test,AESRC2020-INDIAN-ACCENT-G03336-G03336S2355,AESRC2020-INDIAN-ACCENT-G03336,3.078,INDIAN,tiny,whisper_norm,gold,stop playing the lord of love and power,stop playing the lord of love and power,Stop playing the Lord of Love and Power.,stop playing the lord of love and power,0.0,0.0,1.0,1.0
test,AESRC2020-INDIAN-ACCENT-G03370-G03370S1300,AESRC2020-INDIAN-ACCENT-G03370,4.54,INDIAN,tiny,whisper_norm,gold,it was a photograph and there was no question of its identity,it was a photograph and there was no question of its identity,It was a photograph and there was no question of its identity.,it was a photograph and there was no question of its identity,0.0,0.0,1.0,1.0
test,AESRC2020-INDIAN-ACCENT-G03370-G03370S2354,AESRC2020-INDIAN-ACCENT-G03370,4.21,INDIAN,tiny,whisper_norm,gold,how much is protect handwash masterchef refill packet,how much is protect handwash masterchef refill packet,How much is protect hand wash master chef refill packet?,how much is protect hand wash master chef refill packet,0.5,0.0377,0.75,1.25
test,AESRC2020-INDIAN-ACCENT-G03370-G03370S2355,AESRC2020-INDIAN-ACCENT-G03370,5.487,INDIAN,tiny,whisper_norm,gold,how long will it take to get to republic of chile from my location,how long will it take to get to republic of chile from my location,How long will it take to get to Republic of Chile from my location?,how long will it take to get to republic of chile from my location,0.0,0.0,1.0,1.0
test,AESRC2020-INDIAN-ACCENT-G03370-G03370S3370,AESRC2020-INDIAN-ACCENT-G03370,2.174,INDIAN,tiny,whisper_norm,gold,plug the smart fan off,plug the smart fan off,Plug this part for an off.,plug this part for an off,0.8,0.3182,0.4,1.2
test,AESRC2020-INDIAN-ACCENT-G03435-G03435S1299,AESRC2020-INDIAN-ACCENT-G03435,5.05,INDIAN,tiny,whisper_norm,gold,he has a champion's mind he is very focused on each point,he has a champion is mind he is very focused on each point,"He has a champion's mind, he is very focused on each point.",he has a champion is mind he is very focused on each point,0.0,0.0,1.0,1.0
test,AESRC2020-INDIAN-ACCENT-G03435-G03435S2353,AESRC2020-INDIAN-ACCENT-G03435,3.62,INDIAN,tiny,whisper_norm,gold,how many awards has kishore kumar won,how many awards has kishore kumar won,How many awards has Kisor Kumar won?,how many awards has kisor kumar won,0.1429,0.0541,0.8571,1.0
test,AESRC2020-INDIAN-ACCENT-G03435-G03435S2354,AESRC2020-INDIAN-ACCENT-G03435,4.75,INDIAN,tiny,whisper_norm,gold,what should i know before going to saint vincent and the grenadines,what should i know before going to saint vincent and the grenadines,What should I know before going to sent Vincent and the Grand Indians?,what should i know before going to sent vincent and the grand indians,0.25,0.1343,0.8333,1.0833
test,AESRC2020-INDIAN-ACCENT-G03435-G03435S3370,AESRC2020-INDIAN-ACCENT-G03435,3.348,INDIAN,tiny,whisper_norm,gold,turn on freeze mode and freeze the items,turn on freeze mode and freeze the items,Turn on fridge mode and freeze the items.,turn on fridge mode and freeze the items,0.125,0.075,1.0,1.0
test,AESRC2020-INDIAN-ACCENT-G03449-G03449S1300,AESRC2020-INDIAN-ACCENT-G03449,4.679,INDIAN,tiny,whisper_norm,gold,the girl made up her face carefully before going to meet james,the girl made up her face carefully before going to meet james,The girl made up her face carefully before going to meet James.,the girl made up her face carefully before going to meet james,0.0,0.0,1.0,1.0
test,AESRC2020-INDIAN-ACCENT-G03449-G03449S2355,AESRC2020-INDIAN-ACCENT-G03449,3.721,INDIAN,tiny,whisper_norm,gold,recommend more shows like enemy at the gates,recommend more shows like enemy at the gates,Recommend more shows like enemy at the gates,recommend more shows like enemy at the gates,0.0,0.0,1.0,1.0
test,AESRC2020-INDIAN-ACCENT-G03453-G03453S1300,AESRC2020-INDIAN-ACCENT-G03453,4.684,INDIAN,tiny,whisper_norm,gold,in the history woman always had a lower status than men,in the history woman always had a lower status than men,"In the history, women always had a lower status than men.",in the history women always had a lower status than men,0.0909,0.0182,0.9091,1.0
test,AESRC2020-INDIAN-ACCENT-G03453-G03453S2355,AESRC2020-INDIAN-ACCENT-G03453,3.819,INDIAN,tiny,whisper_norm,gold,add the show jeet jayenge hum to the queue,add the show jeet jayenge hum to the queue,"Add the show, Gjangheham to the queue.",add the show gjangheham to the queue,0.3333,0.2381,0.625,0.7778
test,AESRC2020-INDIAN-ACCENT-G03504-G03504S2349,AESRC2020-INDIAN-ACCENT-G03504,3.235,INDIAN,tiny,whisper_norm,gold,what album is the song safar from,what album is the song safar from,What album is the song suffered from?,what album is the song suffered from,0.1429,0.1515,0.8571,1.0
test,AESRC2020-INDIAN-ACCENT-G03504-G03504S2350,AESRC2020-INDIAN-ACCENT-G03504,2.6,INDIAN,tiny,whisper_norm,gold,who sings the song indiana,who sings the song indiana,Who sings the song in Dianna?,who sings the song in dianna,0.4,0.0769,0.8,1.2
test,AESRC2020-INDIAN-ACCENT-G03504-G03504S3380,AESRC2020-INDIAN-ACCENT-G03504,1.723,INDIAN,tiny,whisper_norm,gold,switch on the tv,switch on the tv,switch on the TV.,switch on the tv,0.0,0.0,1.0,1.0
test,AESRC2020-INDIAN-ACCENT-G03508-G03508S1199,AESRC2020-INDIAN-ACCENT-G03508,6.53,INDIAN,tiny,whisper_norm,gold,and not all schools employ registered nurses and there an r,and not all schools employ registered nurses and there an r,and not all schools employ registered nurses and their and are.,and not all schools employ registered nurses and their and are,0.2727,0.0847,0.7,1.0
test,AESRC2020-INDIAN-ACCENT-G03508-G03508S1200,AESRC2020-INDIAN-ACCENT-G03508,5.537,INDIAN,tiny,whisper_norm,gold,it is possible to learn a new language within a few months,it is possible to learn a new language within a few months,It is possible to learn a new language within a few months.,it is possible to learn a new language within a few months,0.0,0.0,1.0,1.0
test,AESRC2020-INDIAN-ACCENT-G03508-G03508S2349,AESRC2020-INDIAN-ACCENT-G03508,7.137,INDIAN,tiny,whisper_norm,gold,help me buy tickets to see the movie a full moon night in spring in theaters,help me buy tickets to see the movie a full moon night in spring in theaters,Help me bite tickets to see the movie of full moon night in Spring in theatres.,help me bite tickets to see the movie of full moon night in spring in theaters,0.125,0.0658,0.8667,1.0
test,AESRC2020-INDIAN-ACCENT-G03508-G03508S2350,AESRC2020-INDIAN-ACCENT-G03508,6.918,INDIAN,tiny,whisper_norm,gold,how much time will it take me to visit rosary college of commerce and arts,how much time will it take me to visit rosary college of commerce and arts,How much time will it take me to visit Rosary College of Commerce and Arts?,how much time will it take me to visit rosary college of commerce and arts,0.0,0.0,1.0,1.0
test,AESRC2020-INDIAN-ACCENT-G03524-G03524S1200,AESRC2020-INDIAN-ACCENT-G03524,5.105,INDIAN,tiny,whisper_norm,gold,his friends say that he always has fortune on his side,his friends say that he always has fortune on his side,His friends say that he always has fortune on his side.,his friends say that he always has fortune on his side,0.0,0.0,1.0,1.0
test,AESRC2020-INDIAN-ACCENT-G03524-G03524S2350,AESRC2020-INDIAN-ACCENT-G03524,4.694,INDIAN,tiny,whisper_norm,gold,i want to know the seven day weather forecast in motihari,i want to know the 7 day weather forecast in motihari,I want to know the 7 day weather forecast in Motihari.,i want to know the 7 day weather forecast in motihari,0.0,0.0,1.0,1.0
test,AESRC2020-INDIAN-ACCENT-G03524-G03524S3380,AESRC2020-INDIAN-ACCENT-G03524,2.072,INDIAN,tiny,whisper_norm,gold,turn off the fridge,turn off the fridge,Turn off the fridge.,turn off the fridge,0.0,0.0,1.0,1.0
test,AESRC2020-INDIAN-ACCENT-G03556-G03556S1299,AESRC2020-INDIAN-ACCENT-G03556,5.704,INDIAN,tiny,whisper_norm,gold,he has neither prepared his lesson nor gone to bed,he has neither prepared his lesson nor gone to bed,He has neither prepared his lesson nor gone to bed.,he has neither prepared his lesson nor gone to bed,0.0,0.0,1.0,1.0
test,AESRC2020-INDIAN-ACCENT-G03556-G03556S2365,AESRC2020-INDIAN-ACCENT-G03556,2.179,INDIAN,tiny,whisper_norm,gold,skip chitrahaar,skip chitrahaar,Skip Chitrahar.,skip chitrahar,0.5,0.0667,0.5,1.0
test,AESRC2020-INDIAN-ACCENT-G03556-G03556S2366,AESRC2020-INDIAN-ACCENT-G03556,5.02,INDIAN,tiny,whisper_norm,gold,what is the average cost of a flight to tadepalligudem,what is the average cost of a flight to tadepalligudem,What is the average cost of a flight to 30 per legutem?,what is the average cost of a flight to 30 per legutem,0.3,0.1667,0.9,1.2
test,AESRC2020-INDIAN-ACCENT-G03556-G03556S3376,AESRC2020-INDIAN-ACCENT-G03556,3.605,INDIAN,tiny,whisper_norm,gold,i want to listen to something romantic music,i want to listen to something romantic music,I want to listen to something romantic music.,i want to listen to something romantic music,0.0,0.0,1.0,1.0
test,AESRC2020-INDIAN-ACCENT-G03595-G03595S1300,AESRC2020-INDIAN-ACCENT-G03595,6.07,INDIAN,tiny,whisper_norm,gold,it was not possible to complete the computation in a single pass,it was not possible to complete the computation in a single pass,It was not possible to complete the computation in a single pass.,it was not possible to complete the computation in a single pass,0.0,0.0,1.0,1.0
test,AESRC2020-INDIAN-ACCENT-G03595-G03595S2366,AESRC2020-INDIAN-ACCENT-G03595,8.023,INDIAN,tiny,whisper_norm,gold,i want to know more about places around abhirama hotels and resort private limited,i want to know more about places around abhirama hotels and resort private limited,I want to know more about places around Abhirahama hotels and resort private limited.,i want to know more about places around abhirahama hotels and resort private limited,0.0714,0.0244,0.9286,1.0
test,AESRC2020-INDIAN-ACCENT-G03610-G03610S1299,AESRC2020-INDIAN-ACCENT-G03610,4.235,INDIAN,tiny,whisper_norm,gold,does the bank charge a fee for setting up the account,does the bank charge a fee for setting up the account,Does the bank charge a fee for setting up the account?,does the bank charge a fee for setting up the account,0.0,0.0,1.0,1.0
test,AESRC2020-INDIAN-ACCENT-G03610-G03610S1300,AESRC2020-INDIAN-ACCENT-G03610,6.155,INDIAN,tiny,whisper_norm,gold,we got in the car and went down the supermarket and started buying food,we got in the car and went down the supermarket and started buying food,We got in the car and went down the supermarket and started buying food.,we got in the car and went down the supermarket and started buying food,0.0,0.0,1.0,1.0
test,AESRC2020-INDIAN-ACCENT-G03610-G03610S2364,AESRC2020-INDIAN-ACCENT-G03610,3.77,INDIAN,tiny,whisper_norm,gold,how can i say for the moment in english,how can i say for the moment in english,How can I say for the moment in English?,how can i say for the moment in english,0.0,0.0,1.0,1.0
test,AESRC2020-INDIAN-ACCENT-G03610-G03610S2366,AESRC2020-INDIAN-ACCENT-G03610,2.93,INDIAN,tiny,whisper_norm,gold,where can i watch flying prince,where can i watch flying prince,Where can I watch flying prince?,where can i watch flying prince,0.0,0.0,1.0,1.0
test,AESRC2020-INDIAN-ACCENT-G03626-G03626S1299,AESRC2020-INDIAN-ACCENT-G03626,6.605,INDIAN,tiny,whisper_norm,gold,on seeing it he can not help recall his bitter past,on seeing it he can not help recall his bitter past,"On seeing it, he cannot help recall his bitter past.",on seeing it he cannot help recall his bitter past,0.1818,0.0196,0.8182,0.9091
test,AESRC2020-INDIAN-ACCENT-G03626-G03626S1300,AESRC2020-INDIAN-ACCENT-G03626,7.077,INDIAN,tiny,whisper_norm,gold,the document was previously circulated in new york at the united nations,the document was previously circulated in new york at the united nations,The document was previously circulated in New York at the United Nations.,the document was previously circulated in new york at the united nations,0.0,0.0,1.0,1.0
test,AESRC2020-INDIAN-ACCENT-G03626-G03626S2364,AESRC2020-INDIAN-ACCENT-G03626,4.08,INDIAN,tiny,whisper_norm,gold,is they just want broadcast on the radio,is they just want broadcast on the radio,Is the just one broadcast on the radio?,is the just one broadcast on the radio,0.25,0.1,0.75,1.0
test,AESRC2020-INDIAN-ACCENT-G03626-G03626S2365,AESRC2020-INDIAN-ACCENT-G03626,5.64,INDIAN,tiny,whisper_norm,gold,what year did kuchh jhuki palkain come out,what year did kuchh jhuki palkain come out,What year did Kuch juki palke come out?,what year did kuch juki palke come out,0.375,0.119,0.625,1.0
test,AESRC2020-INDIAN-ACCENT-G03640-G03640S1298,AESRC2020-INDIAN-ACCENT-G03640,3.782,INDIAN,tiny,whisper_norm,gold,a plan is on foot to build a new tunnel here,a plan is on foot to build a new tunnel here,a plan is on foot to build a new tunnel here.,a plan is on foot to build a new tunnel here,0.0,0.0,1.0,1.0
test,AESRC2020-INDIAN-ACCENT-G03640-G03640S1300,AESRC2020-INDIAN-ACCENT-G03640,4.095,INDIAN,tiny,whisper_norm,gold,what do you do as a teenager who makes it out of that alive,what do you do as a teenager who makes it out of that alive,What do you do at the teenager who makes it out of that alive?,what do you do at the teenager who makes it out of that alive,0.1429,0.0678,0.8462,1.0
test,AESRC2020-INDIAN-ACCENT-G03640-G03640S2365,AESRC2020-INDIAN-ACCENT-G03640,4.752,INDIAN,tiny,whisper_norm,gold,when is rahat fateh ali khan and tanishk bagchi next concert,when is rahat fateh ali khan and tanishk bagchi next concert,When is Radh Fateh Ali Khan and Tanisk Bhakchi next concert?,when is radh fateh ali khan and tanisk bhakchi next concert,0.2727,0.1,0.7273,1.0
test,AESRC2020-INDIAN-ACCENT-G03640-G03640S3376,AESRC2020-INDIAN-ACCENT-G03640,2.847,INDIAN,tiny,whisper_norm,gold,turn on the camera and take some pictures,turn on the camera and take some pictures,Turn on the camera and take some pictures.,turn on the camera and take some pictures,0.0,0.0,1.0,1.0
test,AESRC2020-INDIAN-ACCENT-G03704-G03704S1300,AESRC2020-INDIAN-ACCENT-G03704,5.46,INDIAN,tiny,whisper_norm,gold,we can imagine there being a lot of fuss about it,we can imagine there being a lot of fuss about it,We can imagine there being a lot of us about it.,we can imagine there being a lot of us about it,0.0909,0.0408,0.9091,1.0
test,AESRC2020-INDIAN-ACCENT-G03704-G03704S2365,AESRC2020-INDIAN-ACCENT-G03704,3.65,INDIAN,tiny,whisper_norm,gold,is this a remix of usahay,is this a remix of usahay,is this remix of you Sahi.,is this remix of you sahi,0.5,0.28,0.6667,1.0
test,AESRC2020-INDIAN-ACCENT-G03704-G03704S3376,AESRC2020-INDIAN-ACCENT-G03704,3.269,INDIAN,tiny,whisper_norm,gold,tell me some comic stories,tell me some comic stories,Tell me some comic stories.,tell me some comic stories,0.0,0.0,1.0,1.0
test,AESRC2020-INDIAN-ACCENT-G03726-G03726S1299,AESRC2020-INDIAN-ACCENT-G03726,4.919,INDIAN,tiny,whisper_norm,gold,for the most part we were able to use reason with our daughter,for the most part we were able to use reason with our daughter,For the most part we were able to use reason with our daughter.,for the most part we were able to use reason with our daughter,0.0,0.0,1.0,1.0
test,AESRC2020-INDIAN-ACCENT-G03726-G03726S1300,AESRC2020-INDIAN-ACCENT-G03726,5.829,INDIAN,tiny,whisper_norm,gold,so far the early return seems to have kept holiday blues at bay,so far the early return seems to have kept holiday blues at bay,So far the early returns seems to have kept the holiday blues at bay.,so far the early returns seems to have kept the holiday blues at bay,0.1538,0.0794,0.9231,1.0769
test,AESRC2020-INDIAN-ACCENT-G03726-G03726S2369,AESRC2020-INDIAN-ACCENT-G03726,3.067,INDIAN,tiny,whisper_norm,gold,add songs by young thug to the queue,add songs by young thug to the queue,at songs by young thug to the queue.,at songs by young thug to the queue,0.125,0.0556,0.875,1.0
test,AESRC2020-INDIAN-ACCENT-G03726-G03726S2372,AESRC2020-INDIAN-ACCENT-G03726,3.446,INDIAN,tiny,whisper_norm,gold,are there other hotels like diana residence,are there other hotels like diana residence,Are there other hotels like Dino residents?,are there other hotels like dino residents,0.2857,0.093,0.7143,1.0
test,AESRC2020-INDIAN-ACCENT-G03749-G03749S1297,AESRC2020-INDIAN-ACCENT-G03749,6.715,INDIAN,tiny,whisper_norm,gold,they are led in with joy and gladness they enter the palace of the king,they are led in with joy and gladness they enter the palace of the king,They are led in with joy and gladness. They entered the palace of the King.,they are led in with joy and gladness they entered the palace of the king,0.0667,0.0282,0.9231,1.0
test,AESRC2020-INDIAN-ACCENT-G03749-G03749S1299,AESRC2020-INDIAN-ACCENT-G03749,5.73,INDIAN,tiny,whisper_norm,gold,still in the coconut milk little at a time stirring to combine,still in the coconut milk little at a time stirring to combine,"Stir in the coconut milk little at a time, stirring to combine.",stir in the coconut milk little at a time stirring to combine,0.0833,0.0323,0.9167,1.0
test,AESRC2020-INDIAN-ACCENT-G03749-G03749S2372,AESRC2020-INDIAN-ACCENT-G03749,6.06,INDIAN,tiny,whisper_norm,gold,i want to know what style of music fdr in trinidad is,i want to know what style of music fdr in trinidad is,I want to know what style of music FDR infinite is.,i want to know what style of music fdr infinite is,0.1667,0.1132,0.8333,0.9167
test,AESRC2020-INDIAN-ACCENT-G03749-G03749S2373,AESRC2020-INDIAN-ACCENT-G03749,4.595,INDIAN,tiny,whisper_norm,gold,when is it peak time at mchalls bistro,when is it peak time at mchalls bistro,When is it peak time at MacHalls bestow?,when is it peak time at machalls bestow,0.25,0.1053,0.75,1.0
test,AESRC2020-INDIAN-ACCENT-G03750-G03750S1299,AESRC2020-INDIAN-ACCENT-G03750,7.019,INDIAN,tiny,whisper_norm,gold,when we thought the dispute was cooling down a young man suddenly sailed in,when we thought the dispute was cooling down a young man suddenly sailed in,When we thought that this feud was cooling down a young man suddenly sailed in.,when we thought that this feud was cooling down a young man suddenly sailed in,0.2143,0.12,0.8571,1.0714
test,AESRC2020-INDIAN-ACCENT-G03750-G03750S1300,AESRC2020-INDIAN-ACCENT-G03750,7.24,INDIAN,tiny,whisper_norm,gold,my life as i know it is bookended by my birth and my death,my life as i know it is bookended by my birth and my death,My life as I know it is bookended by my birth and my death.,my life as i know it is bookended by my birth and my death,0.0,0.0,1.0,1.0
test,AESRC2020-INDIAN-ACCENT-G03750-G03750S2372,AESRC2020-INDIAN-ACCENT-G03750,2.588,INDIAN,tiny,whisper_norm,gold,where can i watch the matrix,where can i watch the matrix,Where can I watch the Matrix?,where can i watch the matrix,0.0,0.0,1.0,1.0
test,AESRC2020-INDIAN-ACCENT-G03750-G03750S2373,AESRC2020-INDIAN-ACCENT-G03750,6.63,INDIAN,tiny,whisper_norm,gold,does mosaico alfetta have an indoor pool and gym,does mosaico alfetta have an indoor pool and gym,Does Musico? Elfeta have an indoor pool and gym?,does musico elfeta have an indoor pool and gym,0.2222,0.0833,0.7778,1.0
test,AESRC2020-INDIAN-ACCENT-G03804-G03804S1299,AESRC2020-INDIAN-ACCENT-G03804,4.496,INDIAN,tiny,whisper_norm,gold,so be it i have no choice but to postpone a couple of consumption plan,so be it i have no choice but to postpone a couple of consumption plan,"So be it, I have no choice but to postpone a couple of consumption plan.",so be it i have no choice but to postpone a couple of consumption plan,0.0,0.0,1.0,1.0
test,AESRC2020-INDIAN-ACCENT-G03804-G03804S2373,AESRC2020-INDIAN-ACCENT-G03804,3.681,INDIAN,tiny,whisper_norm,gold,can i watch dead man's burden in a different language,can i watch dead man is burden in a different language,Can I watch Deadman's Bird in a different language?,can i watch deadman is bird in a different language,0.2727,0.0741,0.7273,0.9091
test,AESRC2020-INDIAN-ACCENT-G03804-G03804S3378,AESRC2020-INDIAN-ACCENT-G03804,2.731,INDIAN,tiny,whisper_norm,gold,turn off the oven after ten minutes,turn off the oven after 10 minutes,turn off the oven after 10 minutes.,turn off the oven after 10 minutes,0.0,0.0,1.0,1.0
test,AESRC2020-INDIAN-ACCENT-G03809-G03809S1299,AESRC2020-INDIAN-ACCENT-G03809,5.408,INDIAN,tiny,whisper_norm,gold,i watch lilly's talk show last night on the internet and was brill,i watch lilly is talk show last night on the internet and was brill,I watched Lily's talk show last night on the internet and was brilliant.,i watched lily is talk show last night on the internet and was brilliant,0.2143,0.1045,0.7857,1.0
test,AESRC2020-INDIAN-ACCENT-G03809-G03809S1300,AESRC2020-INDIAN-ACCENT-G03809,4.518,INDIAN,tiny,whisper_norm,gold,take the casserole out of the oven and stir in all the beans,take the casserole out of the oven and stir in all the beans,Take the casserole out of the woven and steering all the bins.,take the casserole out of the woven and steering all the bins,0.3077,0.1167,0.6364,0.9231
test,AESRC2020-INDIAN-ACCENT-G03809-G03809S2371,AESRC2020-INDIAN-ACCENT-G03809,3.675,INDIAN,tiny,whisper_norm,gold,has break machine been nominated for anything,has break machine been nominated for anything,Has break mission been nominated for anything?,has break mission been nominated for anything,0.1429,0.1111,0.8571,1.0
test,AESRC2020-INDIAN-ACCENT-G03809-G03809S2372,AESRC2020-INDIAN-ACCENT-G03809,2.793,INDIAN,tiny,whisper_norm,gold,what time does kyoto sushi close,what time does kyoto sushi close,What time does Kyoto Fushi close?,what time does kyoto fushi close,0.1667,0.0312,0.8333,1.0
test,AESRC2020-INDIAN-ACCENT-G03822-G03822S1286,AESRC2020-INDIAN-ACCENT-G03822,3.801,INDIAN,tiny,whisper_norm,gold,he went on to play nearly a decade in the nfl as a backup,he went on to play nearly a decade in the nfl as a backup,He went on to play nearly a decade in the NFL as a backup.,he went on to play nearly a decade in the nfl as a backup,0.0,0.0,1.0,1.0
test,AESRC2020-INDIAN-ACCENT-G03822-G03822S1298,AESRC2020-INDIAN-ACCENT-G03822,3.654,INDIAN,tiny,whisper_norm,gold,if i had stayed there on my own i probably wouldn't have been here now,if i had stayed there on my own i probably would not have been here now,"If I had stayed there on my own, I probably wouldn't have been here now.",if i had stayed there on my own i probably would not have been here now,0.0,0.0,1.0,1.0
test,AESRC2020-INDIAN-ACCENT-G03822-G03822S2371,AESRC2020-INDIAN-ACCENT-G03822,3.801,INDIAN,tiny,whisper_norm,gold,i want to skip the next episode of last of the summer wine,i want to skip the next episode of last of the summer wine,I want to skip the next episode of Last of the Summer Wine.,i want to skip the next episode of last of the summer wine,0.0,0.0,1.0,1.0
test,AESRC2020-INDIAN-ACCENT-G03822-G03822S2372,AESRC2020-INDIAN-ACCENT-G03822,3.466,INDIAN,tiny,whisper_norm,gold,how humid is it in kingston upon hull,how humid is it in kingston upon hull,How humid is it in Kingston upon hull?,how humid is it in kingston upon hull,0.0,0.0,1.0,1.0
test,AESRC2020-INDIAN-ACCENT-G03824-G03824S1300,AESRC2020-INDIAN-ACCENT-G03824,5.72,INDIAN,tiny,whisper_norm,gold,fish taste better if they are out of sunlight while they are being dried,fish taste better if they are out of sunlight while they are being dried,Fish test better. If they're out of sunlight while they're being dried.,fish test better if they are out of sunlight while they are being dried,0.0714,0.0278,0.9167,1.0
test,AESRC2020-INDIAN-ACCENT-G03824-G03824S2372,AESRC2020-INDIAN-ACCENT-G03824,4.78,INDIAN,tiny,whisper_norm,gold,when will the next episode of walking with dinosaurs air,when will the next episode of walking with dinosaurs air,When will the next episode of Walking With Dinosaurs Air?,when will the next episode of walking with dinosaurs air,0.0,0.0,1.0,1.0
test,AESRC2020-INDIAN-ACCENT-G03824-G03824S2373,AESRC2020-INDIAN-ACCENT-G03824,4.915,INDIAN,tiny,whisper_norm,gold,what is the average price for a meal at the grouse and ale,what is the average price for a meal at the grouse and ale,What is the average price for a meal at the Grousenale?,what is the average price for a meal at the grousenale,0.2308,0.069,0.75,0.8462
test,AESRC2020-INDIAN-ACCENT-G03824-G03824S3378,AESRC2020-INDIAN-ACCENT-G03824,2.575,INDIAN,tiny,whisper_norm,gold,what was the time when i woke up,what was the time when i woke up,What was the time when they woke up?,what was the time when they woke up,0.125,0.125,0.875,1.0
test,AESRC2020-INDIAN-ACCENT-G03830-G03830S1300,AESRC2020-INDIAN-ACCENT-G03830,4.72,INDIAN,tiny,whisper_norm,gold,the other quality is the ability to work in a spirit of harmony with others,the other quality is the ability to work in a spirit of harmony with others,The other quality is the ability to work in a spirit of harmony with others.,the other quality is the ability to work in a spirit of harmony with others,0.0,0.0,1.0,1.0
test,AESRC2020-INDIAN-ACCENT-G03830-G03830S2373,AESRC2020-INDIAN-ACCENT-G03830,3.915,INDIAN,tiny,whisper_norm,gold,how many series are there in the furchester hotel,how many series are there in the furchester hotel,How many series are there in the 4thester Hothel?,how many series are there in the 4 thester hothel,0.3333,0.102,0.7778,1.1111
test,AESRC2020-INDIAN-ACCENT-G03838-G03838S1298,AESRC2020-INDIAN-ACCENT-G03838,6.73,INDIAN,tiny,whisper_norm,gold,only one control type can be assigned as the default for a data type,only one control type can be assigned as the default for a data type,Only one control type can be assigned as the default for a data type.,only one control type can be assigned as the default for a data type,0.0,0.0,1.0,1.0
test,AESRC2020-INDIAN-ACCENT-G03838-G03838S1299,AESRC2020-INDIAN-ACCENT-G03838,7.926,INDIAN,tiny,whisper_norm,gold,has much of this actually been tried here or is it just talk,has much of this actually been tried here or is it just talk,"has much of these actually been tried here, or is it just dark?",has much of these actually been tried here or is it just dark,0.1538,0.0667,0.8462,1.0
test,AESRC2020-INDIAN-ACCENT-G03838-G03838S2372,AESRC2020-INDIAN-ACCENT-G03838,4.548,INDIAN,tiny,whisper_norm,gold,skip the next episode of the war tapes,skip the next episode of the war tapes,Skip the next episode of the World Tips.,skip the next episode of the world tips,0.25,0.1316,0.7143,1.0
test,AESRC2020-INDIAN-ACCENT-G03838-G03838S2373,AESRC2020-INDIAN-ACCENT-G03838,4.682,INDIAN,tiny,whisper_norm,gold,are there any places similar to bakersfield,are there any places similar to bakersfield,Are there any places similar to Bakersfield?,are there any places similar to bakersfield,0.0,0.0,1.0,1.0
test,AESRC2020-INDIAN-ACCENT-G03840-G03840S1300,AESRC2020-INDIAN-ACCENT-G03840,5.73,INDIAN,tiny,whisper_norm,gold,worst of all wallace goes on as if that were an actual answer,worst of all wallace goes on as if that were an actual answer,"worst of all, Wallace goes on as if that were an actual answer.",worst of all wallace goes on as if that were an actual answer,0.0,0.0,1.0,1.0
test,AESRC2020-INDIAN-ACCENT-G03840-G03840S2373,AESRC2020-INDIAN-ACCENT-G03840,1.97,INDIAN,tiny,whisper_norm,gold,uninstall choices,uninstall choices,An installed choices.,an installed choices,1.0,0.2353,0.5,1.5
test,AESRC2020-INDIAN-ACCENT-G03841-G03841S1299,AESRC2020-INDIAN-ACCENT-G03841,5.875,INDIAN,tiny,whisper_norm,gold,now studying for a master degree i love sports reading music and so on,now studying for a master degree i love sports reading music and so on,"Now, studying for a master degree, I love sports, reading music and so on.",now studying for a master degree i love sports reading music and so on,0.0,0.0,1.0,1.0
test,AESRC2020-INDIAN-ACCENT-G03841-G03841S1300,AESRC2020-INDIAN-ACCENT-G03841,4.96,INDIAN,tiny,whisper_norm,gold,as the fox came into the yard the chickens began squawking in alarm,as the fox came into the yard the chickens began squawking in alarm,"As the fox came into the yard, the chickens began squawking in alarm.",as the fox came into the yard the chickens began squawking in alarm,0.0,0.0,1.0,1.0
test,AESRC2020-INDIAN-ACCENT-G03841-G03841S2372,AESRC2020-INDIAN-ACCENT-G03841,3.4,INDIAN,tiny,whisper_norm,gold,i want to change it to the babadook,i want to change it to the babadook,I want to change it to the Baba Duke.,i want to change it to the baba duke,0.25,0.1143,0.8571,1.125
test,AESRC2020-INDIAN-ACCENT-G03841-G03841S3378,AESRC2020-INDIAN-ACCENT-G03841,2.805,INDIAN,tiny,whisper_norm,gold,turn off tv in twenty min,turn off tv in 20 min,Turn off TV in 2021.,turn off tv in 2021,0.3333,0.1905,0.6667,0.8333
test,AESRC2020-INDIAN-ACCENT-G03847-G03847S1300,AESRC2020-INDIAN-ACCENT-G03847,4.805,INDIAN,tiny,whisper_norm,gold,it is a huge empty shell of a building looming over the capital,it is a huge empty shell of a building looming over the capital,It is a huge mt shell of a building looming over the capital.,it is a huge mt shell of a building looming over the capital,0.0769,0.0476,0.9167,1.0
test,AESRC2020-INDIAN-ACCENT-G03847-G03847S2373,AESRC2020-INDIAN-ACCENT-G03847,2.7,INDIAN,tiny,whisper_norm,gold,who features in the golden age,who features in the golden age,Who features in the Golden Age?,who features in the golden age,0.0,0.0,1.0,1.0
test,AESRC2020-INDIAN-ACCENT-G03848-G03848S1299,AESRC2020-INDIAN-ACCENT-G03848,3.975,INDIAN,tiny,whisper_norm,gold,we have to rely on each other we have to trust each other,we have to rely on each other we have to trust each other,"We have to rely on each other, we have to trust each other.",we have to rely on each other we have to trust each other,0.0,0.0,1.0,1.0
test,AESRC2020-INDIAN-ACCENT-G03848-G03848S1300,AESRC2020-INDIAN-ACCENT-G03848,4.545,INDIAN,tiny,whisper_norm,gold,but it is a firmly held belief and is still a conservative estimate,but it is a firmly held belief and is still a conservative estimate,But it is a firmly held belief and still a conservative estimate.,but it is a firmly held belief and still a conservative estimate,0.0769,0.0448,1.0,0.9231
test,AESRC2020-INDIAN-ACCENT-G03848-G03848S2372,AESRC2020-INDIAN-ACCENT-G03848,3.205,INDIAN,tiny,whisper_norm,gold,does sugar sugar have a free version,does sugar sugar have a free version,That sugar sugar have a free version,that sugar sugar have a free version,0.1429,0.1111,0.8333,1.0
test,AESRC2020-INDIAN-ACCENT-G03848-G03848S2373,AESRC2020-INDIAN-ACCENT-G03848,3.23,INDIAN,tiny,whisper_norm,gold,how can i book a table at the french quarter,how can i book a table at the french quarter,How can I book a table at the French Quarter?,how can i book a table at the french quarter,0.0,0.0,1.0,1.0
test,AESRC2020-INDIAN-ACCENT-G03853-G03853S1299,AESRC2020-INDIAN-ACCENT-G03853,5.425,INDIAN,tiny,whisper_norm,gold,but when you opened it he found it was empty and again his anger flared,but when you opened it he found it was empty and again his anger flared,"But when he opened it, he found it was empty and again his anger fled.",but when he opened it he found it was empty and again his anger fled,0.1333,0.0704,0.8571,1.0
test,AESRC2020-INDIAN-ACCENT-G03853-G03853S1300,AESRC2020-INDIAN-ACCENT-G03853,6.077,INDIAN,tiny,whisper_norm,gold,but you seem to have an appetite for forcing them to admit what they are,but you seem to have an appetite for forcing them to admit what they are,But you seem to have an appetite for forcing them to admit what they are.,but you seem to have an appetite for forcing them to admit what they are,0.0,0.0,1.0,1.0
test,AESRC2020-INDIAN-ACCENT-G03853-G03853S2372,AESRC2020-INDIAN-ACCENT-G03853,3.156,INDIAN,tiny,whisper_norm,gold,i want to listen to little town flirt,i want to listen to little town flirt,I want to listen to little town flood.,i want to listen to little town flood,0.125,0.0811,0.8571,1.0
test,AESRC2020-INDIAN-ACCENT-G03853-G03853S2373,AESRC2020-INDIAN-ACCENT-G03853,4.937,INDIAN,tiny,whisper_norm,gold,from kingdom of spain to yy how long will it take,from kingdom of spain to yy how long will it take,from Kingdom of Spain to why why how long will it take?,from kingdom of spain to why why how long will it take,0.1818,0.102,0.9091,1.0909
test,AESRC2020-INDIAN-ACCENT-G03853-G03853S3378,AESRC2020-INDIAN-ACCENT-G03853,2.625,INDIAN,tiny,whisper_norm,gold,i can not sleep turn it off,i can not sleep turn it off,"I cannot slip, turn it off.",i cannot slip turn it off,0.4286,0.1111,0.5714,0.8571
test,AESRC2020-INDIAN-ACCENT-G03884-G03884S1299,AESRC2020-INDIAN-ACCENT-G03884,5.607,INDIAN,tiny,whisper_norm,gold,if you need to download world community grid software again you can do that here,if you need to download world community grid software again you can do that here,"If you need to download World Community Creates Software again, you can do that here.",if you need to download world community creates software again you can do that here,0.0667,0.075,0.9286,1.0
test,AESRC2020-INDIAN-ACCENT-G03884-G03884S2372,AESRC2020-INDIAN-ACCENT-G03884,4.955,INDIAN,tiny,whisper_norm,gold,which attractions in state of kuwait are suitable for solo travellers,which attractions in state of kuwait are suitable for solo travelers,which attractions instead of Kuwait are suitable for solar travelers.,which attractions instead of kuwait are suitable for solar travelers,0.2727,0.0882,0.7273,0.9091
test,AESRC2020-INDIAN-ACCENT-G03884-G03884S2373,AESRC2020-INDIAN-ACCENT-G03884,4.525,INDIAN,tiny,whisper_norm,gold,i want to know other songs with the same name as you better run,i want to know other songs with the same name as you better run,I want to know other songs with the same name as you better run.,i want to know other songs with the same name as you better run,0.0,0.0,1.0,1.0
test,AESRC2020-INDIAN-ACCENT-G03884-G03884S3378,AESRC2020-INDIAN-ACCENT-G03884,2.051,INDIAN,tiny,whisper_norm,gold,i am feeling hot,i am feeling hot,I'm feeling hot.,i am feeling hot,0.0,0.0,1.0,1.0
test,AESRC2020-INDIAN-ACCENT-G03885-G03885S1299,AESRC2020-INDIAN-ACCENT-G03885,5.946,INDIAN,tiny,whisper_norm,gold,don't about career path the interviewer is not your manager and won't about that,do not about career path the interviewer is not your manager and will not about that,"Don't about carrier path, the interviewer is not your manager and want about that.",do not about carrier path the interviewer is not your manager and want about that,0.1875,0.0833,0.8462,0.9375
test,AESRC2020-INDIAN-ACCENT-G03885-G03885S1300,AESRC2020-INDIAN-ACCENT-G03885,5.003,INDIAN,tiny,whisper_norm,gold,he gave no reasons but we could tell by his face that he was immovable,he gave no reasons but we could tell by his face that he was immovable,"He gave no reasons, but we could tell by his face that he was immovable.",he gave no reasons but we could tell by his face that he was immovable,0.0,0.0,1.0,1.0
test,AESRC2020-INDIAN-ACCENT-G03885-G03885S2372,AESRC2020-INDIAN-ACCENT-G03885,4.013,INDIAN,tiny,whisper_norm,gold,i want to know what styles of music catfish blues is,i want to know what styles of music catfish blues is,I want to know what styles of music catfish blues is.,i want to know what styles of music catfish blues is,0.0,0.0,1.0,1.0
test,AESRC2020-INDIAN-ACCENT-G03885-G03885S2373,AESRC2020-INDIAN-ACCENT-G03885,2.716,INDIAN,tiny,whisper_norm,gold,i want to uninstall dailyart,i want to uninstall dailyart,I want to uninstall daily art.,i want to uninstall daily art,0.4,0.0357,0.8,1.2
test,AESRC2020-INDIAN-ACCENT-G03885-G03885S3378,AESRC2020-INDIAN-ACCENT-G03885,2.351,INDIAN,tiny,whisper_norm,gold,can the heater be turned on,can the heater be turned on,Can the heater be turned on?,can the heater be turned on,0.0,0.0,1.0,1.0
test,AESRC2020-INDIAN-ACCENT-G03899-G03899S1297,AESRC2020-INDIAN-ACCENT-G03899,5.825,INDIAN,tiny,whisper_norm,gold,here's an algorithm for sorting any set of numbers to get them order,here is an algorithm for sorting any set of numbers to get them order,Here is an algorithm for sorting any set of numbers to get them order.,here is an algorithm for sorting any set of numbers to get them order,0.0,0.0,1.0,1.0
test,AESRC2020-INDIAN-ACCENT-G03899-G03899S1299,AESRC2020-INDIAN-ACCENT-G03899,6.759,INDIAN,tiny,whisper_norm,gold,are there any actors or actresses that you like who are your favorite movie stars,are there any actors or actresses that you like who are your favorite movie stars,Are there any actors or actresses that you like? Who are your favourite movie stars?,are there any actors or actresses that you like who are your favorite movie stars,0.0,0.0,1.0,1.0
test,AESRC2020-INDIAN-ACCENT-G03899-G03899S2373,AESRC2020-INDIAN-ACCENT-G03899,4.162,INDIAN,tiny,whisper_norm,gold,i want to change it to a monster calls,i want to change it to a monster calls,I want to change it to a monster calls.,i want to change it to a monster calls,0.0,0.0,1.0,1.0
test,AESRC2020-INDIAN-ACCENT-G03899-G03899S3378,AESRC2020-INDIAN-ACCENT-G03899,3.785,INDIAN,tiny,whisper_norm,gold,let me know the name of the person texting,let me know the name of the person texting,Let me know the name of the person texting.,let me know the name of the person texting,0.0,0.0,1.0,1.0
test,AESRC2020-INDIAN-ACCENT-G03903-G03903S1290,AESRC2020-INDIAN-ACCENT-G03903,6.31,INDIAN,tiny,whisper_norm,gold,the dog hurt one of its pad when it stepped upon a thorny but,the dog hurt one of its pad when it stepped upon a thorny but,The dog heard one of its paint when it stepped upon a thorny butt.,the dog heard one of its paint when it stepped upon a thorny butt,0.2143,0.1148,0.7857,1.0
test,AESRC2020-INDIAN-ACCENT-G03903-G03903S1292,AESRC2020-INDIAN-ACCENT-G03903,6.355,INDIAN,tiny,whisper_norm,gold,the helicopters are design to quickly lift soldier and equip to the battlefield,the helicopters are design to quickly lift soldier and equip to the battlefield,The helicopters are designed to quickly lift soldier and equip to the battlefield.,the helicopters are designed to quickly lift soldier and equip to the battlefield,0.0769,0.0253,0.9091,1.0
test,AESRC2020-INDIAN-ACCENT-G03903-G03903S2366,AESRC2020-INDIAN-ACCENT-G03903,5.135,INDIAN,tiny,whisper_norm,gold,from republic of peru to yy how long will it take,from republic of peru to yy how long will it take,"From Republic of Peru to Hawaii, how long will it take?",from republic of peru to hawaii how long will it take,0.0909,0.1224,0.9091,1.0
test,AESRC2020-INDIAN-ACCENT-G03903-G03903S2370,AESRC2020-INDIAN-ACCENT-G03903,2.959,INDIAN,tiny,whisper_norm,gold,change the song to everyday we lit,change the song to everyday we lit,Since the song to every day we leave.,since the song to every day we leave,0.5714,0.2647,0.5714,1.1429
test,AESRC2020-INDIAN-ACCENT-G03914-G03914S1300,AESRC2020-INDIAN-ACCENT-G03914,5.679,INDIAN,tiny,whisper_norm,gold,that will free some space on the hard disk and speed up your machine,that will free some space on the hard disk and speed up your machine,That will free some space on the hard disk and speed up your machine.,that will free some space on the hard disk and speed up your machine,0.0,0.0,1.0,1.0
test,AESRC2020-INDIAN-ACCENT-G03914-G03914S2373,AESRC2020-INDIAN-ACCENT-G03914,3.105,INDIAN,tiny,whisper_norm,gold,is there rain due in new haven,is there rain due in new haven,Is there a brand new in new heaven?,is there a brand new in new heaven,0.5714,0.3,0.5714,1.1429
test,AESRC2020-INDIAN-ACCENT-G03918-G03918S2373,AESRC2020-INDIAN-ACCENT-G03918,4.398,INDIAN,tiny,whisper_norm,gold,play episode one of the famous five from the beginning,play episode one of the famous 5 from the beginning,Play episode 1 of the famous 5 from the beginning.,play episode one of the famous 5 from the beginning,0.0,0.0,1.0,1.0
test,AESRC2020-INDIAN-ACCENT-G03918-G03918S3378,AESRC2020-INDIAN-ACCENT-G03918,2.187,INDIAN,tiny,whisper_norm,gold,please make the heater off,please make the heater off,Please make the heater off.,please make the heater off,0.0,0.0,1.0,1.0
test,AESRC2020-INDIAN-ACCENT-G03920-G03920S1300,AESRC2020-INDIAN-ACCENT-G03920,5.845,INDIAN,tiny,whisper_norm,gold,if the roe is soft you can add it to the soup later on,if the roe is soft you can add it to the soup later on,"If the rule is solved, you can add it to the soup later on.",if the rule is solved you can add it to the soup later on,0.1429,0.1111,0.8462,1.0
test,AESRC2020-INDIAN-ACCENT-G03920-G03920S2372,AESRC2020-INDIAN-ACCENT-G03920,2.518,INDIAN,tiny,whisper_norm,gold,who is the main actor in elena,who is the main actor in elena,Who is the main actor in Elena?,who is the main actor in elena,0.0,0.0,1.0,1.0
test,AESRC2020-INDIAN-ACCENT-G03924-G03924S1299,AESRC2020-INDIAN-ACCENT-G03924,4.301,INDIAN,tiny,whisper_norm,gold,he was like the bed at a party on which they pile the coats,he was like the bed at a party on which they pile the coats,He was like the bed at a party on which they pile the codes.,he was like the bed at a party on which they pile the codes,0.0714,0.0339,0.9231,1.0
test,AESRC2020-INDIAN-ACCENT-G03924-G03924S1300,AESRC2020-INDIAN-ACCENT-G03924,4.098,INDIAN,tiny,whisper_norm,gold,so what role she is going to have is not at all clear,so what role she is going to have is not at all clear,"So, what role she is going to have is not at all clear.",so what role she is going to have is not at all clear,0.0,0.0,1.0,1.0
test,AESRC2020-INDIAN-ACCENT-G03924-G03924S2371,AESRC2020-INDIAN-ACCENT-G03924,2.53,INDIAN,tiny,whisper_norm,gold,where does be in the mood to do come from,where does be in the mood to do come from,where does being the mood to do come from?,where does being the mood to do come from,0.2,0.0488,0.8,0.9
test,AESRC2020-INDIAN-ACCENT-G03924-G03924S2373,AESRC2020-INDIAN-ACCENT-G03924,2.591,INDIAN,tiny,whisper_norm,gold,i need to restart little nightmares,i need to restart little nightmares,I need to restart little nightmares.,i need to restart little nightmares,0.0,0.0,1.0,1.0
test,AESRC2020-INDIAN-ACCENT-G03928-G03928S1299,AESRC2020-INDIAN-ACCENT-G03928,5.189,INDIAN,tiny,whisper_norm,gold,i wore this veil because he use to be so crazy about veils,i wore this veil because he use to be so crazy about veils,I've ordered this whale because he used to be so crazy about whales.,i have ordered this whale because he used to be so crazy about whales,0.3846,0.3103,0.6923,1.0769
test,AESRC2020-INDIAN-ACCENT-G03928-G03928S1300,AESRC2020-INDIAN-ACCENT-G03928,6.388,INDIAN,tiny,whisper_norm,gold,that's likely to be the case in all of the major political swing states,that is likely to be the case in all of the major political swing states,that's likely to be the case in all of the major political swing states.,that is likely to be the case in all of the major political swing states,0.0,0.0,1.0,1.0
test,AESRC2020-INDIAN-ACCENT-G03928-G03928S2372,AESRC2020-INDIAN-ACCENT-G03928,3.092,INDIAN,tiny,whisper_norm,gold,do not play clash,do not play clash,Do not play Clash,do not play clash,0.0,0.0,1.0,1.0
test,AESRC2020-INDIAN-ACCENT-G03928-G03928S2373,AESRC2020-INDIAN-ACCENT-G03928,5.628,INDIAN,tiny,whisper_norm,gold,what should i take note of before going to isle of man,what should i take note of before going to isle of man,What should I take note of before going to I love men?,what should i take note of before going to i love men,0.25,0.1111,0.8182,1.0
test,AESRC2020-INDIAN-ACCENT-G03957-G03957S1299,AESRC2020-INDIAN-ACCENT-G03957,5.652,INDIAN,tiny,whisper_norm,gold,it wasn't like the tour de france so mainstream the tour was on the telly,it was not like the tour de france so mainstream the tour was on the telly,It wasn't like that old day from so mainstream that old was on the tally.,it was not like that old day from so mainstream that old was on the tally,0.4375,0.2297,0.6667,1.0
test,AESRC2020-INDIAN-ACCENT-G03957-G03957S2371,AESRC2020-INDIAN-ACCENT-G03957,3.727,INDIAN,tiny,whisper_norm,gold,i want to listen to slow songs by drifter,i want to listen to slow songs by drifter,I want to listen to slow songs by Drifter.,i want to listen to slow songs by drifter,0.0,0.0,1.0,1.0
test,AESRC2020-INDIAN-ACCENT-G03957-G03957S2373,AESRC2020-INDIAN-ACCENT-G03957,4.191,INDIAN,tiny,whisper_norm,gold,are pets allowed in the rooms at hotel ines,are pets allowed in the rooms at hotel ines,"Our pets allowed in rooms head, hotel in us.",our pets allowed in rooms head hotel in us,0.5556,0.2791,0.5556,1.0
test,AESRC2020-INDIAN-ACCENT-G03957-G03957S3378,AESRC2020-INDIAN-ACCENT-G03957,4.121,INDIAN,tiny,whisper_norm,gold,air conditioner can help making the room cool,air conditioner can help making the room cool,Air conditioner can help making the room cool.,air conditioner can help making the room cool,0.0,0.0,1.0,1.0
test,AESRC2020-INDIAN-ACCENT-G03960-G03960S1300,AESRC2020-INDIAN-ACCENT-G03960,6.188,INDIAN,tiny,whisper_norm,gold,the duty of a parent to support his child was a matter of law,the duty of a parent to support his child was a matter of law,The duty of a parent to support his child was a matter of law.,the duty of a parent to support his child was a matter of law,0.0,0.0,1.0,1.0
test,AESRC2020-INDIAN-ACCENT-G03960-G03960S2372,AESRC2020-INDIAN-ACCENT-G03960,5.552,INDIAN,tiny,whisper_norm,gold,did oxo good grips upright sweep set get positive reviews,did oxo good grips upright sweep set get positive reviews,Did also good grips upright sweep set get positive reviews.,did also good grips upright sweep set get positive reviews,0.1,0.0526,0.9,1.0
test,AESRC2020-INDIAN-ACCENT-G03960-G03960S2373,AESRC2020-INDIAN-ACCENT-G03960,3.59,INDIAN,tiny,whisper_norm,gold,what languages do they speak in tallahassee,what languages do they speak in tallahassee,What languages do they speak in Talahasí?,what languages do they speak in talahasi,0.1429,0.093,0.8571,1.0
test,AESRC2020-INDIAN-ACCENT-G03960-G03960S3378,AESRC2020-INDIAN-ACCENT-G03960,2.197,INDIAN,tiny,whisper_norm,gold,decrease speed,decrease speed,The crease speed.,the crease speed,1.0,0.2143,0.5,1.5
test,AESRC2020-INDIAN-ACCENT-G04008-G04008S2372,AESRC2020-INDIAN-ACCENT-G04008,4.25,INDIAN,tiny,whisper_norm,gold,i want to know what the apartment is about,i want to know what the apartment is about,I want to know what the apartment is about.,i want to know what the apartment is about,0.0,0.0,1.0,1.0
test,AESRC2020-INDIAN-ACCENT-G04008-G04008S2373,AESRC2020-INDIAN-ACCENT-G04008,4.6,INDIAN,tiny,whisper_norm,gold,what direction is the wind blowing in in chandler,what direction is the wind blowing in in chandler,What direction is the wine blowing in in Chandler?,what direction is the wine blowing in in chandler,0.1111,0.0204,0.875,1.0
test,AESRC2020-INDIAN-ACCENT-G04026-G04026S1299,AESRC2020-INDIAN-ACCENT-G04026,6.804,INDIAN,tiny,whisper_norm,gold,he proceeds to take apart every preconception anyone might have ever had about him,he proceeds to take apart every preconception anyone might have ever had about him,He proceeds to take apart every preconception anyone might have ever had about him.,he proceeds to take apart every preconception anyone might have ever had about him,0.0,0.0,1.0,1.0
test,AESRC2020-INDIAN-ACCENT-G04026-G04026S2372,AESRC2020-INDIAN-ACCENT-G04026,5.217,INDIAN,tiny,whisper_norm,gold,is birdman or the unexpected virtue of ignorance still in cinemas,is birdman or the unexpected virtue of ignorance still in cinemas,Is Birdman or the unexpected virtue of ignorance still in cinemas?,is birdman or the unexpected virtue of ignorance still in cinemas,0.0,0.0,1.0,1.0
test,AESRC2020-INDIAN-ACCENT-G04030-G04030S1298,AESRC2020-INDIAN-ACCENT-G04030,6.15,INDIAN,tiny,whisper_norm,gold,at the mean time he can improve his english level both in speaking and reading,at the mean time he can improve his english level both in speaking and reading,"At the mean time, he can improve his English level both in speaking and reading.",at the mean time he can improve his english level both in speaking and reading,0.0,0.0,1.0,1.0
test,AESRC2020-INDIAN-ACCENT-G04030-G04030S1300,AESRC2020-INDIAN-ACCENT-G04030,7.82,INDIAN,tiny,whisper_norm,gold,he will pick the best of that lot and that best will sired twenty more variations,he will pick the best of that lot and that best will sired 20 more variations,He will pick the best of that load and the best will sire 20 more variations.,he will pick the best of that load and the best will sire 20 more variations,0.1875,0.0649,0.8462,1.0
test,AESRC2020-INDIAN-ACCENT-G04030-G04030S2373,AESRC2020-INDIAN-ACCENT-G04030,3.82,INDIAN,tiny,whisper_norm,gold,are there more songs like final approach,are there more songs like final approach,are there more songs like Final Approach?,are there more songs like final approach,0.0,0.0,1.0,1.0
test,AESRC2020-INDIAN-ACCENT-G04030-G04030S3377,AESRC2020-INDIAN-ACCENT-G04030,3.785,INDIAN,tiny,whisper_norm,gold,run the oven on for ten minutes,run the oven on for 10 minutes,Run the oven on 4-10 minutes.,run the oven on 4 10 minutes,0.1429,0.1,0.8571,1.0
test,AESRC2020-INDIAN-ACCENT-G04033-G04033S1300,AESRC2020-INDIAN-ACCENT-G04033,7.424,INDIAN,tiny,whisper_norm,gold,he studies in such a good school as all other students in his village admire,he studies in such a good school as all other students in his village admire,He studies in such a good school as all other students in his village admire.,he studies in such a good school as all other students in his village admire,0.0,0.0,1.0,1.0
test,AESRC2020-INDIAN-ACCENT-G04033-G04033S2373,AESRC2020-INDIAN-ACCENT-G04033,4.64,INDIAN,tiny,whisper_norm,gold,i want to add drop the ball to my home screen,i want to add drop the ball to my home screen,I want to add drop the ball to my home school.,i want to add drop the ball to my home school,0.0909,0.0889,0.9,1.0
test,AESRC2020-INDIAN-ACCENT-G04046-G04046S1299,AESRC2020-INDIAN-ACCENT-G04046,6.29,INDIAN,tiny,whisper_norm,gold,the f d has to drive the negotiations and has to improve our deals,the f d has to drive the negotiations and has to improve our deals,D F D has to drive the negotiations and has to improve our deals.,d f d has to drive the negotiations and has to improve our deals,0.0714,0.0455,1.0,1.0
test,AESRC2020-INDIAN-ACCENT-G04046-G04046S2372,AESRC2020-INDIAN-ACCENT-G04046,4.465,INDIAN,tiny,whisper_norm,gold,buy a ticket for in the company of men,buy a ticket for in the company of men,Buy a ticket for in the company of men.,buy a ticket for in the company of men,0.0,0.0,1.0,1.0
test,AESRC2020-INDIAN-ACCENT-G04046-G04046S2373,AESRC2020-INDIAN-ACCENT-G04046,4.827,INDIAN,tiny,whisper_norm,gold,are there any sites near sunrise beach suites,are there any sites near sunrise beach suites,or there any sites near sunrise beach suits.,or there any sites near sunrise beach suits,0.25,0.0667,0.75,1.0
test,AESRC2020-INDIAN-ACCENT-G04061-G04061S1299,AESRC2020-INDIAN-ACCENT-G04061,6.183,INDIAN,tiny,whisper_norm,gold,tapping with a stick against the window he let me know he had arrived,tapping with a stick against the window he let me know he had arrived,"Tapping with the stick against the window, he let me know he had arrived.",tapping with the stick against the window he let me know he had arrived,0.0714,0.0435,0.9231,1.0
test,AESRC2020-INDIAN-ACCENT-G04061-G04061S1300,AESRC2020-INDIAN-ACCENT-G04061,7.899,INDIAN,tiny,whisper_norm,gold,one the european situation continues to be very fragile in my view he said,one the european situation continues to be very fragile in my view he said,"One, the European situation continues to be very fragile in my view he said.",one the european situation continues to be very fragile in my view he said,0.0,0.0,1.0,1.0
test,AESRC2020-INDIAN-ACCENT-G04061-G04061S2372,AESRC2020-INDIAN-ACCENT-G04061,3.87,INDIAN,tiny,whisper_norm,gold,what is the name of this episode of class act,what is the name of this episode of class act,What is the name of this episode of Class Act?,what is the name of this episode of class act,0.0,0.0,1.0,1.0
test,AESRC2020-INDIAN-ACCENT-G04061-G04061S2373,AESRC2020-INDIAN-ACCENT-G04061,4.311,INDIAN,tiny,whisper_norm,gold,has alka yagnik been nominated for anything,has alka yagnik been nominated for anything,Has Alka Yagnik been nominated for anything?,has alka yagnik been nominated for anything,0.0,0.0,1.0,1.0
test,AESRC2020-INDIAN-ACCENT-G04061-G04061S3378,AESRC2020-INDIAN-ACCENT-G04061,2.449,INDIAN,tiny,whisper_norm,gold,make the room cooler then outside,make the room cooler then outside,Make the room cooler than outside.,make the room cooler than outside,0.1667,0.0303,0.8333,1.0
test,AESRC2020-INDIAN-ACCENT-G04077-G04077S1299,AESRC2020-INDIAN-ACCENT-G04077,6.855,INDIAN,tiny,whisper_norm,gold,however last i heard the deep ocean currents seem to be as healthy as ever,however last i heard the deep ocean currents seem to be as healthy as ever,"However, last I hear the deep ocean currents seem to be as healthy as ever.",however last i hear the deep ocean currents seem to be as healthy as ever,0.0667,0.0135,0.9286,1.0
test,AESRC2020-INDIAN-ACCENT-G04077-G04077S1300,AESRC2020-INDIAN-ACCENT-G04077,5.934,INDIAN,tiny,whisper_norm,gold,stalin saw this as part of a plot to remove him from power,stalin saw this as part of a plot to remove him from power,I start this as part of a plot to remove him from power.,i start this as part of a plot to remove him from power,0.1538,0.1379,0.8462,1.0
test,AESRC2020-INDIAN-ACCENT-G04077-G04077S2372,AESRC2020-INDIAN-ACCENT-G04077,3.738,INDIAN,tiny,whisper_norm,gold,how can i book a hotel in pakxe,how can i book a hotel in pakxe,How can I book a hotel in Pike?,how can i book a hotel in pike,0.125,0.0645,0.875,1.0
test,AESRC2020-INDIAN-ACCENT-G04077-G04077S2373,AESRC2020-INDIAN-ACCENT-G04077,4.472,INDIAN,tiny,whisper_norm,gold,what is the most played song by loyle carner,what is the most played song by loyle carner,What is the most played song by loyal corner?,what is the most played song by loyal corner,0.2222,0.0682,0.7778,1.0
test,AESRC2020-INDIAN-ACCENT-G04084-G04084S1300,AESRC2020-INDIAN-ACCENT-G04084,8.502,INDIAN,tiny,whisper_norm,gold,add eggs one at a time beating well after each addition beat in extracts,add eggs one at a time beating well after each addition beat in extracts,"Add X, one at a time, beating well after each direction, beat in extracts.",add x one at a time beating well after each direction beat in extracts,0.1429,0.125,0.8571,1.0
test,AESRC2020-INDIAN-ACCENT-G04084-G04084S2373,AESRC2020-INDIAN-ACCENT-G04084,4.025,INDIAN,tiny,whisper_norm,gold,what time is sunset in swan hill,what time is sunset in swan hill,What time is sunset in Swan Hill?,what time is sunset in swan hill,0.0,0.0,1.0,1.0
test,AESRC2020-INDIAN-ACCENT-G04089-G04089S1300,AESRC2020-INDIAN-ACCENT-G04089,5.63,INDIAN,tiny,whisper_norm,gold,being here just playing with other people i learned how to just have fun,being here just playing with other people i learned how to just have fun,"Being here just playing with other people, I learned how to just have fun.",being here just playing with other people i learned how to just have fun,0.0,0.0,1.0,1.0
test,AESRC2020-INDIAN-ACCENT-G04089-G04089S2373,AESRC2020-INDIAN-ACCENT-G04089,2.93,INDIAN,tiny,whisper_norm,gold,play bright side of the road remix,play bright side of the road remix,Play bright side of the road remix.,play bright side of the road remix,0.0,0.0,1.0,1.0
test,AESRC2020-INDIAN-ACCENT-G04091-G04091S1300,AESRC2020-INDIAN-ACCENT-G04091,4.098,INDIAN,tiny,whisper_norm,gold,my legs are short and i am slow but i can win this race,my legs are short and i am slow but i can win this race,My legs are short and I am slow but I can win the race.,my legs are short and i am slow but i can win the race,0.0714,0.0364,0.9231,1.0
test,AESRC2020-INDIAN-ACCENT-G04091-G04091S2371,AESRC2020-INDIAN-ACCENT-G04091,4.054,INDIAN,tiny,whisper_norm,gold,i want to get takeaway from the fishermans arms,i want to get takeaway from the fishermans arms,I want to get take away from the fisherman's arms.,i want to get take away from the fisherman is arms,0.4444,0.0638,0.7778,1.2222
test,AESRC2020-INDIAN-ACCENT-G10825-G10825S1299,AESRC2020-INDIAN-ACCENT-G10825,4.815,INDIAN,tiny,whisper_norm,gold,don't give the job to read he'll only botch it up,do not give the job to read he will only botch it up,"Don't give the job to read, he'll only watch it up.",do not give the job to read he will only watch it up,0.0769,0.0385,0.9231,1.0
test,AESRC2020-INDIAN-ACCENT-G10825-G10825S1300,AESRC2020-INDIAN-ACCENT-G10825,3.84,INDIAN,tiny,whisper_norm,gold,hard work and being active was a way of life for everyone,hard work and being active was a way of life for everyone,Hard work and being active was a way of life or everyone.,hard work and being active was a way of life or everyone,0.0833,0.0175,0.9167,1.0
test,AESRC2020-INDIAN-ACCENT-G10825-G10825S2354,AESRC2020-INDIAN-ACCENT-G10825,4.285,INDIAN,tiny,whisper_norm,gold,who are the main actors in the show shaurya aur suhani,who are the main actors in the show shaurya aur suhani,"Who are the main actors in the show? Sorry or so, honey.",who are the main actors in the show sorry or so honey,0.3636,0.2037,0.7,1.0909
test,AESRC2020-INDIAN-ACCENT-G10825-G10825S2355,AESRC2020-INDIAN-ACCENT-G10825,2.575,INDIAN,tiny,whisper_norm,gold,what is the altitude in baranagar,what is the altitude in baranagar,What is the altitude in baron again?,what is the altitude in baron again,0.3333,0.1212,0.8333,1.1667
test,AESRC2020-INDIAN-ACCENT-G10825-G10825S3370,AESRC2020-INDIAN-ACCENT-G10825,2.985,INDIAN,tiny,whisper_norm,gold,make the temprature of this room higher,make the temprature of this room higher,Make the temperature of this room higher.,make the temperature of this room higher,0.1429,0.0256,0.8571,1.0
test,AESRC2020-INDIAN-ACCENT-G10839-G10839S1299,AESRC2020-INDIAN-ACCENT-G10839,3.88,INDIAN,tiny,whisper_norm,gold,does he need to buy a car in order to travel in america,does he need to buy a car in order to travel in america,There's a need to buy a car in order to travel in America.,there is a need to buy a car in order to travel in america,0.2308,0.1455,0.8182,1.0769
test,AESRC2020-INDIAN-ACCENT-G10839-G10839S1300,AESRC2020-INDIAN-ACCENT-G10839,4.097,INDIAN,tiny,whisper_norm,gold,your promise it would take me live with rest of my life,your promise it would take me live with rest of my life,"Your promise, it would take me live with rest of my life.",your promise it would take me live with rest of my life,0.0,0.0,1.0,1.0
test,AESRC2020-INDIAN-ACCENT-G10839-G10839S2354,AESRC2020-INDIAN-ACCENT-G10839,3.99,INDIAN,tiny,whisper_norm,gold,does milan guest house have an indoor pool and gym,does milan guest house have an indoor pool and gym,Thus Milan guest house have an indoor pool and gym.,thus milan guest house have an indoor pool and gym,0.1,0.06,0.9,1.0
test,AESRC2020-INDIAN-ACCENT-G10839-G10839S2355,AESRC2020-INDIAN-ACCENT-G10839,4.55,INDIAN,tiny,whisper_norm,gold,i want to know more about places around admiralty hotel,i want to know more about places around admiralty hotel,I want to know more about places around Edmiralty Hotel.,i want to know more about places around edmiralty hotel,0.1,0.0182,0.9,1.0
test,AESRC2020-INDIAN-ACCENT-G10858-G10858S2354,AESRC2020-INDIAN-ACCENT-G10858,3.66,INDIAN,tiny,whisper_norm,gold,what time will the sun set in barkmere,what time will the sun set in barkmere,What time will the sunset in a park mirror?,what time will the sunset in a park mirror,0.625,0.2368,0.625,1.125
test,AESRC2020-INDIAN-ACCENT-G10858-G10858S2355,AESRC2020-INDIAN-ACCENT-G10858,4.345,INDIAN,tiny,whisper_norm,gold,what platform can i watch the nanny on,what platform can i watch the nanny on,What platform can I watch the nanny on?,what platform can i watch the nanny on,0.0,0.0,1.0,1.0
test,AESRC2020-INDIAN-ACCENT-G10858-G10858S3370,AESRC2020-INDIAN-ACCENT-G10858,2.462,INDIAN,tiny,whisper_norm,gold,help me play songs now,help me play songs now,Help me play songs now.,help me play songs now,0.0,0.0,1.0,1.0
test,AESRC2020-INDIAN-ACCENT-G10940-G10940S1299,AESRC2020-INDIAN-ACCENT-G10940,6.333,INDIAN,tiny,whisper_norm,gold,lately she was seen out with a mystery unknown friend a lot in private,lately she was seen out with a mystery unknown friend a lot in private,Let's see what's in out with a mystery unknown friend a lot in private.,let us see what is in out with a mystery unknown friend a lot in private,0.4286,0.1429,0.6923,1.1429
test,AESRC2020-INDIAN-ACCENT-G10940-G10940S1300,AESRC2020-INDIAN-ACCENT-G10940,4.863,INDIAN,tiny,whisper_norm,gold,it is not that we do not admire them as they deserve,it is not that we do not admire them as they deserve,It is not that we do not admire them as they deserve.,it is not that we do not admire them as they deserve,0.0,0.0,1.0,1.0
test,AESRC2020-INDIAN-ACCENT-G10940-G10940S2354,AESRC2020-INDIAN-ACCENT-G10940,3.998,INDIAN,tiny,whisper_norm,gold,what direction is the wind blowing in anand,what direction is the wind blowing in anand,What direction is the wind blowing in anand?,what direction is the wind blowing in anand,0.0,0.0,1.0,1.0
test,AESRC2020-INDIAN-ACCENT-G10940-G10940S2355,AESRC2020-INDIAN-ACCENT-G10940,3.543,INDIAN,tiny,whisper_norm,gold,how fast is the wind blowing in edmonton,how fast is the wind blowing in edmonton,How fast is the wind blowing in Edmonton?,how fast is the wind blowing in edmonton,0.0,0.0,1.0,1.0
test,AESRC2020-INDIAN-ACCENT-G10940-G10940S3370,AESRC2020-INDIAN-ACCENT-G10940,2.609,INDIAN,tiny,whisper_norm,gold,i just turn it on,i just turn it on,I just turn it on.,i just turn it on,0.0,0.0,1.0,1.0
test,AESRC2020-INDIAN-ACCENT-G10965-G10965S1299,AESRC2020-INDIAN-ACCENT-G10965,4.25,INDIAN,tiny,whisper_norm,gold,i'd like another piece please but just a small one,i would like another piece please but just a small one,I'd like another piece please but just a small one.,i would like another piece please but just a small one,0.0,0.0,1.0,1.0
test,AESRC2020-INDIAN-ACCENT-G10965-G10965S1300,AESRC2020-INDIAN-ACCENT-G10965,4.065,INDIAN,tiny,whisper_norm,gold,how are we to determine just what the right sum is,how are we to determine just what the right sum is,How are we to determine just what the right sum is?,how are we to determine just what the right sum is,0.0,0.0,1.0,1.0
test,AESRC2020-INDIAN-ACCENT-G10965-G10965S2353,AESRC2020-INDIAN-ACCENT-G10965,2.774,INDIAN,tiny,whisper_norm,gold,when was the show the croods made,when was the show the croods made,When was the show that crew was made?,when was the show that crew was made,0.4286,0.2121,0.8333,1.1429
test,AESRC2020-INDIAN-ACCENT-G10965-G10965S2355,AESRC2020-INDIAN-ACCENT-G10965,4.38,INDIAN,tiny,whisper_norm,gold,i want to know more about places around hi choice hotel,i want to know more about places around hi choice hotel,I want to know more about places around high choice hotel.,i want to know more about places around high choice hotel,0.0909,0.0364,0.9091,1.0
test,AESRC2020-INDIAN-ACCENT-G11211-G11211S1300,AESRC2020-INDIAN-ACCENT-G11211,6.913,INDIAN,tiny,whisper_norm,gold,did johns hopkins send you to see if i can handle pressure,did johns hopkins send you to see if i can handle pressure,Did John's Hopkins send you to see if I can handle pressure?,did john is hopkins send you to see if i can handle pressure,0.1667,0.0345,0.9167,1.0833
test,AESRC2020-INDIAN-ACCENT-G11211-G11211S2354,AESRC2020-INDIAN-ACCENT-G11211,3.941,INDIAN,tiny,whisper_norm,gold,tell me the temperature in birmingham,tell me the temperature in birmingham,Tell me the temperature in bare main gham.,tell me the temperature in bare main gham,0.5,0.1351,0.8333,1.3333
test,AESRC2020-INDIAN-ACCENT-G11211-G11211S3370,AESRC2020-INDIAN-ACCENT-G11211,5.079,INDIAN,tiny,whisper_norm,gold,leave the rice cooker on to keep the food warm,leave the rice cooker on to keep the food warm,Leave the rice cooker on to keep the food warm.,leave the rice cooker on to keep the food warm,0.0,0.0,1.0,1.0
test,AESRC2020-INDIAN-ACCENT-G11228-G11228S1299,AESRC2020-INDIAN-ACCENT-G11228,7.263,INDIAN,tiny,whisper_norm,gold,events in paris wrought a change in british opinion towards france and germany,events in paris wrought a change in british opinion towards france and germany,"Even sin paris, route a change in British opinion towards France and Germany.",even sin paris route a change in british opinion towards france and germany,0.2308,0.0769,0.8333,1.0
test,AESRC2020-INDIAN-ACCENT-G11228-G11228S1300,AESRC2020-INDIAN-ACCENT-G11228,7.228,INDIAN,tiny,whisper_norm,gold,our fathers had a paris of stone our son will have one of plaster,our fathers had a paris of stone our son will have one of plaster,"Our father's had a Paris of stone, our son will have one of plaster.",our father is had a paris of stone our son will have one of plaster,0.1429,0.0308,0.9167,1.0714
test,AESRC2020-INDIAN-ACCENT-G11228-G11228S2354,AESRC2020-INDIAN-ACCENT-G11228,2.718,INDIAN,tiny,whisper_norm,gold,is the movie new birth original,is the movie new birth original,Is the movie new birth original?,is the movie new birth original,0.0,0.0,1.0,1.0
test,AESRC2020-INDIAN-ACCENT-G11228-G11228S2355,AESRC2020-INDIAN-ACCENT-G11228,4.977,INDIAN,tiny,whisper_norm,gold,where can i hear music from bogdan bacanu,where can i hear music from bogdan bacanu,Where can I hear music from Bogdan back on?,where can i hear music from bogdan back on,0.25,0.0976,0.875,1.125
test,AESRC2020-INDIAN-ACCENT-G11445-G11445S1299,AESRC2020-INDIAN-ACCENT-G11445,6.755,INDIAN,tiny,whisper_norm,gold,she says the french education system is light years ahead of the english one,she says the french education system is light years ahead of the english one,She says the French education system is light years ahead of the English one.,she says the french education system is light years ahead of the english one,0.0,0.0,1.0,1.0
test,AESRC2020-INDIAN-ACCENT-G11445-G11445S1300,AESRC2020-INDIAN-ACCENT-G11445,6.934,INDIAN,tiny,whisper_norm,gold,keep a good attitude to this kind of thing and love your wife and children,keep a good attitude to this kind of thing and love your wife and children,Keep a good attitude to this kind of thing and love your wife and children.,keep a good attitude to this kind of thing and love your wife and children,0.0,0.0,1.0,1.0
test,AESRC2020-INDIAN-ACCENT-G11445-G11445S2353,AESRC2020-INDIAN-ACCENT-G11445,4.36,INDIAN,tiny,whisper_norm,gold,where is mandakini vacation private limited,where is mandakini vacation private limited,Where is Mandakini vacation? Private limited.,where is mandakini vacation private limited,0.0,0.0,1.0,1.0
test,AESRC2020-INDIAN-ACCENT-G11445-G11445S2354,AESRC2020-INDIAN-ACCENT-G11445,3.753,INDIAN,tiny,whisper_norm,gold,does kishore kumar have an upcoming release,does kishore kumar have an upcoming release,Does Kishore Kumar have an upcoming release?,does kishore kumar have an upcoming release,0.0,0.0,1.0,1.0
test,AESRC2020-INDIAN-ACCENT-G11447-G11447S1298,AESRC2020-INDIAN-ACCENT-G11447,4.944,INDIAN,tiny,whisper_norm,gold,pug feared that he faced a heavy meal but the fear was plain,pug feared that he faced a heavy meal but the fear was plain,"Puck feared that he failed to have a meal, but the fear was plain.",puck feared that he failed to have a meal but the fear was plain,0.3846,0.1667,0.7692,1.0769
test,AESRC2020-INDIAN-ACCENT-G11447-G11447S1299,AESRC2020-INDIAN-ACCENT-G11447,4.412,INDIAN,tiny,whisper_norm,gold,she will have received letter from europe by the end of this month,she will have received letter from europe by the end of this month,She will have received letter from Europe by the end of this month.,she will have received letter from europe by the end of this month,0.0,0.0,1.0,1.0
test,AESRC2020-INDIAN-ACCENT-G11447-G11447S2354,AESRC2020-INDIAN-ACCENT-G11447,4.219,INDIAN,tiny,whisper_norm,gold,remove all songs by sajid jafri from my playlist,remove all songs by sajid jafri from my playlist,Remove all songs by such a jaffrey from my playlist.,remove all songs by such a jaffrey from my playlist,0.3333,0.1667,0.7778,1.1111
test,AESRC2020-INDIAN-ACCENT-G11447-G11447S2355,AESRC2020-INDIAN-ACCENT-G11447,3.28,INDIAN,tiny,whisper_norm,gold,has shweta mohan won any awards,has shweta mohan won any awards,Has Shreda Mohan won any awards?,has shreda mohan won any awards,0.1667,0.0645,0.8333,1.0
test,AESRC2020-INDIAN-ACCENT-G11449-G11449S1300,AESRC2020-INDIAN-ACCENT-G11449,6.205,INDIAN,tiny,whisper_norm,gold,he was big he hadn't yet wasted away from the alcohol,he was big he had not yet wasted away from the alcohol,"He was big, he hadn't yet wasted away from the alcohol.",he was big he had not yet wasted away from the alcohol,0.0,0.0,1.0,1.0
test,AESRC2020-INDIAN-ACCENT-G11449-G11449S2355,AESRC2020-INDIAN-ACCENT-G11449,4.404,INDIAN,tiny,whisper_norm,gold,does niall write music for other artist,does niall write music for other artist,does the right music for other artists.,does the right music for other artists,0.4286,0.2564,0.5714,1.0
test,AESRC2020-INDIAN-ACCENT-G11468-G11468S1299,AESRC2020-INDIAN-ACCENT-G11468,5.921,INDIAN,tiny,whisper_norm,gold,you are somewhat curious as to how he is able to float around,you are somewhat curious as to how he is able to float around,You are somewhat curious as to how he is able to float around.,you are somewhat curious as to how he is able to float around,0.0,0.0,1.0,1.0
test,AESRC2020-INDIAN-ACCENT-G11468-G11468S1300,AESRC2020-INDIAN-ACCENT-G11468,5.972,INDIAN,tiny,whisper_norm,gold,if no fields exist with the given name returns an empty list,if no fields exist with the given name returns an empty list,If no fields exist with the given name returns an empty list.,if no fields exist with the given name returns an empty list,0.0,0.0,1.0,1.0
test,AESRC2020-INDIAN-ACCENT-G11468-G11468S2354,AESRC2020-INDIAN-ACCENT-G11468,4.637,INDIAN,tiny,whisper_norm,gold,does hotel welco have an indoor pool and gym,does hotel welco have an indoor pool and gym,Does Hotel Valco have an indoor pool engine?,does hotel valco have an indoor pool engine,0.3333,0.1818,0.6667,0.8889
test,AESRC2020-INDIAN-ACCENT-G11468-G11468S2355,AESRC2020-INDIAN-ACCENT-G11468,4.72,INDIAN,tiny,whisper_norm,gold,what will the weather be like tonight in disraeli,what will the weather be like tonight in disraeli,What will the weather be like tonight in this rally?,what will the weather be like tonight in this rally,0.2222,0.102,0.8889,1.1111
test,AESRC2020-INDIAN-ACCENT-G11556-G11556S1299,AESRC2020-INDIAN-ACCENT-G11556,5.65,INDIAN,tiny,whisper_norm,gold,but the iraqis are not yet ready to do this on their own,but the iraqis are not yet ready to do this on their own,But the ira kiza are not yet ready to do this on their own.,but the ira kiza are not yet ready to do this on their own,0.1538,0.0714,0.9231,1.0769
test,AESRC2020-INDIAN-ACCENT-G11556-G11556S1300,AESRC2020-INDIAN-ACCENT-G11556,4.502,INDIAN,tiny,whisper_norm,gold,there's a bed a desk a chair and a football in it,there is a bed a desk a chair and a football in it,"There's a bad desk, a chair and a football in it.",there is a bad desk a chair and a football in it,0.1538,0.06,0.9,0.9231
test,AESRC2020-INDIAN-ACCENT-G11556-G11556S2354,AESRC2020-INDIAN-ACCENT-G11556,3.815,INDIAN,tiny,whisper_norm,gold,when was the show toy story made,when was the show toy story made,When was the show Toy Storyman?,when was the show toy storyman,0.2857,0.0938,0.7143,0.8571
test,AESRC2020-INDIAN-ACCENT-G11556-G11556S2355,AESRC2020-INDIAN-ACCENT-G11556,4.231,INDIAN,tiny,whisper_norm,gold,do they have a breakfast menu at bombay gourmet,do they have a breakfast menu at bombay gourmet,Do they have a breakfast menu at Bombay Gormit?,do they have a breakfast menu at bombay gormit,0.1111,0.0426,0.8889,1.0
test,AESRC2020-INDIAN-ACCENT-G11606-G11606S1299,AESRC2020-INDIAN-ACCENT-G11606,6.503,INDIAN,tiny,whisper_norm,gold,god created both heaven and earth in six days then rested on the seventh day,god created both heaven and earth in 6 days then rested on the 7th day,God created both heaven and earth in six days then rested on the seventh day.,god created both heaven and earth in 6 days then rested on the 7th day,0.0,0.0,1.0,1.0
test,AESRC2020-INDIAN-ACCENT-G11606-G11606S1300,AESRC2020-INDIAN-ACCENT-G11606,4.463,INDIAN,tiny,whisper_norm,gold,the bits that catch the wind seems to be very expensive,the bits that catch the wind seems to be very expensive,The bits that catch the wind seems to be very expensive.,the bits that catch the wind seems to be very expensive,0.0,0.0,1.0,1.0
test,AESRC2020-INDIAN-ACCENT-G11606-G11606S2354,AESRC2020-INDIAN-ACCENT-G11606,3.449,INDIAN,tiny,whisper_norm,gold,i want to buy the song for horace,i want to buy the song for horace,I want to buy the song for Ores.,i want to buy the song for ores,0.125,0.1212,0.875,1.0
test,AESRC2020-INDIAN-ACCENT-G11606-G11606S2355,AESRC2020-INDIAN-ACCENT-G11606,3.19,INDIAN,tiny,whisper_norm,gold,i want to add white ending to the queue,i want to add white ending to the queue,I want to add wide ending to the cube.,i want to add wide ending to the cube,0.2222,0.1282,0.75,1.0
test,AESRC2020-INDIAN-ACCENT-G11606-G11606S3370,AESRC2020-INDIAN-ACCENT-G11606,2.316,INDIAN,tiny,whisper_norm,gold,shut down the lights,shut down the lights,Set down the lights.,set down the lights,0.25,0.1,0.75,1.0
test,AESRC2020-INDIAN-ACCENT-G11785-G11785S1299,AESRC2020-INDIAN-ACCENT-G11785,5.151,INDIAN,tiny,whisper_norm,gold,his parents had to argue tom out of leaving his job,his parents had to argue tom out of leaving his job,His parents had to argue Tom out of his leaving his job.,his parents had to argue tom out of his leaving his job,0.0909,0.0784,1.0,1.0909
test,AESRC2020-INDIAN-ACCENT-G11785-G11785S1300,AESRC2020-INDIAN-ACCENT-G11785,5.863,INDIAN,tiny,whisper_norm,gold,but they could not build their nest near our houses because the trees were gone,but they could not build their nest near our houses because the trees were gone,But they could not build their nest near outhouses because the trees were gone.,but they could not build their nest near outhouses because the trees were gone,0.1333,0.0253,0.8667,0.9333
test,AESRC2020-INDIAN-ACCENT-G11785-G11785S2354,AESRC2020-INDIAN-ACCENT-G11785,4.358,INDIAN,tiny,whisper_norm,gold,i want to know when it will rain in welland,i want to know when it will rain in welland,I want to know when it will rain in the willand.,i want to know when it will rain in the willand,0.2,0.1163,0.9,1.1
test,AESRC2020-INDIAN-ACCENT-G11785-G11785S2355,AESRC2020-INDIAN-ACCENT-G11785,6.215,INDIAN,tiny,whisper_norm,gold,how long does it take to get to disha institute of management and technology,how long does it take to get to disha institute of management and technology,How long does it take to get to the science-study of management and technology?,how long does it take to get to the science study of management and technology,0.2143,0.1711,0.8462,1.0714
test,AESRC2020-INDIAN-ACCENT-G11837-G11837S1297,AESRC2020-INDIAN-ACCENT-G11837,4.404,INDIAN,tiny,whisper_norm,gold,and another thing at the end of the week throw the frozen peas away,and another thing at the end of the week throw the frozen peas away,"and another thing at the end of the week, throw the frozen piece away.",and another thing at the end of the week throw the frozen piece away,0.0714,0.0448,0.9167,1.0
test,AESRC2020-INDIAN-ACCENT-G11837-G11837S1299,AESRC2020-INDIAN-ACCENT-G11837,3.845,INDIAN,tiny,whisper_norm,gold,i don't believe his boast that he can run faster than i can,i do not believe his boast that he can run faster than i can,I don't believe his boast that he can run faster than I can.,i do not believe his boast that he can run faster than i can,0.0,0.0,1.0,1.0
test,AESRC2020-INDIAN-ACCENT-G11837-G11837S2364,AESRC2020-INDIAN-ACCENT-G11837,5.274,INDIAN,tiny,whisper_norm,gold,when did the show d four get up and dance first air,when did the show d 4 get up and dance 1st air,"When did the show? D4, get up and dance first air.",when did the show d 4 get up and dance 1st air,0.0,0.0,1.0,1.0
test,AESRC2020-INDIAN-ACCENT-G11837-G11837S2365,AESRC2020-INDIAN-ACCENT-G11837,2.649,INDIAN,tiny,whisper_norm,gold,what are harrdy sandhu top ten songs,what are harrdy sandhu top 10 songs,"Vodar, Hyde, Sandu, Top 10 songs",vodar hyde sandu top 10 songs,0.5714,0.3143,0.4286,0.8571
test,AESRC2020-INDIAN-ACCENT-G11935-G11935S1299,AESRC2020-INDIAN-ACCENT-G11935,5.528,INDIAN,tiny,whisper_norm,gold,of course we are thinking at the risk of many points where,of course we are thinking at the risk of many points where,"Of course, we are thinking at the reach of many points where.",of course we are thinking at the reach of many points where,0.0833,0.069,0.9091,1.0
test,AESRC2020-INDIAN-ACCENT-G11935-G11935S2364,AESRC2020-INDIAN-ACCENT-G11935,4.49,INDIAN,tiny,whisper_norm,gold,deep diving is the soundtrack to what film,deep diving is the soundtrack to what film,Deep diving is the soundtrack to what film.,deep diving is the soundtrack to what film,0.0,0.0,1.0,1.0
test,AESRC2020-INDIAN-ACCENT-G12093-G12093S1299,AESRC2020-INDIAN-ACCENT-G12093,4.348,INDIAN,tiny,whisper_norm,gold,he found his legs were weak and his tongue gave him pain all the time,he found his legs were weak and his tongue gave him pain all the time,He found his legs where we can just tongue-gave him pain all the time.,he found his legs where we can just tongue gave him pain all the time,0.2667,0.1159,0.7857,1.0
test,AESRC2020-INDIAN-ACCENT-G12093-G12093S1300,AESRC2020-INDIAN-ACCENT-G12093,3.99,INDIAN,tiny,whisper_norm,gold,he went to new york because he had an uncle that was living there,he went to new york because he had an uncle that was living there,He went to New York because he had an uncle that was living there.,he went to new york because he had an uncle that was living there,0.0,0.0,1.0,1.0
test,AESRC2020-INDIAN-ACCENT-G12093-G12093S2364,AESRC2020-INDIAN-ACCENT-G12093,3.661,INDIAN,tiny,whisper_norm,gold,where can i find good food in salmon arm,where can i find good food in salmon arm,Where can I find good food in Salman Arm?,where can i find good food in salman arm,0.1111,0.025,0.8889,1.0
test,AESRC2020-INDIAN-ACCENT-G12093-G12093S2365,AESRC2020-INDIAN-ACCENT-G12093,3.155,INDIAN,tiny,whisper_norm,gold,what is zaika darbar speciality,what is zaika darbar speciality,What is the zycather bar of speciality?,what is the zycather bar of speciality,0.8,0.4516,0.6,1.4
test,AESRC2020-INDIAN-ACCENT-G12238-G12238S1298,AESRC2020-INDIAN-ACCENT-G12238,3.391,INDIAN,tiny,whisper_norm,gold,the attacker attached a tag of lack on his back,the attacker attached a tag of lack on his back,The attacker attached the tag of lack on his back.,the attacker attached the tag of lack on his back,0.1,0.0638,0.9,1.0
test,AESRC2020-INDIAN-ACCENT-G12238-G12238S1299,AESRC2020-INDIAN-ACCENT-G12238,4.245,INDIAN,tiny,whisper_norm,gold,he is too selfish to share his candy with his little brother,he is too selfish to share his candy with his little brother,He is too selfish to share his candy with his little brother.,he is too selfish to share his candy with his little brother,0.0,0.0,1.0,1.0
test,AESRC2020-INDIAN-ACCENT-G12238-G12238S2364,AESRC2020-INDIAN-ACCENT-G12238,2.815,INDIAN,tiny,whisper_norm,gold,what is hotel lata contact number,what is hotel lata contact number,What is hotel at a contact number?,what is hotel at a contact number,0.3333,0.0606,0.8333,1.1667
test,AESRC2020-INDIAN-ACCENT-G12238-G12238S2366,AESRC2020-INDIAN-ACCENT-G12238,2.72,INDIAN,tiny,whisper_norm,gold,when did gayatri iyer become famous,when did gayatri iyer become famous,When did Guy 3 a year become famous?,when did guy 3 a year become famous,0.6667,0.2,0.6667,1.3333
test,AESRC2020-INDIAN-ACCENT-G12238-G12238S3376,AESRC2020-INDIAN-ACCENT-G12238,3.048,INDIAN,tiny,whisper_norm,gold,detect the temperature fall and adjust it,detect the temperature fall and adjust it,"detect the temperature, fall and adjust it.",detect the temperature fall and adjust it,0.0,0.0,1.0,1.0
test,AESRC2020-INDIAN-ACCENT-G12353-G12353S1300,AESRC2020-INDIAN-ACCENT-G12353,5.458,INDIAN,tiny,whisper_norm,gold,still it was only escape from a severe to a less severe state,still it was only escape from a severe to a less severe state,"Still, it was only escape from a severe to a less severe state.",still it was only escape from a severe to a less severe state,0.0,0.0,1.0,1.0
test,AESRC2020-INDIAN-ACCENT-G12353-G12353S2355,AESRC2020-INDIAN-ACCENT-G12353,3.324,INDIAN,tiny,whisper_norm,gold,i don't want to listen to songs like body and soul,i do not want to listen to songs like body and soul,I don't want to listen to songs like Body and Soul.,i do not want to listen to songs like body and soul,0.0,0.0,1.0,1.0
test,AESRC2020-INDIAN-ACCENT-G12380-G12380S1299,AESRC2020-INDIAN-ACCENT-G12380,3.977,INDIAN,tiny,whisper_norm,gold,i did not succeed in fetching him round to my way of thinking,i did not succeed in fetching him round to my way of thinking,I did not succeed in catching him round to my way of thinking.,i did not succeed in catching him round to my way of thinking,0.0769,0.0328,0.9231,1.0
test,AESRC2020-INDIAN-ACCENT-G12380-G12380S1300,AESRC2020-INDIAN-ACCENT-G12380,4.46,INDIAN,tiny,whisper_norm,gold,any man worth his salt wants to get there on his own volition,any man worth his salt wants to get there on his own volition,"Any man, worth his salt wants to get there on his own volition.",any man worth his salt wants to get there on his own volition,0.0,0.0,1.0,1.0
test,AESRC2020-INDIAN-ACCENT-G12380-G12380S2354,AESRC2020-INDIAN-ACCENT-G12380,3.469,INDIAN,tiny,whisper_norm,gold,i don't want to listen to open my heart to you,i do not want to listen to open my heart to you,I don't want to listen to open my heart to you.,i do not want to listen to open my heart to you,0.0,0.0,1.0,1.0
test,AESRC2020-INDIAN-ACCENT-G12380-G12380S2355,AESRC2020-INDIAN-ACCENT-G12380,2.578,INDIAN,tiny,whisper_norm,gold,replay the song azona pop,replay the song azona pop,"Replay the song, Azoona pop.",replay the song azoona pop,0.2,0.04,0.8,1.0
test,AESRC2020-INDIAN-ACCENT-G12384-G12384S1300,AESRC2020-INDIAN-ACCENT-G12384,5.703,INDIAN,tiny,whisper_norm,gold,on his best days gomes is a very nice solid bench player,on his best days gomes is a very nice solid bench player,"On his best days, Gooms is a very nice solid bench player.",on his best days gooms is a very nice solid bench player,0.0833,0.0357,0.9167,1.0
test,AESRC2020-INDIAN-ACCENT-G12384-G12384S2355,AESRC2020-INDIAN-ACCENT-G12384,4.143,INDIAN,tiny,whisper_norm,gold,where can i hear music from valentin erben,where can i hear music from valentin erben,Where can I hear music from Valentine Orben?,where can i hear music from valentine orben,0.25,0.0476,0.75,1.0
test,AESRC2020-INDIAN-ACCENT-G12399-G12399S1300,AESRC2020-INDIAN-ACCENT-G12399,6.5,INDIAN,tiny,whisper_norm,gold,next time i will be a little more generous with my wine and dining,next time i will be a little more generous with my wine and dining,"Next time, I will be a little more generous with my wine and dining.",next time i will be a little more generous with my wine and dining,0.0,0.0,1.0,1.0
test,AESRC2020-INDIAN-ACCENT-G12399-G12399S2355,AESRC2020-INDIAN-ACCENT-G12399,2.865,INDIAN,tiny,whisper_norm,gold,don't play the song progression,do not play the song progression,Don't play the song progression.,do not play the song progression,0.0,0.0,1.0,1.0
test,AESRC2020-INDIAN-ACCENT-G12412-G12412S1299,AESRC2020-INDIAN-ACCENT-G12412,5.1,INDIAN,tiny,whisper_norm,gold,the farmer routed his sons out of bed early in the morning,the farmer routed his sons out of bed early in the morning,"The farmer wrote it, has sent out of bed early in the morning.",the farmer wrote it has sent out of bed early in the morning,0.3333,0.1379,0.7273,1.0833
test,AESRC2020-INDIAN-ACCENT-G12412-G12412S1300,AESRC2020-INDIAN-ACCENT-G12412,4.67,INDIAN,tiny,whisper_norm,gold,when he finished lunch he asked for a glass of water,when he finished lunch he asked for a glass of water,"When he finished lunch, he asked for a glass of water.",when he finished lunch he asked for a glass of water,0.0,0.0,1.0,1.0
test,AESRC2020-INDIAN-ACCENT-G12412-G12412S2354,AESRC2020-INDIAN-ACCENT-G12412,3.795,INDIAN,tiny,whisper_norm,gold,add songs by chaos kills the pain to the queue,add songs by chaos kills the pain to the queue,add songs by KO skills the pain to the cue.,add songs by ko skills the pain to the cue,0.3,0.1739,0.6667,1.0
test,AESRC2020-INDIAN-ACCENT-G12412-G12412S2355,AESRC2020-INDIAN-ACCENT-G12412,3.225,INDIAN,tiny,whisper_norm,gold,is the movie gambler popular in america,is the movie gambler popular in america,and then move the gambler popular in America.,and then move the gambler popular in america,0.5714,0.2051,0.7143,1.1429
test,AESRC2020-INDIAN-ACCENT-G12416-G12416S1299,AESRC2020-INDIAN-ACCENT-G12416,5.775,INDIAN,tiny,whisper_norm,gold,would not there be twice as many cops on the street at that time,would not there be twice as many cops on the street at that time,would not their beat wise as many cops on the street at their time.,would not their beat wise as many cops on the street at their time,0.2857,0.125,0.7143,1.0
test,AESRC2020-INDIAN-ACCENT-G12416-G12416S1300,AESRC2020-INDIAN-ACCENT-G12416,6.095,INDIAN,tiny,whisper_norm,gold,that can certainly be enough unless you will like a soup to go with,that can certainly be enough unless you will like a soup to go with,That can certainly be enough unless you will like Kasu to go with.,that can certainly be enough unless you will like kasu to go with,0.1429,0.0597,0.8571,0.9286
test,AESRC2020-INDIAN-ACCENT-G12416-G12416S2354,AESRC2020-INDIAN-ACCENT-G12416,4.33,INDIAN,tiny,whisper_norm,gold,tell me more about the show reach for the stars,tell me more about the show reach for the stars,Tell me more about the show Reach Far Dastars.,tell me more about the show reach far dastars,0.3,0.1064,0.7778,0.9
test,AESRC2020-INDIAN-ACCENT-G12416-G12416S2355,AESRC2020-INDIAN-ACCENT-G12416,4.215,INDIAN,tiny,whisper_norm,gold,how popular is the show rukawat ke liye khed hai,how popular is the show rukawat ke liye khed hai,How popular is the show for covered.,how popular is the show for covered,0.5,0.4167,0.5,0.7
test,AESRC2020-INDIAN-ACCENT-G12442-G12442S1295,AESRC2020-INDIAN-ACCENT-G12442,4.45,INDIAN,tiny,whisper_norm,gold,i'm sorry to say that we can't advance the time of delivery,i am sorry to say that we can not advance the time of delivery,I am sorry to say that we can't advance the time of delivery.,i am sorry to say that we can not advance the time of delivery,0.0,0.0,1.0,1.0
test,AESRC2020-INDIAN-ACCENT-G12442-G12442S1297,AESRC2020-INDIAN-ACCENT-G12442,4.316,INDIAN,tiny,whisper_norm,gold,thank goodness we all found a cure for the disease,thank goodness we all found a cure for the disease,Thank goodness we have found a cure for the disease.,thank goodness we have found a cure for the disease,0.1,0.06,0.9,1.0
test,AESRC2020-INDIAN-ACCENT-G12442-G12442S2354,AESRC2020-INDIAN-ACCENT-G12442,2.79,INDIAN,tiny,whisper_norm,gold,play the movie laughing chevalier,play the movie laughing chevalier,"Play the movie, laughing Chevrolet air.",play the movie laughing chevrolet air,0.4,0.2121,0.8,1.2
test,AESRC2020-INDIAN-ACCENT-G12442-G12442S2355,AESRC2020-INDIAN-ACCENT-G12442,2.945,INDIAN,tiny,whisper_norm,gold,change to the movie love rewarded,change to the movie love rewarded,"Change to the movie, Love Rewarded.",change to the movie love rewarded,0.0,0.0,1.0,1.0
test,AESRC2020-INDIAN-ACCENT-G12444-G12444S2355,AESRC2020-INDIAN-ACCENT-G12444,3.437,INDIAN,tiny,whisper_norm,gold,is it rainy today in baharampur,is it rainy today in baharampur,Is it rainy today in barampur?,is it rainy today in barampur,0.1667,0.0645,0.8333,1.0
test,AESRC2020-INDIAN-ACCENT-G12444-G12444S3367,AESRC2020-INDIAN-ACCENT-G12444,6.065,INDIAN,tiny,whisper_norm,gold,the program is going to be a broadcasted on tv just now,the program is going to be a broadcasted on tv just now,The program is going to be a broadcasted on TV just now.,the program is going to be a broadcasted on tv just now,0.0,0.0,1.0,1.0
test,AESRC2020-INDIAN-ACCENT-G12488-G12488S1293,AESRC2020-INDIAN-ACCENT-G12488,5.178,INDIAN,tiny,whisper_norm,gold,he sees nothing that cannot be use to recognize our oneness,he sees nothing that cannot be use to recognize our oneness,He sees nothing that cannot be used to recognize our oneness.,he sees nothing that cannot be used to recognize our oneness,0.0909,0.0169,0.9091,1.0
test,AESRC2020-INDIAN-ACCENT-G12488-G12488S2348,AESRC2020-INDIAN-ACCENT-G12488,2.756,INDIAN,tiny,whisper_norm,gold,how much will it rain in chennai,how much will it rain in chennai,How much will it rain in January?,how much will it rain in january,0.1429,0.1875,0.8571,1.0
test,AESRC2020-INDIAN-ACCENT-G12488-G12488S2354,AESRC2020-INDIAN-ACCENT-G12488,5.571,INDIAN,tiny,whisper_norm,gold,i want to know the seven day weather forecast in wrangell,i want to know the 7 day weather forecast in wrangell,I want to know the 7 day weather forecast in Rangel.,i want to know the 7 day weather forecast in rangel,0.0909,0.0377,0.9091,1.0
test,AESRC2020-INDIAN-ACCENT-G12516-G12516S1300,AESRC2020-INDIAN-ACCENT-G12516,4.955,INDIAN,tiny,whisper_norm,gold,comments that are not approved and contain my link do not count,comments that are not approved and contain my link do not count,"Comments, data not approved and contain my link, do not count.",comments data not approved and contain my link do not count,0.1667,0.0794,0.8182,0.9167
test,AESRC2020-INDIAN-ACCENT-G12516-G12516S2355,AESRC2020-INDIAN-ACCENT-G12516,3.006,INDIAN,tiny,whisper_norm,gold,i want to know when it will rain in jammu,i want to know when it will rain in jammu,I want to know when it will rain in Jammu.,i want to know when it will rain in jammu,0.0,0.0,1.0,1.0
test,AESRC2020-INDIAN-ACCENT-G12532-G12532S1299,AESRC2020-INDIAN-ACCENT-G12532,5.872,INDIAN,tiny,whisper_norm,gold,she wore sandals and track pants and kept her hood up,she wore sandals and track pants and kept her hood up,See more sendals and track pins and kept her hood up.,see more sendals and track pins and kept her hood up,0.3636,0.0943,0.6,1.0
test,AESRC2020-INDIAN-ACCENT-G12532-G12532S2352,AESRC2020-INDIAN-ACCENT-G12532,5.403,INDIAN,tiny,whisper_norm,gold,i want to know more about places around hotel royal heritage,i want to know more about places around hotel royal heritage,I want to know more about places around hotel royal heritage.,i want to know more about places around hotel royal heritage,0.0,0.0,1.0,1.0
test,AESRC2020-INDIAN-ACCENT-G12532-G12532S2353,AESRC2020-INDIAN-ACCENT-G12532,4.559,INDIAN,tiny,whisper_norm,gold,don't play the film the beauty from hell,do not play the film the beauty from hell,"Don't play the film, the beauty from hell.",do not play the film the beauty from hell,0.0,0.0,1.0,1.0
test,AESRC2020-INDIAN-ACCENT-G12572-G12572S1299,AESRC2020-INDIAN-ACCENT-G12572,5.583,INDIAN,tiny,whisper_norm,gold,she held her head as a trickle of blood ran down from her bruised knee,she held her head as a trickle of blood ran down from her bruised knee,"See, held her head as a prequel of blood, ran down from her bruised knee.",see held her head as a prequel of blood ran down from her bruised knee,0.1333,0.1,0.8571,1.0
test,AESRC2020-INDIAN-ACCENT-G12572-G12572S1300,AESRC2020-INDIAN-ACCENT-G12572,6.855,INDIAN,tiny,whisper_norm,gold,creditors are now asking me to pay for his daughter i an obligation repay it,creditors are now asking me to pay for his daughter i an obligation repay it,"Creditors are now asking me to pay for his daughter, I and obligation repay it.",creditors are now asking me to pay for his daughter i and obligation repay it,0.0667,0.0132,0.9333,1.0
test,AESRC2020-INDIAN-ACCENT-G12572-G12572S2354,AESRC2020-INDIAN-ACCENT-G12572,3.4,INDIAN,tiny,whisper_norm,gold,i want to change the movie to mother india,i want to change the movie to mother india,I want to change the movie to Mother India.,i want to change the movie to mother india,0.0,0.0,1.0,1.0
test,AESRC2020-INDIAN-ACCENT-G12572-G12572S2355,AESRC2020-INDIAN-ACCENT-G12572,4.84,INDIAN,tiny,whisper_norm,gold,what rating does gowani hotel private limited have,what rating does gowani hotel private limited have,What rating does Govani Hotel Private Limited have?,what rating does govani hotel private limited have,0.125,0.02,0.875,1.0
test,AESRC2020-INDIAN-ACCENT-G12590-G12590S1299,AESRC2020-INDIAN-ACCENT-G12590,4.65,INDIAN,tiny,whisper_norm,gold,his partner bail out before the business got on its feet,his partner bail out before the business got on its feet,His partner bailed out before the business got on its feet.,his partner bailed out before the business got on its feet,0.0909,0.0357,0.9091,1.0
test,AESRC2020-INDIAN-ACCENT-G12590-G12590S2354,AESRC2020-INDIAN-ACCENT-G12590,4.481,INDIAN,tiny,whisper_norm,gold,what other movies are from the same producer as husband wife,what other movies are from the same producer as husband wife,What other movies are from the same producer as Husband Bif?,what other movies are from the same producer as husband bif,0.0909,0.0333,0.9091,1.0
test,AESRC2020-INDIAN-ACCENT-G12590-G12590S2355,AESRC2020-INDIAN-ACCENT-G12590,4.19,INDIAN,tiny,whisper_norm,gold,i don't want to listen to slow songs by anupama bhagwat,i do not want to listen to slow songs by anupama bhagwat,I don't want to listen to slow songs via Anukma Bhagavat.,i do not want to listen to slow songs via anukma bhagavat,0.25,0.125,0.7273,1.0
test,AESRC2020-INDIAN-ACCENT-G12644-G12644S1299,AESRC2020-INDIAN-ACCENT-G12644,4.614,INDIAN,tiny,whisper_norm,gold,a lot of water can run under the bridge in ten years,a lot of water can run under the bridge in 10 years,A lot of water can run under the bridge in 10 years.,a lot of water can run under the bridge in 10 years,0.0,0.0,1.0,1.0
test,AESRC2020-INDIAN-ACCENT-G12644-G12644S1300,AESRC2020-INDIAN-ACCENT-G12644,5.386,INDIAN,tiny,whisper_norm,gold,he told her about the mother kissing him in the pub she loved it,he told her about the mother kissing him in the pub she loved it,He told her about the mother kissing him in the pub she loved it.,he told her about the mother kissing him in the pub she loved it,0.0,0.0,1.0,1.0
test,AESRC2020-INDIAN-ACCENT-G12644-G12644S2354,AESRC2020-INDIAN-ACCENT-G12644,4.009,INDIAN,tiny,whisper_norm,gold,what other songs are by erk tha jerk,what other songs are by erk tha jerk,What other songs are by Irk Tajuk?,what other songs are by irk tajuk,0.375,0.1389,0.625,0.875
test,AESRC2020-INDIAN-ACCENT-G12644-G12644S2355,AESRC2020-INDIAN-ACCENT-G12644,5.21,INDIAN,tiny,whisper_norm,gold,how much time will it take me to visit tomi polytechnic college,how much time will it take me to visit tomi polytechnic college,How much time will it take me to visit Tommy Polytechnic College?,how much time will it take me to visit tommy polytechnic college,0.0833,0.0317,0.9167,1.0
test,AESRC2020-INDIAN-ACCENT-G12699-G12699S1297,AESRC2020-INDIAN-ACCENT-G12699,4.755,INDIAN,tiny,whisper_norm,gold,dick is seven years old and begins to go to school this autumn,dick is 7 years old and begins to go to school this autumn,Did it 7 years old and begins to go to school this autumn?,did it 7 years old and begins to go to school this autumn,0.1538,0.0517,0.8333,1.0
test,AESRC2020-INDIAN-ACCENT-G12699-G12699S1300,AESRC2020-INDIAN-ACCENT-G12699,3.176,INDIAN,tiny,whisper_norm,gold,he was going to fight me down to the last shot,he was going to fight me down to the last shot,He was going to fight me down to the last shot.,he was going to fight me down to the last shot,0.0,0.0,1.0,1.0
test,AESRC2020-INDIAN-ACCENT-G12699-G12699S2354,AESRC2020-INDIAN-ACCENT-G12699,3.29,INDIAN,tiny,whisper_norm,gold,is come to me on any movie soundtracks,is come to me on any movie soundtracks,It's come to me on any movies on tracks.,it is come to me on any movies on tracks,0.5,0.1842,0.75,1.25
test,AESRC2020-INDIAN-ACCENT-G12699-G12699S2355,AESRC2020-INDIAN-ACCENT-G12699,2.73,INDIAN,tiny,whisper_norm,gold,don't play the song better day,do not play the song better day,"Don't play the song, better day.",do not play the song better day,0.0,0.0,1.0,1.0
test,AESRC2020-INDIAN-ACCENT-G12708-G12708S1299,AESRC2020-INDIAN-ACCENT-G12708,4.281,INDIAN,tiny,whisper_norm,gold,but the brave new world of home shopping is the virtual mall,but the brave new world of home shopping is the virtual mall,But the brave new world of harm shopping is the virtual mind.,but the brave new world of harm shopping is the virtual mind,0.1667,0.1,0.8182,1.0
test,AESRC2020-INDIAN-ACCENT-G12708-G12708S2354,AESRC2020-INDIAN-ACCENT-G12708,2.548,INDIAN,tiny,whisper_norm,gold,change the movie victor,change the movie victor,Change the movie Victor.,change the movie victor,0.0,0.0,1.0,1.0
test,AESRC2020-INDIAN-ACCENT-G12708-G12708S3370,AESRC2020-INDIAN-ACCENT-G12708,2.307,INDIAN,tiny,whisper_norm,gold,water should be heat,water should be heat,Water should be heat.,water should be heat,0.0,0.0,1.0,1.0
test,AESRC2020-INDIAN-ACCENT-G12730-G12730S1299,AESRC2020-INDIAN-ACCENT-G12730,6.297,INDIAN,tiny,whisper_norm,gold,he has make up his mind to prove that mary's argument doesn't hold water,he has make up his mind to prove that mary is argument does not hold water,He has make up his mind to prove that Mary's argument doesn't hold water.,he has make up his mind to prove that mary is argument does not hold water,0.0,0.0,1.0,1.0
test,AESRC2020-INDIAN-ACCENT-G12730-G12730S1300,AESRC2020-INDIAN-ACCENT-G12730,8.198,INDIAN,tiny,whisper_norm,gold,all substances be they gaseous liquid or solid are made up of atoms,all substances be they gaseous liquid or solid are made up of atoms,"All substances, be they gorgeous, liquid or solid are made up of atoms.",all substances be they gorgeous liquid or solid are made up of atoms,0.0769,0.0448,0.9231,1.0
test,AESRC2020-INDIAN-ACCENT-G12730-G12730S2354,AESRC2020-INDIAN-ACCENT-G12730,5.673,INDIAN,tiny,whisper_norm,gold,what are some famous dishes to try in slovak republic,what are some famous dishes to try in slovak republic,What are some famous dishes to try in Slovak Republic?,what are some famous dishes to try in slovak republic,0.0,0.0,1.0,1.0
test,AESRC2020-INDIAN-ACCENT-G12730-G12730S2355,AESRC2020-INDIAN-ACCENT-G12730,5.429,INDIAN,tiny,whisper_norm,gold,how many albums has techno dance rave trance made,how many albums has techno dance rave trance made,How many albums has techno dance wave transmit?,how many albums has techno dance wave transmit,0.3333,0.1429,0.6667,0.8889
test,AESRC2020-INDIAN-ACCENT-G12730-G12730S3370,AESRC2020-INDIAN-ACCENT-G12730,2.82,INDIAN,tiny,whisper_norm,gold,please turn on the music,please turn on the music,Please turn on the music.,please turn on the music,0.0,0.0,1.0,1.0
test,AESRC2020-INDIAN-ACCENT-G12737-G12737S1299,AESRC2020-INDIAN-ACCENT-G12737,4.257,INDIAN,tiny,whisper_norm,gold,a bank guard shot him in the leg and downed him,a bank guard shot him in the leg and downed him,A band guard showed him in the leg and downed him.,a band guard showed him in the leg and downed him,0.1818,0.0851,0.8,1.0
test,AESRC2020-INDIAN-ACCENT-G12737-G12737S1300,AESRC2020-INDIAN-ACCENT-G12737,4.26,INDIAN,tiny,whisper_norm,gold,they would never tell us that but we are sure of it,they would never tell us that but we are sure of it,"They would never tell us that, but we are sure of it.",they would never tell us that but we are sure of it,0.0,0.0,1.0,1.0
test,AESRC2020-INDIAN-ACCENT-G12737-G12737S2354,AESRC2020-INDIAN-ACCENT-G12737,4.01,INDIAN,tiny,whisper_norm,gold,is there recent news about the bronx casket co,is there recent news about the bronx casket co,Is there recent news about the Bronze Harsquet call?,is there recent news about the bronze harsquet call,0.3333,0.1957,0.6667,1.0
test,AESRC2020-INDIAN-ACCENT-G12737-G12737S2355,AESRC2020-INDIAN-ACCENT-G12737,3.555,INDIAN,tiny,whisper_norm,gold,where can i buy music by biju narayanan,where can i buy music by biju narayanan,Where can I buy music by Bison the Rhino?,where can i buy music by bison the rhino,0.375,0.3077,0.75,1.125
test,AESRC2020-INDIAN-ACCENT-G12738-G12738S1299,AESRC2020-INDIAN-ACCENT-G12738,7.96,INDIAN,tiny,whisper_norm,gold,the breeze of the south comes gently the noisy parrot sleeps in its cage,the breeze of the south comes gently the noisy parrot sleeps in its cage,"The bridge of the south comes gently, the noisy parrot slips in its cage.",the bridge of the south comes gently the noisy parrot slips in its cage,0.1429,0.0694,0.8333,1.0
test,AESRC2020-INDIAN-ACCENT-G12738-G12738S1300,AESRC2020-INDIAN-ACCENT-G12738,6.385,INDIAN,tiny,whisper_norm,gold,he had tramped all of five meals and it was noon,he had tramped all of 5 meals and it was noon,He had trimmed all of 5 meals and it was noon.,he had trimmed all of 5 meals and it was noon,0.0909,0.0444,0.9091,1.0
test,AESRC2020-INDIAN-ACCENT-G12738-G12738S2354,AESRC2020-INDIAN-ACCENT-G12738,4.185,INDIAN,tiny,whisper_norm,gold,restart this episode of the social network,restart this episode of the social network,We start this episode of the social network.,we start this episode of the social network,0.2857,0.0476,0.8571,1.1429
test,AESRC2020-INDIAN-ACCENT-G12738-G12738S2355,AESRC2020-INDIAN-ACCENT-G12738,4.84,INDIAN,tiny,whisper_norm,gold,i only want to listen to music by parmish verma with desi crew,i only want to listen to music by parmish verma with desi crew,I only want to listen to music by permise Varva with Desi Guru.,i only want to listen to music by permise varva with desi guru,0.2308,0.129,0.75,1.0
test,AESRC2020-INDIAN-ACCENT-G12776-G12776S1299,AESRC2020-INDIAN-ACCENT-G12776,4.386,INDIAN,tiny,whisper_norm,gold,i know he nailed a tout to the floor of a flat the other day,i know he nailed a tout to the floor of a flat the other day,I know he nailed it out to the floor of a flat the other day.,i know he nailed it out to the floor of a flat the other day,0.1333,0.05,0.9231,1.0
test,AESRC2020-INDIAN-ACCENT-G12776-G12776S1300,AESRC2020-INDIAN-ACCENT-G12776,4.852,INDIAN,tiny,whisper_norm,gold,the wing of the airplane came off and the machine hurtled to the ground,the wing of the airplane came off and the machine hurtled to the ground,The wing of the airplane came off and the machine hurled to the ground.,the wing of the airplane came off and the machine hurled to the ground,0.0714,0.0141,0.9091,1.0
test,AESRC2020-INDIAN-ACCENT-G12776-G12776S2351,AESRC2020-INDIAN-ACCENT-G12776,2.818,INDIAN,tiny,whisper_norm,gold,how do you pronounce at fast correctly,how do you pronounce at fast correctly,How do you pronounce at first correctly?,how do you pronounce at 1st correctly,0.1429,0.0526,0.8571,1.0
test,AESRC2020-INDIAN-ACCENT-G12776-G12776S2353,AESRC2020-INDIAN-ACCENT-G12776,3.177,INDIAN,tiny,whisper_norm,gold,how can i download the app car run,how can i download the app car run,"How can I download the app, car run?",how can i download the app car run,0.0,0.0,1.0,1.0
test,AESRC2020-INDIAN-ACCENT-G12800-G12800S1298,AESRC2020-INDIAN-ACCENT-G12800,4.925,INDIAN,tiny,whisper_norm,gold,a stiff right to the jaw laid the boxer out in the second round,a stiff right to the jaw laid the boxer out in the 2nd round,"Esteef right to the jaw, lay the box around in the second round.",esteef right to the jaw lay the box around in the 2nd round,0.3571,0.1833,0.5833,0.9286
test,AESRC2020-INDIAN-ACCENT-G12800-G12800S1300,AESRC2020-INDIAN-ACCENT-G12800,4.0,INDIAN,tiny,whisper_norm,gold,the saucer to cool off the hot tea and all that,the saucer to cool off the hot tea and all that,The saucer to cool off the hot tea and all that.,the saucer to cool off the hot tea and all that,0.0,0.0,1.0,1.0
test,AESRC2020-INDIAN-ACCENT-G12800-G12800S2353,AESRC2020-INDIAN-ACCENT-G12800,4.1,INDIAN,tiny,whisper_norm,gold,what ways can i listen to doste marang mana,what ways can i listen to doste marang mana,What ways can I listen to those Timmarang Manna?,what ways can i listen to those timmarang manna,0.3333,0.1628,0.6667,1.0
test,AESRC2020-INDIAN-ACCENT-G12800-G12800S2354,AESRC2020-INDIAN-ACCENT-G12800,3.197,INDIAN,tiny,whisper_norm,gold,will it be windy tomorrow in atlanta,will it be windy tomorrow in atlanta,Will it be windy tomorrow in Atlanta?,will it be windy tomorrow in atlanta,0.0,0.0,1.0,1.0
test,AESRC2020-INDIAN-ACCENT-G12803-G12803S1299,AESRC2020-INDIAN-ACCENT-G12803,4.776,INDIAN,tiny,whisper_norm,gold,i wove this length up from hanks of cotton which i dyed myself,i wove this length up from hanks of cotton which i dyed myself,I will have this length up from hands of cotton which I dyed myself.,i will have this length up from hands of cotton which i dyed myself,0.2308,0.1129,0.8333,1.0769
test,AESRC2020-INDIAN-ACCENT-G12803-G12803S1300,AESRC2020-INDIAN-ACCENT-G12803,4.57,INDIAN,tiny,whisper_norm,gold,and so she followed her guidance and stopped paying on such debts,and so she followed her guidance and stopped paying on such debts,And so she followed her guidance and stopped paying on such tips.,and so she followed her guidance and stopped paying on such tips,0.0833,0.0615,0.9091,1.0
test,AESRC2020-INDIAN-ACCENT-G12803-G12803S2353,AESRC2020-INDIAN-ACCENT-G12803,3.447,INDIAN,tiny,whisper_norm,gold,add the show dada ji ki diary to my watch list,add the show dada ji ki diary to my watch list,Add the show the other jikidari to my watch list.,add the show the other jikidari to my watch list,0.3636,0.2826,0.6364,0.9091
test,AESRC2020-INDIAN-ACCENT-G12803-G12803S2355,AESRC2020-INDIAN-ACCENT-G12803,2.792,INDIAN,tiny,whisper_norm,gold,tell me the temperature in anand,tell me the temperature in anand,Tell me the temperature in anand.,tell me the temperature in anand,0.0,0.0,1.0,1.0
test,AESRC2020-INDIAN-ACCENT-G12816-G12816S1300,AESRC2020-INDIAN-ACCENT-G12816,7.075,INDIAN,tiny,whisper_norm,gold,bbc news you are listening to the bbc world service and now analysis,bbc news you are listening to the bbc world service and now analysis,"BBC News, you are listening to the BBC World Service and now analyze.",bbc news you are listening to the bbc world service and now analyze,0.0769,0.0441,0.9167,1.0
test,AESRC2020-INDIAN-ACCENT-G12816-G12816S2354,AESRC2020-INDIAN-ACCENT-G12816,3.687,INDIAN,tiny,whisper_norm,gold,how sunny is it today in chichester,how sunny is it today in chichester,How Sunny is it today in Cheetahster?,how sunny is it today in cheetahster,0.1429,0.1429,0.8571,1.0
test,AESRC2020-INDIAN-ACCENT-G12816-G12816S2355,AESRC2020-INDIAN-ACCENT-G12816,3.31,INDIAN,tiny,whisper_norm,gold,i want to watch care kori na,i want to watch care kori na,I want to watch Kair Korena.,i want to watch kair korena,0.4286,0.1786,0.5714,0.8571
test,AESRC2020-INDIAN-ACCENT-G12820-G12820S1299,AESRC2020-INDIAN-ACCENT-G12820,4.576,INDIAN,tiny,whisper_norm,gold,it is not the given that many seem to think it is,it is not the given that many seem to think it is,It has not given that many seem to think it is.,it has not given that many seem to think it is,0.1667,0.1224,0.9,0.9167
test,AESRC2020-INDIAN-ACCENT-G12820-G12820S1300,AESRC2020-INDIAN-ACCENT-G12820,4.875,INDIAN,tiny,whisper_norm,gold,some articles in nature are free to view and this is one of the them,some articles in nature are free to view and this is one of the them,Some articles in nature are free to view and this is one of the them.,some articles in nature are free to view and this is one of the them,0.0,0.0,1.0,1.0
test,AESRC2020-INDIAN-ACCENT-G12820-G12820S2354,AESRC2020-INDIAN-ACCENT-G12820,3.233,INDIAN,tiny,whisper_norm,gold,change to the movie fairy of delhi,change to the movie fairy of delhi,Change to the movie Fairy of Delhi.,change to the movie fairy of delhi,0.0,0.0,1.0,1.0
test,AESRC2020-INDIAN-ACCENT-G12820-G12820S2355,AESRC2020-INDIAN-ACCENT-G12820,5.577,INDIAN,tiny,whisper_norm,gold,what is the most played song by mynampati sreeram chandra,what is the most played song by mynampati sreeram chandra,What is the most played song by mine up at this 3-RAM genre?,what is the most played song by mine up at this 3 ram genre,0.7,0.2982,0.7,1.4
test,AESRC2020-INDIAN-ACCENT-G12854-G12854S1299,AESRC2020-INDIAN-ACCENT-G12854,5.403,INDIAN,tiny,whisper_norm,gold,some people believe no one has the right to execute a person,some people believe no one has the right to execute a person,Some people believe no one has the right to execute a person.,some people believe no one has the right to execute a person,0.0,0.0,1.0,1.0
test,AESRC2020-INDIAN-ACCENT-G12854-G12854S1300,AESRC2020-INDIAN-ACCENT-G12854,4.406,INDIAN,tiny,whisper_norm,gold,the book is on the shelf where i laid it yesterday,the book is on the shelf where i laid it yesterday,The book is on the shelf where I lay it yesterday.,the book is on the shelf where i lay it yesterday,0.0909,0.04,0.9,1.0
test,AESRC2020-INDIAN-ACCENT-G12854-G12854S2354,AESRC2020-INDIAN-ACCENT-G12854,3.168,INDIAN,tiny,whisper_norm,gold,don't play songs by hitchcock,do not play songs by hitchcock,Don't play songs by hitcock.,do not play songs by hitcock,0.1667,0.0667,0.8333,1.0
test,AESRC2020-INDIAN-ACCENT-G12854-G12854S2355,AESRC2020-INDIAN-ACCENT-G12854,3.968,INDIAN,tiny,whisper_norm,gold,how is the air quality today in edmonton,how is the air quality today in edmonton,How is the air quality today in Edmonton?,how is the air quality today in edmonton,0.0,0.0,1.0,1.0
test,AESRC2020-INDIAN-ACCENT-G12854-G12854S3370,AESRC2020-INDIAN-ACCENT-G12854,2.51,INDIAN,tiny,whisper_norm,gold,deactivate the smart fan,deactivate the smart fan,deactivate the smart fan.,deactivate the smart fan,0.0,0.0,1.0,1.0
test,AESRC2020-INDIAN-ACCENT-G12864-G12864S1298,AESRC2020-INDIAN-ACCENT-G12864,5.123,INDIAN,tiny,whisper_norm,gold,you ought to make a clean breast of the whole matter,you ought to make a clean breast of the whole matter,You ought to make a clean breast of the whole matter.,you ought to make a clean breast of the whole matter,0.0,0.0,1.0,1.0
test,AESRC2020-INDIAN-ACCENT-G12864-G12864S1299,AESRC2020-INDIAN-ACCENT-G12864,6.138,INDIAN,tiny,whisper_norm,gold,again he divided the gold this time merely spilling half of it on the ground,again he divided the gold this time merely spilling half of it on the ground,"Again, he divided the goal. This time, he early spilling half of it on the ground.",again he divided the goal this time he early spilling half of it on the ground,0.2,0.0789,0.8571,1.0667
test,AESRC2020-INDIAN-ACCENT-G12864-G12864S2354,AESRC2020-INDIAN-ACCENT-G12864,4.475,INDIAN,tiny,whisper_norm,gold,what will the weather be like tonight in alberta,what will the weather be like tonight in alberta,What will the weather be like tonight in Alberta?,what will the weather be like tonight in alberta,0.0,0.0,1.0,1.0
test,AESRC2020-INDIAN-ACCENT-G12864-G12864S2355,AESRC2020-INDIAN-ACCENT-G12864,7.075,INDIAN,tiny,whisper_norm,gold,how many other people bought dove shampoo daily treatment nourishing oil care,how many other people bought dove shampoo daily treatment nourishing oil care,How many other people bought dub shampoo daily treatment nourishing oil care?,how many other people bought dub shampoo daily treatment nourishing oil care,0.0833,0.039,0.9167,1.0
test,AESRC2020-INDIAN-ACCENT-G12865-G12865S1300,AESRC2020-INDIAN-ACCENT-G12865,7.6,INDIAN,tiny,whisper_norm,gold,the cost of his children's education was a great drain on his money,the cost of his children is education was a great drain on his money,The coast of his children's education was a great drain on his money.,the coast of his children is education was a great drain on his money,0.0714,0.0147,0.9231,1.0
test,AESRC2020-INDIAN-ACCENT-G12865-G12865S2354,AESRC2020-INDIAN-ACCENT-G12865,4.48,INDIAN,tiny,whisper_norm,gold,will it rain tomorrow in ahmedabad,will it rain tomorrow in ahmedabad,Will it rain tomorrow in Amdabad?,will it rain tomorrow in amdabad,0.1667,0.0588,0.8333,1.0
test,AESRC2020-INDIAN-ACCENT-G12885-G12885S1298,AESRC2020-INDIAN-ACCENT-G12885,4.441,INDIAN,tiny,whisper_norm,gold,but he just doesn't want to accept a victory by default,but he just does not want to accept a victory by default,But he just doesn't want to accept a victory by default.,but he just does not want to accept a victory by default,0.0,0.0,1.0,1.0
test,AESRC2020-INDIAN-ACCENT-G12885-G12885S1299,AESRC2020-INDIAN-ACCENT-G12885,5.656,INDIAN,tiny,whisper_norm,gold,they called how did they get our number oh let me guess,they called how did they get our number 0 let me guess,"They called, how did they get our number? Oh, let me guess.",they called how did they get our number 0 let me guess,0.0,0.0,1.0,1.0
test,AESRC2020-INDIAN-ACCENT-G12885-G12885S2354,AESRC2020-INDIAN-ACCENT-G12885,3.88,INDIAN,tiny,whisper_norm,gold,where was the movie fairy of delhi made,where was the movie fairy of delhi made,Where was the movie? Fairy of Dallyment.,where was the movie fairy of dallyment,0.25,0.1795,0.75,0.875
test,AESRC2020-INDIAN-ACCENT-G12885-G12885S2355,AESRC2020-INDIAN-ACCENT-G12885,4.747,INDIAN,tiny,whisper_norm,gold,help me buy tickets to see the movie girl mad in theaters,help me buy tickets to see the movie girl mad in theaters,Help me by tickets to see the movie Girl Madden theatres.,help me by tickets to see the movie girl madden theaters,0.25,0.0526,0.75,0.9167
test,AESRC2020-INDIAN-ACCENT-G12885-G12885S3370,AESRC2020-INDIAN-ACCENT-G12885,2.725,INDIAN,tiny,whisper_norm,gold,let me go turn on the heater,let me go turn on the heater,Let me go turn on the heater.,let me go turn on the heater,0.0,0.0,1.0,1.0
test,AESRC2020-INDIAN-ACCENT-G12890-G12890S1299,AESRC2020-INDIAN-ACCENT-G12890,5.8,INDIAN,tiny,whisper_norm,gold,her room was a study in the foibles of an eager and ambitious mind,her room was a study in the foibles of an eager and ambitious mind,Harung was a study in the foibles of an eager and ambitious mind.,harung was a study in the foibles of an eager and ambitious mind,0.1429,0.0909,0.8571,0.9286
test,AESRC2020-INDIAN-ACCENT-G12890-G12890S2354,AESRC2020-INDIAN-ACCENT-G12890,4.665,INDIAN,tiny,whisper_norm,gold,are there other versions of the movie pilgrims of love,are there other versions of the movie pilgrims of love,Are there other versions of the movie Bill Grims of Love?,are there other versions of the movie bill grims of love,0.2,0.0556,0.8889,1.1
test,AESRC2020-INDIAN-ACCENT-G12890-G12890S2355,AESRC2020-INDIAN-ACCENT-G12890,4.905,INDIAN,tiny,whisper_norm,gold,is the movie moon cursed by ganpati popular in america,is the movie moon cursed by ganpati popular in america,is the movie Moon Curse by Gunpatie Poplar in America.,is the movie moon curse by gunpatie poplar in america,0.3,0.0741,0.7,1.0
test,AESRC2020-INDIAN-ACCENT-G12894-G12894S1298,AESRC2020-INDIAN-ACCENT-G12894,4.652,INDIAN,tiny,whisper_norm,gold,i was not at a stage where i needed to worry about rejection from others,i was not at a stage where i needed to worry about rejection from others,I was not at a stage where I needed to worry about rejection from others.,i was not at a stage where i needed to worry about rejection from others,0.0,0.0,1.0,1.0
test,AESRC2020-INDIAN-ACCENT-G12894-G12894S1299,AESRC2020-INDIAN-ACCENT-G12894,4.016,INDIAN,tiny,whisper_norm,gold,is this your first time to take a distance trip on plane,is this your 1st time to take a distance trip on plane,is this your first time to take a distance trip on plane.,is this your 1st time to take a distance trip on plane,0.0,0.0,1.0,1.0
test,AESRC2020-INDIAN-ACCENT-G12894-G12894S2354,AESRC2020-INDIAN-ACCENT-G12894,4.093,INDIAN,tiny,whisper_norm,gold,does smile of the buddha restaurant and bar have any vegetarian options,does smile of the buddha restaurant and bar have any vegetarian options,That's my love the Buddha restaurant and bar have any vegetarian options.,that is my love the buddha restaurant and bar have any vegetarian options,0.3333,0.169,0.75,1.0833
test,AESRC2020-INDIAN-ACCENT-G12894-G12894S2355,AESRC2020-INDIAN-ACCENT-G12894,2.615,INDIAN,tiny,whisper_norm,gold,don't play songs by daniel levi,do not play songs by daniel levi,Don't play songs by Daniel Levy.,do not play songs by daniel levy,0.1429,0.0312,0.8571,1.0
test,AESRC2020-INDIAN-ACCENT-G12894-G12894S3369,AESRC2020-INDIAN-ACCENT-G12894,2.155,INDIAN,tiny,whisper_norm,gold,please repeat the current song,please repeat the current song,Please repeat the current song.,please repeat the current song,0.0,0.0,1.0,1.0
test,AESRC2020-INDIAN-ACCENT-G12925-G12925S1297,AESRC2020-INDIAN-ACCENT-G12925,5.363,INDIAN,tiny,whisper_norm,gold,it is unlikely that the problem could be corrected or that data could be returned,it is unlikely that the problem could be corrected or that data could be returned,It is unlikely that the problem could be corrected or the data could be returned.,it is unlikely that the problem could be corrected or the data could be returned,0.0667,0.0247,1.0,1.0
test,AESRC2020-INDIAN-ACCENT-G12925-G12925S1300,AESRC2020-INDIAN-ACCENT-G12925,4.912,INDIAN,tiny,whisper_norm,gold,you will mix me up if you ask me to do two jobs at once,you will mix me up if you ask me to do 2 jobs at once,You will mix me up if you ask me to do 2 jobs at once.,you will mix me up if you ask me to do 2 jobs at once,0.0,0.0,1.0,1.0
test,AESRC2020-INDIAN-ACCENT-G12925-G12925S2352,AESRC2020-INDIAN-ACCENT-G12925,2.777,INDIAN,tiny,whisper_norm,gold,what kind of show is firefly,what kind of show is firefly,What kind of choice firefly?,what kind of choice firefly,0.3333,0.1786,0.6667,0.8333
test,AESRC2020-INDIAN-ACCENT-G12925-G12925S2354,AESRC2020-INDIAN-ACCENT-G12925,3.122,INDIAN,tiny,whisper_norm,gold,how do you pronounce hold up correctly,how do you pronounce hold up correctly,How do you pronounce a whole lip correctly?,how do you pronounce a whole lip correctly,0.4286,0.1579,0.7143,1.1429
test,AESRC2020-INDIAN-ACCENT-G12929-G12929S1297,AESRC2020-INDIAN-ACCENT-G12929,5.098,INDIAN,tiny,whisper_norm,gold,many older people struggle on without the right help or any help at all,many older people struggle on without the right help or any help at all,Many older people struggle on without the right help on any help at all.,many older people struggle on without the right help on any help at all,0.0714,0.0141,0.9231,1.0
test,AESRC2020-INDIAN-ACCENT-G12929-G12929S1298,AESRC2020-INDIAN-ACCENT-G12929,6.094,INDIAN,tiny,whisper_norm,gold,a gift is freely given and is received with joy and humility,a gift is freely given and is received with joy and humility,"A gift is freely given and is received, which I and humility.",a gift is freely given and is received which i and humility,0.1667,0.0833,0.8,1.0
test,AESRC2020-INDIAN-ACCENT-G12929-G12929S2350,AESRC2020-INDIAN-ACCENT-G12929,4.34,INDIAN,tiny,whisper_norm,gold,i want to know the ten day weather forecast in howrah,i want to know the 10 day weather forecast in howrah,I want to know the taste of the weather forecast in Haurah.,i want to know the taste of the weather forecast in haurah,0.3636,0.25,0.7273,1.0909
test,AESRC2020-INDIAN-ACCENT-G12929-G12929S2351,AESRC2020-INDIAN-ACCENT-G12929,4.442,INDIAN,tiny,whisper_norm,gold,i want to watch another movie like an ideal woman,i want to watch another movie like an ideal woman,I want to watch another movie like an ideal woman.,i want to watch another movie like an ideal woman,0.0,0.0,1.0,1.0
test,AESRC2020-INDIAN-ACCENT-G12959-G12959S1300,AESRC2020-INDIAN-ACCENT-G12959,4.65,INDIAN,tiny,whisper_norm,gold,please don't mention it i'm going to be out of town this weekend anyway,please do not mention it i am going to be out of town this weekend anyway,Please don't mention it. I'm going to be out of town this weekend anyway.,please do not mention it i am going to be out of town this weekend anyway,0.0,0.0,1.0,1.0
test,AESRC2020-INDIAN-ACCENT-G12959-G12959S2355,AESRC2020-INDIAN-ACCENT-G12959,2.979,INDIAN,tiny,whisper_norm,gold,where can i watch pilgrims of love,where can i watch pilgrims of love,Where can I watch pilgrims of love?,where can i watch pilgrims of love,0.0,0.0,1.0,1.0
test,AESRC2020-INDIAN-ACCENT-G12992-G12992S1299,AESRC2020-INDIAN-ACCENT-G12992,6.187,INDIAN,tiny,whisper_norm,gold,these televisions are quite popular in europe but those ones are not,these televisions are quite popular in europe but those ones are not,"These 10 evisels are quite popular in Europe, but those ones are not.",these 10 evisels are quite popular in europe but those ones are not,0.1667,0.0882,0.9091,1.0833
test,AESRC2020-INDIAN-ACCENT-G12992-G12992S1300,AESRC2020-INDIAN-ACCENT-G12992,5.115,INDIAN,tiny,whisper_norm,gold,although i got up with a headache i went to work as usual,although i got up with a headache i went to work as usual,"Although I got up with a headache, I went to work as usual.",although i got up with a headache i went to work as usual,0.0,0.0,1.0,1.0
test,AESRC2020-INDIAN-ACCENT-G12992-G12992S2355,AESRC2020-INDIAN-ACCENT-G12992,5.04,INDIAN,tiny,whisper_norm,gold,i want to know the history of narayan medical college and hospital,i want to know the history of narayan medical college and hospital,I want to know the history of Narayan Medical College and Hospital.,i want to know the history of narayan medical college and hospital,0.0,0.0,1.0,1.0
test,AESRC2020-INDIAN-ACCENT-G12992-G12992S3370,AESRC2020-INDIAN-ACCENT-G12992,3.63,INDIAN,tiny,whisper_norm,gold,how do i set the timer for the rice cooker,how do i set the timer for the rice cooker,How do I see it the timer for the rice cooker?,how do i see it the timer for the rice cooker,0.2,0.0714,0.8889,1.1
test,AESRC2020-INDIAN-ACCENT-G13083-G13083S1299,AESRC2020-INDIAN-ACCENT-G13083,6.21,INDIAN,tiny,whisper_norm,gold,at midnight he awoke and listened to the radio for a few minutes,at midnight he awoke and listened to the radio for a few minutes,"At midnight, he awoke and listened to the radio for a few minutes.",at midnight he awoke and listened to the radio for a few minutes,0.0,0.0,1.0,1.0
test,AESRC2020-INDIAN-ACCENT-G13083-G13083S1300,AESRC2020-INDIAN-ACCENT-G13083,3.915,INDIAN,tiny,whisper_norm,gold,she is too gentle to force me to work,she is too gentle to force me to work,"See, it's 2 gentle to force me to work.",see it is 2 gentle to force me to work,0.3333,0.1622,0.75,1.1111
test,AESRC2020-INDIAN-ACCENT-G13083-G13083S2364,AESRC2020-INDIAN-ACCENT-G13083,2.965,INDIAN,tiny,whisper_norm,gold,favourite karuthamuthu,favorite karuthamuthu,"favourite, car oil",favorite car oil,1.0,0.4762,0.5,1.5
test,AESRC2020-INDIAN-ACCENT-G13083-G13083S2365,AESRC2020-INDIAN-ACCENT-G13083,4.145,INDIAN,tiny,whisper_norm,gold,who produced woman from rajputana,who produced woman from rajputana,Who produced women from Rajputana?,who produced women from rajputana,0.2,0.0303,0.8,1.0
test,AESRC2020-INDIAN-ACCENT-G13083-G13083S3375,AESRC2020-INDIAN-ACCENT-G13083,4.43,INDIAN,tiny,whisper_norm,gold,turn on the tv and switch to my favorite channel,turn on the tv and switch to my favorite channel,Turn on the TV and switch to my favourite channel.,turn on the tv and switch to my favorite channel,0.0,0.0,1.0,1.0
test,AESRC2020-INDIAN-ACCENT-G13121-G13121S1300,AESRC2020-INDIAN-ACCENT-G13121,5.45,INDIAN,tiny,whisper_norm,gold,a violent temper cannot coexist with a love of peace,a violent temper cannot coexist with a love of peace,A violent temper cannot go exist with all of office.,a violent temper cannot go exist with all of office,0.5,0.1923,0.6667,1.0
test,AESRC2020-INDIAN-ACCENT-G13121-G13121S2365,AESRC2020-INDIAN-ACCENT-G13121,2.705,INDIAN,tiny,whisper_norm,gold,how is be concerned with used,how is be concerned with used,Heisebe concerned with used.,heisebe concerned with used,0.5,0.1379,0.5,0.6667
test,AESRC2020-INDIAN-ACCENT-G13145-G13145S1299,AESRC2020-INDIAN-ACCENT-G13145,5.464,INDIAN,tiny,whisper_norm,gold,from is in matter rhythm in force meaning in the person,from is in matter rhythm in force meaning in the person,"From a sin matter, determine force meaning in the Poison.",from a sin matter determine force meaning in the poison,0.4545,0.2182,0.6667,0.9091
test,AESRC2020-INDIAN-ACCENT-G13145-G13145S1300,AESRC2020-INDIAN-ACCENT-G13145,6.09,INDIAN,tiny,whisper_norm,gold,but a funny thing happened to the lakers on their way to purgatory,but a funny thing happened to the lakers on their way to purgatory,But a funny thing happened to the lakers on their way to purgatory.,but a funny thing happened to the lakers on their way to purgatory,0.0,0.0,1.0,1.0
test,AESRC2020-INDIAN-ACCENT-G13145-G13145S2365,AESRC2020-INDIAN-ACCENT-G13145,3.175,INDIAN,tiny,whisper_norm,gold,buy a ticket for a throw of dice,buy a ticket for a throw of dice,Buy a ticket for a throw off dice.,buy a ticket for a throw off dice,0.125,0.0312,0.8571,1.0
test,AESRC2020-INDIAN-ACCENT-G13145-G13145S2366,AESRC2020-INDIAN-ACCENT-G13145,3.28,INDIAN,tiny,whisper_norm,gold,is de souza resorts adult only,is de souza resorts adult only,Is this user a resource adult only?,is this user a resource adult only,0.6667,0.3667,0.5,1.1667
test,AESRC2020-INDIAN-ACCENT-G13176-G13176S1299,AESRC2020-INDIAN-ACCENT-G13176,6.095,INDIAN,tiny,whisper_norm,gold,you have to work more on the aim your hand is not steady enough,you have to work more on the aim your hand is not steady enough,You have to work more on the aim. Your hand is not steady enough.,you have to work more on the aim your hand is not steady enough,0.0,0.0,1.0,1.0
test,AESRC2020-INDIAN-ACCENT-G13176-G13176S1300,AESRC2020-INDIAN-ACCENT-G13176,4.258,INDIAN,tiny,whisper_norm,gold,the earth has a core and a mantle around it,the earth has a core and a mantle around it,The earth has a core and a mantle around it.,the earth has a core and a mantle around it,0.0,0.0,1.0,1.0
test,AESRC2020-INDIAN-ACCENT-G13176-G13176S2365,AESRC2020-INDIAN-ACCENT-G13176,5.07,INDIAN,tiny,whisper_norm,gold,does handicrafts emporium cater for vegans,does handicrafts emporium cater for vegans,"Thus handicrafts Emporium, 4 for vagans.",thus handicrafts emporium 4 for vagans,0.5,0.2143,0.5,1.0
test,AESRC2020-INDIAN-ACCENT-G13176-G13176S3376,AESRC2020-INDIAN-ACCENT-G13176,3.115,INDIAN,tiny,whisper_norm,gold,turn off the refrigerator now,turn off the refrigerator now,Turn off the Refreech Rator now.,turn off the refreech rator now,0.4,0.1724,0.8,1.2
test,AESRC2020-INDIAN-ACCENT-G13217-G13217S1299,AESRC2020-INDIAN-ACCENT-G13217,4.718,INDIAN,tiny,whisper_norm,gold,they sat by the field and chatted during the noon break,they sat by the field and chatted during the noon break,They sat by the field and chatted during the noon break.,they sat by the field and chatted during the noon break,0.0,0.0,1.0,1.0
test,AESRC2020-INDIAN-ACCENT-G13217-G13217S1300,AESRC2020-INDIAN-ACCENT-G13217,4.175,INDIAN,tiny,whisper_norm,gold,gold must be pure and man must be perfect,gold must be pure and man must be perfect,Goal must be pure and man must be perfect.,goal must be pure and man must be perfect,0.1111,0.0488,0.8571,1.0
test,AESRC2020-INDIAN-ACCENT-G13217-G13217S2365,AESRC2020-INDIAN-ACCENT-G13217,3.29,INDIAN,tiny,whisper_norm,gold,where does considerate towards come from,where does considerate towards come from,Where does considerate towards come home?,where does considerate towards come home,0.1667,0.075,0.8333,1.0
test,AESRC2020-INDIAN-ACCENT-G13217-G13217S2366,AESRC2020-INDIAN-ACCENT-G13217,3.04,INDIAN,tiny,whisper_norm,gold,what are hornweb top five songs,what are hornweb top 5 songs,What are Hornvept of 5 songs?,what are hornvept of 5 songs,0.3333,0.1786,0.6667,1.0
test,AESRC2020-INDIAN-ACCENT-G13236-G13236S1299,AESRC2020-INDIAN-ACCENT-G13236,4.584,INDIAN,tiny,whisper_norm,gold,i cannot remember what i have talked to dozens of strangers,i cannot remember what i have talked to dozens of strangers,I cannot remember what I have talked to dozens of strangers.,i cannot remember what i have talked to dozens of strangers,0.0,0.0,1.0,1.0
test,AESRC2020-INDIAN-ACCENT-G13236-G13236S2364,AESRC2020-INDIAN-ACCENT-G13236,3.439,INDIAN,tiny,whisper_norm,gold,who writes seshulatha kosuru music,who writes seshulatha kosuru music,Hooray it's take humour to conceal music.,hooray it is take humor to conceal music,1.4,0.7059,0.2,1.6
test,AESRC2020-INDIAN-ACCENT-G13236-G13236S2365,AESRC2020-INDIAN-ACCENT-G13236,4.322,INDIAN,tiny,whisper_norm,gold,i want to watch clever beauty with spanish subtitles,i want to watch clever beauty with spanish subtitles,I want to watch clever beauty with Spanish subtitles.,i want to watch clever beauty with spanish subtitles,0.0,0.0,1.0,1.0
test,AESRC2020-INDIAN-ACCENT-G13236-G13236S3376,AESRC2020-INDIAN-ACCENT-G13236,3.241,INDIAN,tiny,whisper_norm,gold,request you to turn off the smart camera,request you to turn off the smart camera,Request you to turn off this smart camera.,request you to turn off this smart camera,0.125,0.05,0.875,1.0
test,AESRC2020-INDIAN-ACCENT-G13240-G13240S1300,AESRC2020-INDIAN-ACCENT-G13240,3.729,INDIAN,tiny,whisper_norm,gold,these works have a strong flavor of rural life,these works have a strong flavor of rural life,This works have a strong flavor of router life.,this works have a strong flavor of router life,0.2222,0.1304,0.7778,1.0
test,AESRC2020-INDIAN-ACCENT-G13240-G13240S2366,AESRC2020-INDIAN-ACCENT-G13240,3.93,INDIAN,tiny,whisper_norm,gold,find similar music videos to alright for you,find similar music videos to alright for you,Find similar music videos to alright for you.,find similar music videos to alright for you,0.0,0.0,1.0,1.0
test,AESRC2020-INDIAN-ACCENT-G13373-G13373S1297,AESRC2020-INDIAN-ACCENT-G13373,3.486,INDIAN,tiny,whisper_norm,gold,you'd better put a sock in it i can't concentrate on my study,you would better put a sock in it i can not concentrate on my study,"You'd better put a sock in it, I can't concentrate on my study.",you would better put a sock in it i can not concentrate on my study,0.0,0.0,1.0,1.0
test,AESRC2020-INDIAN-ACCENT-G13373-G13373S1298,AESRC2020-INDIAN-ACCENT-G13373,3.58,INDIAN,tiny,whisper_norm,gold,please help us to preserve the quality of beans by no smoking,please help us to preserve the quality of beans by no smoking,Please help us to preserve the quality of beans by no smoking.,please help us to preserve the quality of beans by no smoking,0.0,0.0,1.0,1.0
test,AESRC2020-INDIAN-ACCENT-G13373-G13373S2354,AESRC2020-INDIAN-ACCENT-G13373,2.323,INDIAN,tiny,whisper_norm,gold,how long is the song bad timing,how long is the song bad timing,How long is the song bad timing?,how long is the song bad timing,0.0,0.0,1.0,1.0
test,AESRC2020-INDIAN-ACCENT-G13373-G13373S2355,AESRC2020-INDIAN-ACCENT-G13373,2.88,INDIAN,tiny,whisper_norm,gold,what soundtracks have music by banumathi,what soundtracks have music by banumathi,What Central X have Music Bai Bihanumati?,what central x have music bai bihanumati,0.6667,0.3,0.5,1.1667
test,AESRC2020-INDIAN-ACCENT-G13376-G13376S1300,AESRC2020-INDIAN-ACCENT-G13376,5.075,INDIAN,tiny,whisper_norm,gold,thanh and i more or less stop seeing each other after that,thanh and i more or less stop seeing each other after that,Tana and I more or less stop seeing each other after that.,tana and i more or less stop seeing each other after that,0.0833,0.0345,0.9167,1.0
test,AESRC2020-INDIAN-ACCENT-G13376-G13376S2355,AESRC2020-INDIAN-ACCENT-G13376,4.841,INDIAN,tiny,whisper_norm,gold,how much time will it take me to visit kirori mal college,how much time will it take me to visit kirori mal college,How much time will it take me to visit Kiroi Malkolech?,how much time will it take me to visit kiroi malkolech,0.25,0.1053,0.75,0.9167
test,AESRC2020-INDIAN-ACCENT-G13378-G13378S1299,AESRC2020-INDIAN-ACCENT-G13378,5.43,INDIAN,tiny,whisper_norm,gold,much as i admire him as a man i do not a father,much as i admire him as a man i do not a father,Much as I admire him as a man I do not a father.,much as i admire him as a man i do not a father,0.0,0.0,1.0,1.0
test,AESRC2020-INDIAN-ACCENT-G13378-G13378S1300,AESRC2020-INDIAN-ACCENT-G13378,7.763,INDIAN,tiny,whisper_norm,gold,so i just had to use my imagination which is perfect for a children a story,so i just had to use my imagination which is perfect for a children a story,"So, I just had to use my imagination which I is perfect for a children's story.",so i just had to use my imagination which i is perfect for a children is story,0.125,0.0533,1.0,1.0625
test,AESRC2020-INDIAN-ACCENT-G13378-G13378S2354,AESRC2020-INDIAN-ACCENT-G13378,3.222,INDIAN,tiny,whisper_norm,gold,who sings the song pop a top,who sings the song pop a top,Who sings the song pop a top?,who sings the song pop a top,0.0,0.0,1.0,1.0
test,AESRC2020-INDIAN-ACCENT-G13378-G13378S2355,AESRC2020-INDIAN-ACCENT-G13378,3.452,INDIAN,tiny,whisper_norm,gold,i want to call a taxi to inmobi,i want to call a taxi to inmobi,I want to call a taxi to in movie.,i want to call a taxi to in movie,0.25,0.0968,0.8571,1.125
test,AESRC2020-INDIAN-ACCENT-G13394-G13394S1300,AESRC2020-INDIAN-ACCENT-G13394,3.923,INDIAN,tiny,whisper_norm,gold,it was the second attack in the region in two days,it was the 2nd attack in the region in 2 days,It was the second attack in the region in two days.,it was the 2nd attack in the region in 2 days,0.0,0.0,1.0,1.0
test,AESRC2020-INDIAN-ACCENT-G13394-G13394S2355,AESRC2020-INDIAN-ACCENT-G13394,3.402,INDIAN,tiny,whisper_norm,gold,i don't want to listen to songs like clowns,i do not want to listen to songs like clowns,I don't want to listen to songs like clowns.,i do not want to listen to songs like clowns,0.0,0.0,1.0,1.0
test,AESRC2020-INDIAN-ACCENT-G13408-G13408S1298,AESRC2020-INDIAN-ACCENT-G13408,6.382,INDIAN,tiny,whisper_norm,gold,someone with fancy animal from grasp buy them to go home close to keep,someone with fancy animal from grasp buy them to go home close to keep,Someone with fancy animal from Grasp by them to go home close to keep.,someone with fancy animal from grasp by them to go home close to keep,0.0714,0.0143,0.9231,1.0
test,AESRC2020-INDIAN-ACCENT-G13408-G13408S1299,AESRC2020-INDIAN-ACCENT-G13408,5.055,INDIAN,tiny,whisper_norm,gold,make sure the work on the power supply is only done by an electrician,make sure the work on the power supply is only done by an electrician,Make sure the work on the power supply is only done by an electrician.,make sure the work on the power supply is only done by an electrician,0.0,0.0,1.0,1.0
test,AESRC2020-INDIAN-ACCENT-G13408-G13408S2354,AESRC2020-INDIAN-ACCENT-G13408,4.997,INDIAN,tiny,whisper_norm,gold,i want to watch the next episode of the great indian comedy show,i want to watch the next episode of the great indian comedy show,I want to watch the next episode of the Great Indian Comedy Show.,i want to watch the next episode of the great indian comedy show,0.0,0.0,1.0,1.0
test,AESRC2020-INDIAN-ACCENT-G13408-G13408S2355,AESRC2020-INDIAN-ACCENT-G13408,3.583,INDIAN,tiny,whisper_norm,gold,remove the show blade runner from my favorites,remove the show blade runner from my favorites,"Remove the show, Blade Runner from my favorites.",remove the show blade runner from my favorites,0.0,0.0,1.0,1.0
test,AESRC2020-INDIAN-ACCENT-G13408-G13408S3370,AESRC2020-INDIAN-ACCENT-G13408,1.896,INDIAN,tiny,whisper_norm,gold,switch off the fridge,switch off the fridge,Switch off the lid.,switch off the lid,0.25,0.1905,0.75,1.0
test,AESRC2020-INDIAN-ACCENT-G13410-G13410S1300,AESRC2020-INDIAN-ACCENT-G13410,5.126,INDIAN,tiny,whisper_norm,gold,you know some people in my country don't have anybody to push them,you know some people in my country do not have anybody to push them,You know some people in my country don't have anybody to push them.,you know some people in my country do not have anybody to push them,0.0,0.0,1.0,1.0
test,AESRC2020-INDIAN-ACCENT-G13410-G13410S2355,AESRC2020-INDIAN-ACCENT-G13410,5.383,INDIAN,tiny,whisper_norm,gold,what was the budget for the movie why sons go astray,what was the budget for the movie why sons go astray,What was the budget for the movie? Why songs go astray?,what was the budget for the movie why songs go astray,0.0909,0.0192,0.9,1.0
test,AESRC2020-INDIAN-ACCENT-G13448-G13448S1299,AESRC2020-INDIAN-ACCENT-G13448,4.83,INDIAN,tiny,whisper_norm,gold,he broke into the house by smashing in the window with a rock,he broke into the house by smashing in the window with a rock,He broke into the house by smashing in the window with a rock.,he broke into the house by smashing in the window with a rock,0.0,0.0,1.0,1.0
test,AESRC2020-INDIAN-ACCENT-G13448-G13448S1300,AESRC2020-INDIAN-ACCENT-G13448,5.815,INDIAN,tiny,whisper_norm,gold,a long time ago and away there lived a king and a queen,a long time ago and away there lived a king and a queen,a long time ago and away they are lived at a king and a queen.,a long time ago and away they are lived at a king and a queen,0.2308,0.1091,0.9,1.1538
test,AESRC2020-INDIAN-ACCENT-G13448-G13448S2354,AESRC2020-INDIAN-ACCENT-G13448,3.715,INDIAN,tiny,whisper_norm,gold,will it be cloudy tomorrow in alappuzha,will it be cloudy tomorrow in alappuzha,"Well, it be cloudy tomorrow in Alapusa.",well it be cloudy tomorrow in alapusa,0.2857,0.1026,0.7143,1.0
test,AESRC2020-INDIAN-ACCENT-G13448-G13448S2355,AESRC2020-INDIAN-ACCENT-G13448,3.48,INDIAN,tiny,whisper_norm,gold,when was the movie fearless phantom produced,when was the movie fearless phantom produced,When was the movie fearless Phantom produced?,when was the movie fearless phantom produced,0.0,0.0,1.0,1.0
test,AESRC2020-INDIAN-ACCENT-G13456-G13456S1299,AESRC2020-INDIAN-ACCENT-G13456,7.02,INDIAN,tiny,whisper_norm,gold,it is impossible to lay the blame on a ddt ban that never existed,it is impossible to lay the blame on a ddt ban that never existed,It is impossible to lay the blame on a DDT band that never existed.,it is impossible to lay the blame on a ddt band that never existed,0.0714,0.0154,0.9286,1.0
test,AESRC2020-INDIAN-ACCENT-G13456-G13456S1300,AESRC2020-INDIAN-ACCENT-G13456,4.25,INDIAN,tiny,whisper_norm,gold,but we have a system where you can't even do that,but we have a system where you can not even do that,But we have a system where you can't even do that.,but we have a system where you can not even do that,0.0,0.0,1.0,1.0
test,AESRC2020-INDIAN-ACCENT-G13456-G13456S2354,AESRC2020-INDIAN-ACCENT-G13456,4.63,INDIAN,tiny,whisper_norm,gold,i want to know other songs with the same name as better day,i want to know other songs with the same name as better day,I want to know other songs with the same name as Baita Day.,i want to know other songs with the same name as baita day,0.0769,0.0678,0.9231,1.0
test,AESRC2020-INDIAN-ACCENT-G13456-G13456S2355,AESRC2020-INDIAN-ACCENT-G13456,5.035,INDIAN,tiny,whisper_norm,gold,what kind of payments do they take at prithvi hotels,what kind of payments do they take at prithvi hotels,What kind of payments do they take at Prithvi Hotels?,what kind of payments do they take at prithvi hotels,0.0,0.0,1.0,1.0
test,AESRC2020-INDIAN-ACCENT-G13458-G13458S1300,AESRC2020-INDIAN-ACCENT-G13458,7.315,INDIAN,tiny,whisper_norm,gold,of all the warnings that were ignored the most significant was from the past,of all the warnings that were ignored the most significant was from the past,Of all the warnings that were ignored the most significant was from the past.,of all the warnings that were ignored the most significant was from the past,0.0,0.0,1.0,1.0
test,AESRC2020-INDIAN-ACCENT-G13458-G13458S2355,AESRC2020-INDIAN-ACCENT-G13458,4.816,INDIAN,tiny,whisper_norm,gold,i want to know more about places around hotel golden gates,i want to know more about places around hotel golden gates,I want to know more about places around hotel Golden Gets.,i want to know more about places around hotel golden gets,0.0909,0.0345,0.9091,1.0
test,AESRC2020-INDIAN-ACCENT-G13506-G13506S2349,AESRC2020-INDIAN-ACCENT-G13506,3.575,INDIAN,tiny,whisper_norm,gold,what are examples of step by step,what are examples of step by step,What are examples of step by step?,what are examples of step by step,0.0,0.0,1.0,1.0
test,AESRC2020-INDIAN-ACCENT-G13506-G13506S2350,AESRC2020-INDIAN-ACCENT-G13506,5.57,INDIAN,tiny,whisper_norm,gold,i do not want to watch movies like belgian emperor's visit to india,i do not want to watch movies like belgian emperor is visit to india,I do not want to watch movies like Belgian Amparers visit to India.,i do not want to watch movies like belgian amparers visit to india,0.1429,0.0735,0.8462,0.9286
test,AESRC2020-INDIAN-ACCENT-G13506-G13506S3380,AESRC2020-INDIAN-ACCENT-G13506,3.08,INDIAN,tiny,whisper_norm,gold,turn on the story telling machine,turn on the story telling machine,Turn on the Storytelling Machine.,turn on the storytelling machine,0.3333,0.0303,0.6667,0.8333
test,AESRC2020-INDIAN-ACCENT-G13548-G13548S1299,AESRC2020-INDIAN-ACCENT-G13548,4.695,INDIAN,tiny,whisper_norm,gold,conversion rates are really low and they are not doing very much about it,conversion rates are really low and they are not doing very much about it,Conversion deaths are really low and they are not doing very much about it.,conversion deaths are really low and they are not doing very much about it,0.0714,0.0411,0.9231,1.0
test,AESRC2020-INDIAN-ACCENT-G13548-G13548S1300,AESRC2020-INDIAN-ACCENT-G13548,4.0,INDIAN,tiny,whisper_norm,gold,to resolve this error map the type of the data source,to resolve this error map the type of the data source,To resolve this error map the type of the data source.,to resolve this error map the type of the data source,0.0,0.0,1.0,1.0
test,AESRC2020-INDIAN-ACCENT-G13548-G13548S2365,AESRC2020-INDIAN-ACCENT-G13548,2.68,INDIAN,tiny,whisper_norm,gold,i want to buy the song the basics,i want to buy the song the basics,I want to buy the song the basics.,i want to buy the song the basics,0.0,0.0,1.0,1.0
test,AESRC2020-INDIAN-ACCENT-G13548-G13548S3376,AESRC2020-INDIAN-ACCENT-G13548,2.905,INDIAN,tiny,whisper_norm,gold,turn off the smart camera immediately,turn off the smart camera immediately,Turn off the smart camera immediately.,turn off the smart camera immediately,0.0,0.0,1.0,1.0
test,AESRC2020-INDIAN-ACCENT-G13586-G13586S1299,AESRC2020-INDIAN-ACCENT-G13586,4.18,INDIAN,tiny,whisper_norm,gold,it is a room on the second floor looking over the street,it is a room on the 2nd floor looking over the street,It is a room on the second floor looking over the state.,it is a room on the 2nd floor looking over the state,0.0833,0.0566,0.9091,1.0
test,AESRC2020-INDIAN-ACCENT-G13586-G13586S1300,AESRC2020-INDIAN-ACCENT-G13586,6.412,INDIAN,tiny,whisper_norm,gold,it is difficult for the lower caste to mingle with those of the higher caste,it is difficult for the lower caste to mingle with those of the higher caste,It is difficult for the lower cast to mingle with those of the higher cast.,it is difficult for the lower cast to mingle with those of the higher cast,0.1333,0.0263,0.9231,1.0
test,AESRC2020-INDIAN-ACCENT-G13586-G13586S2365,AESRC2020-INDIAN-ACCENT-G13586,3.38,INDIAN,tiny,whisper_norm,gold,buy two tickets for beauty of rajasthan,buy 2 tickets for beauty of rajasthan,by 2 tickets for beauty of Rajasthan.,by 2 tickets for beauty of rajasthan,0.1429,0.027,0.8571,1.0
test,AESRC2020-INDIAN-ACCENT-G13586-G13586S2366,AESRC2020-INDIAN-ACCENT-G13586,4.351,INDIAN,tiny,whisper_norm,gold,do they have student discount at new abhinandan restaurant,do they have student discount at new abhinandan restaurant,Do they have student discount at new abandoned restaurant?,do they have student discount at new abandoned restaurant,0.1111,0.1034,0.8889,1.0
test,AESRC2020-INDIAN-ACCENT-G13621-G13621S1300,AESRC2020-INDIAN-ACCENT-G13621,5.023,INDIAN,tiny,whisper_norm,gold,to speed up payments he asked his clients to pay with credit cards,to speed up payments he asked his clients to pay with credit cards,To speed up payments he asked his clients to pay with credit cards.,to speed up payments he asked his clients to pay with credit cards,0.0,0.0,1.0,1.0
test,AESRC2020-INDIAN-ACCENT-G13621-G13621S2366,AESRC2020-INDIAN-ACCENT-G13621,2.815,INDIAN,tiny,whisper_norm,gold,play the complete swim team series,play the complete swim team series,Play the complete swim team series.,play the complete swim team series,0.0,0.0,1.0,1.0
test,AESRC2020-INDIAN-ACCENT-G13630-G13630S1299,AESRC2020-INDIAN-ACCENT-G13630,7.61,INDIAN,tiny,whisper_norm,gold,and if that were the case it would be worth while to make some sacrifice,and if that were the case it would be worth while to make some sacrifice,"And if that were the case, it would be worthwhile to make some sacrifice.",and if that were the case it would be worthwhile to make some sacrifice,0.1333,0.0139,0.8667,0.9333
test,AESRC2020-INDIAN-ACCENT-G13630-G13630S1300,AESRC2020-INDIAN-ACCENT-G13630,6.465,INDIAN,tiny,whisper_norm,gold,dove of peace would like to once again in the gaza strip fly,dove of peace would like to once again in the gaza strip fly,Dough of peace would like to once again in the Gaza Strip Fly.,dough of peace would like to once again in the gaza strip fly,0.0769,0.05,0.9231,1.0
test,AESRC2020-INDIAN-ACCENT-G13630-G13630S2364,AESRC2020-INDIAN-ACCENT-G13630,7.334,INDIAN,tiny,whisper_norm,gold,create a playlist with only s p sailaja songs,create a playlist with only s p sailaja songs,"Create a playlist with only SP, sale jar songs.",create a playlist with only sp sale jar songs,0.3333,0.1111,0.6667,1.0
test,AESRC2020-INDIAN-ACCENT-G13630-G13630S2365,AESRC2020-INDIAN-ACCENT-G13630,5.417,INDIAN,tiny,whisper_norm,gold,how can at a loss be used in a sentence,how can at a loss be used in a sentence,How can at a loss be used in a sentence?,how can at a loss be used in a sentence,0.0,0.0,1.0,1.0
test,AESRC2020-INDIAN-ACCENT-G13630-G13630S3373,AESRC2020-INDIAN-ACCENT-G13630,2.845,INDIAN,tiny,whisper_norm,gold,can i know the time,can i know the time,Can I know the time?,can i know the time,0.0,0.0,1.0,1.0
test,AESRC2020-INDIAN-ACCENT-G13632-G13632S1300,AESRC2020-INDIAN-ACCENT-G13632,7.67,INDIAN,tiny,whisper_norm,gold,provides an example of how to include search criteria in a query by using linq,provides an example of how to include search criteria in a query by using linq,provides an example of how to include search criteria in a query by using Li and Q.,provides an example of how to include search criteria in a query by using li and q,0.2,0.0513,0.9333,1.1333
test,AESRC2020-INDIAN-ACCENT-G13632-G13632S2366,AESRC2020-INDIAN-ACCENT-G13632,2.795,INDIAN,tiny,whisper_norm,gold,where can i buy diabeetus,where can i buy diabeetus,Where can I buy diabetes?,where can i buy diabetes,0.2,0.08,0.8,1.0
test,AESRC2020-INDIAN-ACCENT-G13635-G13635S1300,AESRC2020-INDIAN-ACCENT-G13635,4.48,INDIAN,tiny,whisper_norm,gold,only a minority of american households do not have a car,only a minority of american households do not have a car,Only a minority of American households do not have a car.,only a minority of american households do not have a car,0.0,0.0,1.0,1.0
test,AESRC2020-INDIAN-ACCENT-G13635-G13635S2365,AESRC2020-INDIAN-ACCENT-G13635,4.13,INDIAN,tiny,whisper_norm,gold,i want to add just like paradise to the queue,i want to add just like paradise to the queue,I want to add just like paradise to the queue.,i want to add just like paradise to the queue,0.0,0.0,1.0,1.0
test,AESRC2020-INDIAN-ACCENT-G13637-G13637S1299,AESRC2020-INDIAN-ACCENT-G13637,4.29,INDIAN,tiny,whisper_norm,gold,i'm not suggesting that you have any obligation to resolve them,i am not suggesting that you have any obligation to resolve them,I am not suggesting that you have any obligation to resolve them.,i am not suggesting that you have any obligation to resolve them,0.0,0.0,1.0,1.0
test,AESRC2020-INDIAN-ACCENT-G13637-G13637S1300,AESRC2020-INDIAN-ACCENT-G13637,3.591,INDIAN,tiny,whisper_norm,gold,do you have one with the same color as my hair,do you have one with the same color as my hair,Do you have one with the same color as my hair?,do you have one with the same color as my hair,0.0,0.0,1.0,1.0
test,AESRC2020-INDIAN-ACCENT-G13637-G13637S2365,AESRC2020-INDIAN-ACCENT-G13637,4.38,INDIAN,tiny,whisper_norm,gold,i don't want to listen a slow songs by franco baggiani,i do not want to listen a slow songs by franco baggiani,I don't want to listen as slow song by Frank Ubejiani.,i do not want to listen as slow song by frank ubejiani,0.3333,0.1455,0.6667,1.0
test,AESRC2020-INDIAN-ACCENT-G13637-G13637S2366,AESRC2020-INDIAN-ACCENT-G13637,2.586,INDIAN,tiny,whisper_norm,gold,when was the show trishna made,when was the show trishna made,When was the show TARY schna med?,when was the show tary schna med,0.5,0.2,0.6667,1.1667
test,AESRC2020-INDIAN-ACCENT-G13667-G13667S1299,AESRC2020-INDIAN-ACCENT-G13667,6.375,INDIAN,tiny,whisper_norm,gold,to help make sense of this it is necessary to know something of the history,to help make sense of this it is necessary to know something of the history,"To help make sense of this, it is necessary to know something of the history.",to help make sense of this it is necessary to know something of the history,0.0,0.0,1.0,1.0
test,AESRC2020-INDIAN-ACCENT-G13667-G13667S1300,AESRC2020-INDIAN-ACCENT-G13667,5.27,INDIAN,tiny,whisper_norm,gold,it was meant to be the secure foundation for your retirement she said,it was meant to be the secure foundation for your retirement she said,"It was meant to be the secure foundation for your retirement, she said.",it was meant to be the secure foundation for your retirement she said,0.0,0.0,1.0,1.0
test,AESRC2020-INDIAN-ACCENT-G13667-G13667S2365,AESRC2020-INDIAN-ACCENT-G13667,4.585,INDIAN,tiny,whisper_norm,gold,what is the name of this episode of hindustan ke hunarbaaz,what is the name of this episode of hindustan ke hunarbaaz,What is the name of the episode of Indostanki Honarbaal?,what is the name of the episode of indostanki honarbaal,0.3636,0.1379,0.6,0.9091
test,AESRC2020-INDIAN-ACCENT-G13667-G13667S2366,AESRC2020-INDIAN-ACCENT-G13667,3.83,INDIAN,tiny,whisper_norm,gold,what is the air quality in cookshire eaton,what is the air quality in cookshire eaton,What is the air quality in cook share it on?,what is the air quality in cook share it on,0.5,0.119,0.75,1.25
test,AESRC2020-INDIAN-ACCENT-G13683-G13683S1296,AESRC2020-INDIAN-ACCENT-G13683,5.825,INDIAN,tiny,whisper_norm,gold,her family has resided in new york for more than ten years,her family has resided in new york for more than 10 years,Her family has recited in New York for more than 10 years.,her family has recited in new york for more than 10 years,0.0833,0.0351,0.9167,1.0
test,AESRC2020-INDIAN-ACCENT-G13683-G13683S1297,AESRC2020-INDIAN-ACCENT-G13683,4.603,INDIAN,tiny,whisper_norm,gold,c no they will cost fraction of that amount,c no they will cost fraction of that amount,"See, no, they will cost fraction of that amount.",see no they will cost fraction of that amount,0.1111,0.0698,0.8889,1.0
test,AESRC2020-INDIAN-ACCENT-G13683-G13683S2365,AESRC2020-INDIAN-ACCENT-G13683,3.79,INDIAN,tiny,whisper_norm,gold,add trending nakhra up next,add trending nakhra up next,Add Trending Necrase Up Next.,add trending necrase up next,0.2,0.1852,0.8,1.0
test,AESRC2020-INDIAN-ACCENT-G13683-G13683S2366,AESRC2020-INDIAN-ACCENT-G13683,5.393,INDIAN,tiny,whisper_norm,gold,i want to listen to number thirteen young gypsy's romance again,i want to listen to number 13 young gypsy is romance again,I want to listen to number 13 young Gypsy's romance again.,i want to listen to number 13 young gypsy is romance again,0.0,0.0,1.0,1.0
test,AESRC2020-INDIAN-ACCENT-G13683-G13683S3376,AESRC2020-INDIAN-ACCENT-G13683,3.039,INDIAN,tiny,whisper_norm,gold,warm rice for fifeen minutes,warm rice for fifeen minutes,Warm rise for 15 minutes.,warm rise for 15 minutes,0.4,0.25,0.6,1.0
test,AESRC2020-INDIAN-ACCENT-G13707-G13707S1299,AESRC2020-INDIAN-ACCENT-G13707,5.07,INDIAN,tiny,whisper_norm,gold,it would be impossible to carry on if you fear that,it would be impossible to carry on if you fear that,It would be impossible to carry on if you fear that.,it would be impossible to carry on if you fear that,0.0,0.0,1.0,1.0
test,AESRC2020-INDIAN-ACCENT-G13707-G13707S1300,AESRC2020-INDIAN-ACCENT-G13707,4.405,INDIAN,tiny,whisper_norm,gold,yes in a fact i choked on a test last week,yes in a fact i choked on a test last week,"Yes, in effect I jogged on a test last week",yes in effect i jogged on a test last week,0.2727,0.1667,0.8,0.9091
test,AESRC2020-INDIAN-ACCENT-G13707-G13707S2364,AESRC2020-INDIAN-ACCENT-G13707,4.675,INDIAN,tiny,whisper_norm,gold,i want to know more about the song journey to the moon,i want to know more about the song journey to the moon,I want to know more about the song Journey to the Moon.,i want to know more about the song journey to the moon,0.0,0.0,1.0,1.0
test,AESRC2020-INDIAN-ACCENT-G13707-G13707S2365,AESRC2020-INDIAN-ACCENT-G13707,3.225,INDIAN,tiny,whisper_norm,gold,replay the song respond to me,replay the song respond to me,replay the song response to me.,replay the song response to me,0.1667,0.069,0.8333,1.0
test,AESRC2020-INDIAN-ACCENT-G13713-G13713S1299,AESRC2020-INDIAN-ACCENT-G13713,6.4,INDIAN,tiny,whisper_norm,gold,sometimes i flew swiftly other times more slowly i was as free as a bird,sometimes i flew swiftly other times more slowly i was as free as a bird,"Sometimes I close with 3, other times more slowly I was as free as a bird.",sometimes i close with 3 other times more slowly i was as free as a bird,0.2,0.125,0.8462,1.0667
test,AESRC2020-INDIAN-ACCENT-G13713-G13713S1300,AESRC2020-INDIAN-ACCENT-G13713,4.458,INDIAN,tiny,whisper_norm,gold,what's the first thing i think anyone who wants to lose weight should do,what is the 1st thing i think anyone who wants to lose weight should do,What's the first thing I think and even who wants to lose weight should do?,what is the 1st thing i think and even who wants to lose weight should do,0.1333,0.0704,0.9333,1.0667
test,AESRC2020-INDIAN-ACCENT-G13713-G13713S2373,AESRC2020-INDIAN-ACCENT-G13713,3.922,INDIAN,tiny,whisper_norm,gold,what is the name of this episode of dead town,what is the name of this episode of dead town,What is the name of this episode of that town?,what is the name of this episode of that town,0.1,0.0667,0.8889,1.0
test,AESRC2020-INDIAN-ACCENT-G13743-G13743S1299,AESRC2020-INDIAN-ACCENT-G13743,6.27,INDIAN,tiny,whisper_norm,gold,their homes are safe and without fear nor is the scourge of god upon them,their homes are safe and without fear nor is the scourge of god upon them,Their homes are safe and without fear nor is the scourge of God upon them.,their homes are safe and without fear nor is the scourge of god upon them,0.0,0.0,1.0,1.0
test,AESRC2020-INDIAN-ACCENT-G13743-G13743S1300,AESRC2020-INDIAN-ACCENT-G13743,5.085,INDIAN,tiny,whisper_norm,gold,he sank down on the ground and buried his face in his hands,he sank down on the ground and buried his face in his hands,He sank down on the ground and buried his face in his hands.,he sank down on the ground and buried his face in his hands,0.0,0.0,1.0,1.0
test,AESRC2020-INDIAN-ACCENT-G13743-G13743S2372,AESRC2020-INDIAN-ACCENT-G13743,3.19,INDIAN,tiny,whisper_norm,gold,what is the altitude in sarajevo,what is the altitude in sarajevo,What is the altitude in Sarajevo?,what is the altitude in sarajevo,0.0,0.0,1.0,1.0
test,AESRC2020-INDIAN-ACCENT-G13743-G13743S2373,AESRC2020-INDIAN-ACCENT-G13743,3.515,INDIAN,tiny,whisper_norm,gold,what is gossip cafe speciality,what is gossip cafe speciality,What is Gossip Cafe Specialty?,what is gossip cafe specialty,0.2,0.0333,0.8,1.0
test,AESRC2020-INDIAN-ACCENT-G13768-G13768S1299,AESRC2020-INDIAN-ACCENT-G13768,7.123,INDIAN,tiny,whisper_norm,gold,because of this it cannot create its own programs thus it cannot learn,because of this it cannot create its own programs thus it cannot learn,"Because of this, it cannot create its own programs, thus it cannot learn.",because of this it cannot create its own programs thus it cannot learn,0.0,0.0,1.0,1.0
test,AESRC2020-INDIAN-ACCENT-G13768-G13768S1300,AESRC2020-INDIAN-ACCENT-G13768,5.624,INDIAN,tiny,whisper_norm,gold,if you want access to the government safety net you have to follow them,if you want access to the government safety net you have to follow them,"If you want access to the government safety net, you have to follow them.",if you want access to the government safety net you have to follow them,0.0,0.0,1.0,1.0
test,AESRC2020-INDIAN-ACCENT-G13768-G13768S2372,AESRC2020-INDIAN-ACCENT-G13768,3.71,INDIAN,tiny,whisper_norm,gold,do they have a breakfast menu at sea grill,do they have a breakfast menu at sea grill,Do they have a breakfast menu at sea grill?,do they have a breakfast menu at sea grill,0.0,0.0,1.0,1.0
test,AESRC2020-INDIAN-ACCENT-G13768-G13768S2373,AESRC2020-INDIAN-ACCENT-G13768,4.53,INDIAN,tiny,whisper_norm,gold,i want to watch the next episode of angelo rules,i want to watch the next episode of angelo rules,I want to watch the next episode of Angeloe Roles.,i want to watch the next episode of angeloe roles,0.2,0.0417,0.8,1.0
test,AESRC2020-INDIAN-ACCENT-G13799-G13799S1299,AESRC2020-INDIAN-ACCENT-G13799,3.932,INDIAN,tiny,whisper_norm,gold,it was no place for a man who liked to be his own master,it was no place for a man who liked to be his own master,It was no place for a man who liked to be his own master.,it was no place for a man who liked to be his own master,0.0,0.0,1.0,1.0
test,AESRC2020-INDIAN-ACCENT-G13799-G13799S1300,AESRC2020-INDIAN-ACCENT-G13799,5.544,INDIAN,tiny,whisper_norm,gold,yet she says the drc has cities of a million people with no electricity,yet she says the drc has cities of a 1000000 people with no electricity,"Yet, she says the DRC has cities of a million people with no electricity.",yet she says the drc has cities of a 1000000 people with no electricity,0.0,0.0,1.0,1.0
test,AESRC2020-INDIAN-ACCENT-G13799-G13799S2372,AESRC2020-INDIAN-ACCENT-G13799,3.03,INDIAN,tiny,whisper_norm,gold,what is the definition of on schedule,what is the definition of on schedule,What is the definition of on schedule?,what is the definition of on schedule,0.0,0.0,1.0,1.0
test,AESRC2020-INDIAN-ACCENT-G13799-G13799S2373,AESRC2020-INDIAN-ACCENT-G13799,3.457,INDIAN,tiny,whisper_norm,gold,remove shows similar to the broker's man,remove shows similar to the broker is man,Remove the similar to the broker's man.,remove the similar to the broker is man,0.125,0.0976,0.875,1.0
test,AESRC2020-INDIAN-ACCENT-G13842-G13842S1299,AESRC2020-INDIAN-ACCENT-G13842,5.032,INDIAN,tiny,whisper_norm,gold,three comes after one five comes after three and so on what's after nine,3 comes after 15 comes after 3 and so on what is after 9,"3 curves after 1, 5 curves after 3 and so on, worse after 9.",3 curves after one 5 curves after 3 and so on worse after 9,0.4286,0.2857,0.6,1.0
test,AESRC2020-INDIAN-ACCENT-G13842-G13842S1300,AESRC2020-INDIAN-ACCENT-G13842,4.415,INDIAN,tiny,whisper_norm,gold,if the current violence is to be brought under control the government needs to act,if the current violence is to be brought under control the government needs to act,"If the current volleys is to be brought under control, the government needs to act.",if the current volleys is to be brought under control the government needs to act,0.0667,0.061,0.9231,1.0
test,AESRC2020-INDIAN-ACCENT-G13842-G13842S2372,AESRC2020-INDIAN-ACCENT-G13842,4.374,INDIAN,tiny,whisper_norm,gold,i want to create a playlist with songs by the flamingos,i want to create a playlist with songs by the flamingos,I want to create a playlist with songs by the Framin Goss.,i want to create a playlist with songs by the framin goss,0.1818,0.0545,0.9091,1.0909
test,AESRC2020-INDIAN-ACCENT-G13842-G13842S2373,AESRC2020-INDIAN-ACCENT-G13842,3.369,INDIAN,tiny,whisper_norm,gold,will there be snow in amsterda,will there be snow in amsterda,"So, they are not going to hear the bell now here, I already have a story.",so they are not going to hear the bell now here i already have a story,2.6667,1.7,0.0,2.6667
test,AESRC2020-INDIAN-ACCENT-G13869-G13869S1299,AESRC2020-INDIAN-ACCENT-G13869,3.97,INDIAN,tiny,whisper_norm,gold,by the way i'm the pope and god told me he doesn't exist,by the way i am the pope and god told me he does not exist,"By the way, I'm the Pope and God told me it doesn't exist.",by the way i am the pope and god told me it does not exist,0.0667,0.0345,0.9286,1.0
test,AESRC2020-INDIAN-ACCENT-G13869-G13869S1300,AESRC2020-INDIAN-ACCENT-G13869,4.365,INDIAN,tiny,whisper_norm,gold,when i asked advice he pondered and then told me not to go,when i asked advice he pondered and then told me not to go,When I asked advice he pointed and then told me not to go.,when i asked advice he pointed and then told me not to go,0.0769,0.069,0.9231,1.0
test,AESRC2020-INDIAN-ACCENT-G13869-G13869S2372,AESRC2020-INDIAN-ACCENT-G13869,3.505,INDIAN,tiny,whisper_norm,gold,will the divine comedy have a live concert soon,will the divine comedy have a live concert soon,Will the Divine Comedy have a live concert soon?,will the divine comedy have a live concert soon,0.0,0.0,1.0,1.0
test,AESRC2020-INDIAN-ACCENT-G13869-G13869S2373,AESRC2020-INDIAN-ACCENT-G13869,3.01,INDIAN,tiny,whisper_norm,gold,help me make book a room at krokus,help me make book a room at krokus,Help me make book a room at Krokas.,help me make book a room at krokas,0.125,0.0294,0.875,1.0
test,AESRC2020-INDIAN-ACCENT-G13913-G13913S1299,AESRC2020-INDIAN-ACCENT-G13913,3.778,INDIAN,tiny,whisper_norm,gold,it was such a success and we had so much fun doing it,it was such a success and we had so much fun doing it,It was such a success and we had so much fun doing it.,it was such a success and we had so much fun doing it,0.0,0.0,1.0,1.0
test,AESRC2020-INDIAN-ACCENT-G13913-G13913S1300,AESRC2020-INDIAN-ACCENT-G13913,6.075,INDIAN,tiny,whisper_norm,gold,this may be a shock but they are not here to see sopranos kill each other,this may be a shock but they are not here to see sopranos kill each other,This may be a shock but they are not here to see soprano skill each other.,this may be a shock but they are not here to see soprano skill each other,0.125,0.0274,0.875,1.0
test,AESRC2020-INDIAN-ACCENT-G13913-G13913S2372,AESRC2020-INDIAN-ACCENT-G13913,4.136,INDIAN,tiny,whisper_norm,gold,help me order delivery from kemble brewery inn,help me order delivery from kemble brewery inn,Help me order delivery from chemical brewery in.,help me order delivery from chemical brewery in,0.25,0.1522,0.75,1.0
test,AESRC2020-INDIAN-ACCENT-G13913-G13913S2373,AESRC2020-INDIAN-ACCENT-G13913,3.125,INDIAN,tiny,whisper_norm,gold,i want to listen to elephant man,i want to listen to elephant man,I want to listen to Elephantman.,i want to listen to elephantman,0.2857,0.0312,0.6667,0.8571
test,AESRC2020-INDIAN-ACCENT-G13915-G13915S1268,AESRC2020-INDIAN-ACCENT-G13915,7.04,INDIAN,tiny,whisper_norm,gold,no matter what you think i feel as if i were the queen of england,no matter what you think i feel as if i were the queen of england,"No matter what you think, I feel as if I were the queen of England.",no matter what you think i feel as if i were the queen of england,0.0,0.0,1.0,1.0
test,AESRC2020-INDIAN-ACCENT-G13915-G13915S1269,AESRC2020-INDIAN-ACCENT-G13915,5.773,INDIAN,tiny,whisper_norm,gold,but it's out there somewhere either on the ship or in the debris field,but it is out there somewhere either on the ship or in the debris field,but it is out there somewhere either on the ship or in the duct is filled.,but it is out there somewhere either on the ship or in the duct is filled,0.2,0.0845,0.8571,1.0667
test,AESRC2020-INDIAN-ACCENT-G13915-G13915S5399,AESRC2020-INDIAN-ACCENT-G13915,6.069,INDIAN,tiny,whisper_norm,gold,one nine zero four eight six nine one six three,1904869163,1 9 0 4 8 6 9 1 6 3,one 9 0 4 8 6 9 one 6 3,10.0,1.5,0.0,10.0
test,AESRC2020-INDIAN-ACCENT-G13915-G13915S5400,AESRC2020-INDIAN-ACCENT-G13915,2.826,INDIAN,tiny,whisper_norm,gold,five fifty four am,554 am,5 54m.,5 54 m,1.5,0.3333,0.0,1.5
test,AESRC2020-INDIAN-ACCENT-G13917-G13917S1299,AESRC2020-INDIAN-ACCENT-G13917,4.989,INDIAN,tiny,whisper_norm,gold,the potato has grown to be very big two head higher than the little mole,the potato has grown to be very big 2 head higher than the little mole,"The potato has grown to be very big, to head higher than the little mole.",the potato has grown to be very big to head higher than the little mole,0.0667,0.0286,0.9286,1.0
test,AESRC2020-INDIAN-ACCENT-G13917-G13917S1300,AESRC2020-INDIAN-ACCENT-G13917,4.604,INDIAN,tiny,whisper_norm,gold,money is not a problem in emerging markets and there's a lot of demand,money is not a problem in emerging markets and there is a lot of demand,Money is not a problem in emerging markets and there is a lot of demand.,money is not a problem in emerging markets and there is a lot of demand,0.0,0.0,1.0,1.0
test,AESRC2020-INDIAN-ACCENT-G13917-G13917S2371,AESRC2020-INDIAN-ACCENT-G13917,2.425,INDIAN,tiny,whisper_norm,gold,i want to open tadpoles parents,i want to open tadpoles parents,I want to open that pulse parents.,i want to open that pulse parents,0.3333,0.1935,0.8333,1.1667
test,AESRC2020-INDIAN-ACCENT-G13917-G13917S2373,AESRC2020-INDIAN-ACCENT-G13917,2.58,INDIAN,tiny,whisper_norm,gold,what company is azazie made by,what company is azazie made by,what company is as a homemade buy?,what company is as a homemade buy,0.6667,0.2667,0.5,1.1667
test,AESRC2020-INDIAN-ACCENT-G13948-G13948S1299,AESRC2020-INDIAN-ACCENT-G13948,5.0,INDIAN,tiny,whisper_norm,gold,but will it fit and which side of the jacket does he prefer,but will it fit and which side of the jacket does he prefer,But will it fit and with side of the jacket does he prefer?,but will it fit and with side of the jacket does he prefer,0.0769,0.0339,0.9231,1.0
test,AESRC2020-INDIAN-ACCENT-G13948-G13948S1300,AESRC2020-INDIAN-ACCENT-G13948,7.083,INDIAN,tiny,whisper_norm,gold,there is no evidence whatever that competition in broadcasting has ever reduced costs,there is no evidence whatever that competition in broadcasting has ever reduced costs,"There is no evidence, whatever that competition in broadcasting has ever reduced costs.",there is no evidence whatever that competition in broadcasting has ever reduced costs,0.0,0.0,1.0,1.0
test,AESRC2020-INDIAN-ACCENT-G13948-G13948S2371,AESRC2020-INDIAN-ACCENT-G13948,4.205,INDIAN,tiny,whisper_norm,gold,i want to know more about places around hotel penelope,i want to know more about places around hotel penelope,I want to know more about places around Hudel Penilope.,i want to know more about places around hudel penilope,0.2,0.0556,0.8,1.0
test,AESRC2020-INDIAN-ACCENT-G13948-G13948S2372,AESRC2020-INDIAN-ACCENT-G13948,2.83,INDIAN,tiny,whisper_norm,gold,when did squeeze first debut,when did squeeze 1st debut,when did squeeze for debut?,when did squeeze for debut,0.2,0.1154,0.8,1.0
test,AESRC2020-INDIAN-ACCENT-G13948-G13948S3378,AESRC2020-INDIAN-ACCENT-G13948,2.578,INDIAN,tiny,whisper_norm,gold,can my blood pressure be checked,can my blood pressure be checked,Can my blood pressure be checked?,can my blood pressure be checked,0.0,0.0,1.0,1.0
test,AESRC2020-INDIAN-ACCENT-G13956-G13956S1300,AESRC2020-INDIAN-ACCENT-G13956,4.747,INDIAN,tiny,whisper_norm,gold,and that europe as a whole is on the cusp of much greater changes,and that europe as a whole is on the cusp of much greater changes,And then Europe as a whole is on the cusp of much greater changes.,and then europe as a whole is on the cusp of much greater changes,0.0714,0.0308,0.9286,1.0
test,AESRC2020-INDIAN-ACCENT-G13956-G13956S2371,AESRC2020-INDIAN-ACCENT-G13956,2.613,INDIAN,tiny,whisper_norm,gold,what platforms can i watch watching on,what platforms can i watch watching on,What platforms can I watch watching on?,what platforms can i watch watching on,0.0,0.0,1.0,1.0
test,AESRC2020-INDIAN-ACCENT-G13963-G13963S1299,AESRC2020-INDIAN-ACCENT-G13963,4.961,INDIAN,tiny,whisper_norm,gold,i bet the rope now feels like a such a loser er looser,i bet the rope now feels like a such a loser er looser,I better rock now fits like such a loser. Are loser.,i better rock now fits like such a loser are loser,0.5385,0.2407,0.5,0.8462
test,AESRC2020-INDIAN-ACCENT-G13963-G13963S1300,AESRC2020-INDIAN-ACCENT-G13963,4.015,INDIAN,tiny,whisper_norm,gold,he had just had a meal and was picking his teeth after it,he had just had a meal and was picking his teeth after it,He had this ahead of me and was speaking his teeth after it.,he had this ahead of me and was speaking his teeth after it,0.3846,0.2281,0.6667,1.0
test,AESRC2020-INDIAN-ACCENT-G13963-G13963S2372,AESRC2020-INDIAN-ACCENT-G13963,3.183,INDIAN,tiny,whisper_norm,gold,what time is sunrise in grand prairie,what time is sunrise in grand prairie,Worldtime is sunrise in Grand Prairie.,worldtime is sunrise in grand prairie,0.2857,0.1081,0.7143,0.8571
test,AESRC2020-INDIAN-ACCENT-G13963-G13963S2373,AESRC2020-INDIAN-ACCENT-G13963,4.316,INDIAN,tiny,whisper_norm,gold,how many adapted versions of how i killed my father are there,how many adapted versions of how i killed my father are there,How many adaptive versions of how I killed my father are there?,how many adaptive versions of how i killed my father are there,0.0833,0.0492,0.9091,1.0
test,AESRC2020-INDIAN-ACCENT-G13974-G13974S1298,AESRC2020-INDIAN-ACCENT-G13974,6.75,INDIAN,tiny,whisper_norm,gold,we can only print letters which are accompanied by the writer's name and address,we can only print letters which are accompanied by the writer is name and address,"We can only print letters which are accompanied by the writers, name and address.",we can only print letters which are accompanied by the writers name and address,0.1333,0.0247,0.8667,0.9333
test,AESRC2020-INDIAN-ACCENT-G13974-G13974S1299,AESRC2020-INDIAN-ACCENT-G13974,5.21,INDIAN,tiny,whisper_norm,gold,i pulled the wool for his eyes by telling him i was ill,i pulled the wool for his eyes by telling him i was ill,I pulled the wolf for his eyes by telling him I was ill.,i pulled the wolf for his eyes by telling him i was ill,0.0769,0.0364,0.9167,1.0
test,AESRC2020-INDIAN-ACCENT-G13974-G13974S2372,AESRC2020-INDIAN-ACCENT-G13974,3.5,INDIAN,tiny,whisper_norm,gold,what time will the sun set in caracas,what time will the sun set in caracas,What time will the Sun set in Karakas?,what time will the sun set in karakas,0.125,0.0541,0.875,1.0
test,AESRC2020-INDIAN-ACCENT-G13974-G13974S2373,AESRC2020-INDIAN-ACCENT-G13974,4.77,INDIAN,tiny,whisper_norm,gold,how many adapted versions of easy rider are there,how many adapted versions of easy rider are there,How many adapted versions of easy writer are there?,how many adapted versions of easy writer are there,0.1111,0.0408,0.8889,1.0
test,AESRC2020-INDIAN-ACCENT-G14064-G14064S1299,AESRC2020-INDIAN-ACCENT-G14064,6.778,INDIAN,tiny,whisper_norm,gold,in as much as the waves are high i shall not go out in the boat,in as much as the waves are high i shall not go out in the boat,"Inasmuch as the waves are high, I shall not go out in a boat.",inasmuch as the waves are high i shall not go out in a boat,0.25,0.0794,0.9231,0.875
test,AESRC2020-INDIAN-ACCENT-G14064-G14064S1300,AESRC2020-INDIAN-ACCENT-G14064,7.204,INDIAN,tiny,whisper_norm,gold,unfortunately the only training camp i still have time go into the team,unfortunately the only training camp i still have time go into the team,"Unfortunately, the only training camp I still have time go into the team.",unfortunately the only training camp i still have time go into the team,0.0,0.0,1.0,1.0
test,AESRC2020-INDIAN-ACCENT-G14064-G14064S2372,AESRC2020-INDIAN-ACCENT-G14064,6.968,INDIAN,tiny,whisper_norm,gold,who is the director of the death and life of marsha p johnson,who is the director of the death and life of marsha p johnson,who is the director of the death and life of Marsha P. Johnson.,who is the director of the death and life of marsha p johnson,0.0,0.0,1.0,1.0
test,AESRC2020-INDIAN-ACCENT-G14064-G14064S2373,AESRC2020-INDIAN-ACCENT-G14064,4.345,INDIAN,tiny,whisper_norm,gold,play dev negi fast tempo songs,play dev negi fast tempo songs,Play Dev Nege fast tempo songs.,play dev nege fast tempo songs,0.1667,0.0333,0.8333,1.0
test,AESRC2020-INDIAN-ACCENT-G20961-G20961S1299,AESRC2020-INDIAN-ACCENT-G20961,5.858,INDIAN,tiny,whisper_norm,gold,nobody is safer than he who lives in a castle in the air,nobody is safer than he who lives in a castle in the air,Nobody is safer than he who lives in a castle in the air.,nobody is safer than he who lives in a castle in the air,0.0,0.0,1.0,1.0
test,AESRC2020-INDIAN-ACCENT-G20961-G20961S2354,AESRC2020-INDIAN-ACCENT-G20961,5.551,INDIAN,tiny,whisper_norm,gold,has the song respond to me won any awards,has the song respond to me won any awards,Has the song respond to me one any words?,has the song respond to me one any words,0.2222,0.0976,0.7778,1.0
test,AESRC2020-INDIAN-ACCENT-G20961-G20961S2355,AESRC2020-INDIAN-ACCENT-G20961,4.655,INDIAN,tiny,whisper_norm,gold,what platforms can i watch the movie gentleman loafer on,what platforms can i watch the movie gentleman loafer on,What platforms can I watch the movie gentlemen lofer on?,what platforms can i watch the movie gentlemen lofer on,0.2,0.0357,0.8,1.0
test,AESRC2020-INDIAN-ACCENT-G20961-G20961S3370,AESRC2020-INDIAN-ACCENT-G20961,2.762,INDIAN,tiny,whisper_norm,gold,can you help me set an alarm,can you help me set an alarm,Can you help me set an alarm?,can you help me set an alarm,0.0,0.0,1.0,1.0
test,AESRC2020-INDIAN-ACCENT-G21224-G21224S1298,AESRC2020-INDIAN-ACCENT-G21224,4.55,INDIAN,tiny,whisper_norm,gold,we burned our boat and bet all the house on one hand,we burned our boat and bet all the house on one hand,We burn our boat and bait all the hosts on one hand.,we burn our boat and bait all the hosts on one hand,0.25,0.1346,0.75,1.0
test,AESRC2020-INDIAN-ACCENT-G21224-G21224S1300,AESRC2020-INDIAN-ACCENT-G21224,4.697,INDIAN,tiny,whisper_norm,gold,the rule about one sixth of the diagram can be black squares,the rule about 16th of the diagram can be black squares,The rule award-1 6 of the diagram can be black squares.,the rule award one 6 of the diagram can be black squares,0.2727,0.1636,0.8,1.0909
test,AESRC2020-INDIAN-ACCENT-G21224-G21224S2354,AESRC2020-INDIAN-ACCENT-G21224,3.045,INDIAN,tiny,whisper_norm,gold,how many episodes are in lucky,how many episodes are in lucky,How many episodes are in Lucky?,how many episodes are in lucky,0.0,0.0,1.0,1.0
test,AESRC2020-INDIAN-ACCENT-G21224-G21224S3370,AESRC2020-INDIAN-ACCENT-G21224,4.155,INDIAN,tiny,whisper_norm,gold,there's no light in room turn on the smart light,there is no light in room turn on the smart light,There is no light in room turn on the smart light.,there is no light in room turn on the smart light,0.0,0.0,1.0,1.0
test,AESRC2020-INDIAN-ACCENT-G21929-G21929S1300,AESRC2020-INDIAN-ACCENT-G21929,4.715,INDIAN,tiny,whisper_norm,gold,i would take them outside and execute them in front of their families,i would take them outside and execute them in front of their families,I would take them outside and execute them in front of their families.,i would take them outside and execute them in front of their families,0.0,0.0,1.0,1.0
test,AESRC2020-INDIAN-ACCENT-G21929-G21929S2365,AESRC2020-INDIAN-ACCENT-G21929,3.495,INDIAN,tiny,whisper_norm,gold,show me the i'll remember april music video,show me the i will remember april music video,Show me the I'll remember April Music video.,show me the i will remember april music video,0.0,0.0,1.0,1.0
test,AESRC2020-INDIAN-ACCENT-G22350-G22350S1300,AESRC2020-INDIAN-ACCENT-G22350,4.355,INDIAN,tiny,whisper_norm,gold,he is a clever boy but apt to get into mischief,he is a clever boy but apt to get into mischief,"He is a clever boy, but after to get into mischief.",he is a clever boy but after to get into mischief,0.0909,0.0638,0.9091,1.0
test,AESRC2020-INDIAN-ACCENT-G22350-G22350S2355,AESRC2020-INDIAN-ACCENT-G22350,4.065,INDIAN,tiny,whisper_norm,gold,is the movie yashoda's son based on a true story,is the movie yashoda is son based on a true story,Is the movie a show that's on Best On A True Story?,is the movie a show that is on best on a true story,0.4545,0.2245,0.7,1.1818
test,AESRC2020-INDIAN-ACCENT-G22422-G22422S1299,AESRC2020-INDIAN-ACCENT-G22422,5.635,INDIAN,tiny,whisper_norm,gold,he didn't feel bored at all staying at home the entire vacation,he did not feel bored at all staying at home the entire vacation,He didn't feel bored at all staying at home the entire vacation.,he did not feel bored at all staying at home the entire vacation,0.0,0.0,1.0,1.0
test,AESRC2020-INDIAN-ACCENT-G22422-G22422S1300,AESRC2020-INDIAN-ACCENT-G22422,6.465,INDIAN,tiny,whisper_norm,gold,when her father had retired my young lady came down dressed for going out,when her father had retired my young lady came down dressed for going out,"When her father had retired, my young lady came down dressed for going out.",when her father had retired my young lady came down dressed for going out,0.0,0.0,1.0,1.0
test,AESRC2020-INDIAN-ACCENT-G22422-G22422S2354,AESRC2020-INDIAN-ACCENT-G22422,3.965,INDIAN,tiny,whisper_norm,gold,when did the show apni mitti first air,when did the show apni mitti 1st air,When did the show up near Mithi first air?,when did the show up near mithi 1st air,0.375,0.1667,0.75,1.125
test,AESRC2020-INDIAN-ACCENT-G22422-G22422S2355,AESRC2020-INDIAN-ACCENT-G22422,3.71,INDIAN,tiny,whisper_norm,gold,don't play the song giddy up a ding dong,do not play the song giddy up a ding dong,"Don't play the song, giddy up a ding-dong.",do not play the song giddy up a ding dong,0.0,0.0,1.0,1.0
test,AESRC2020-INDIAN-ACCENT-G22435-G22435S1300,AESRC2020-INDIAN-ACCENT-G22435,4.463,INDIAN,tiny,whisper_norm,gold,they have no vision and when there is no vision the people perish,they have no vision and when there is no vision the people perish,They have no vision and when there is no vision the people perish.,they have no vision and when there is no vision the people perish,0.0,0.0,1.0,1.0
test,AESRC2020-INDIAN-ACCENT-G22435-G22435S2355,AESRC2020-INDIAN-ACCENT-G22435,3.615,INDIAN,tiny,whisper_norm,gold,what will be the lowest temperature today in allahabad,what will be the lowest temperature today in allahabad,What will be the Lloyd temperature today in Alabad?,what will be the lloyd temperature today in alabad,0.2222,0.1481,0.7778,1.0
test,AESRC2020-INDIAN-ACCENT-G22485-G22485S1299,AESRC2020-INDIAN-ACCENT-G22485,4.102,INDIAN,tiny,whisper_norm,gold,the rain was too heavy for us to have a picnic,the rain was too heavy for us to have a picnic,The rain was too heavy for us to have a picnic.,the rain was too heavy for us to have a picnic,0.0,0.0,1.0,1.0
test,AESRC2020-INDIAN-ACCENT-G22485-G22485S1300,AESRC2020-INDIAN-ACCENT-G22485,5.495,INDIAN,tiny,whisper_norm,gold,sadness was closed by so love asked sadness let me go with you,sadness was closed by so love asked sadness let me go with you,Sadness was crossed by a soul of asked sadness let me go with you.,sadness was crossed by a soul of asked sadness let me go with you,0.3077,0.129,0.75,1.0769
test,AESRC2020-INDIAN-ACCENT-G22485-G22485S2354,AESRC2020-INDIAN-ACCENT-G22485,3.046,INDIAN,tiny,whisper_norm,gold,how sunny is it today in farrukhabad,how sunny is it today in farrukhabad,How soon is it today in Farukabad?,how soon is it today in farukabad,0.2857,0.1389,0.7143,1.0
test,AESRC2020-INDIAN-ACCENT-G22485-G22485S2355,AESRC2020-INDIAN-ACCENT-G22485,3.9,INDIAN,tiny,whisper_norm,gold,when will the next episode of roman holiday air,when will the next episode of roman holiday air,When will the next episode of Roman holiday air?,when will the next episode of roman holiday air,0.0,0.0,1.0,1.0
test,AESRC2020-INDIAN-ACCENT-G22521-G22521S1299,AESRC2020-INDIAN-ACCENT-G22521,9.305,INDIAN,tiny,whisper_norm,gold,journalist informed police who planted an undercover detective to trap a smith,journalist informed police who planted an undercover detective to trap a smith,Journalists informed police who planted and undercover detective to trap a smith.,journalists informed police who planted and undercover detective to trap a smith,0.1667,0.0256,0.8333,1.0
test,AESRC2020-INDIAN-ACCENT-G22521-G22521S2355,AESRC2020-INDIAN-ACCENT-G22521,4.295,INDIAN,tiny,whisper_norm,gold,is deepflow broadcast on the radio,is deepflow broadcast on the radio,is deep flow brought cast on the radio.,is deep flow brought cast on the radio,0.6667,0.1765,0.6667,1.3333
test,AESRC2020-INDIAN-ACCENT-G22521-G22521S3370,AESRC2020-INDIAN-ACCENT-G22521,5.198,INDIAN,tiny,whisper_norm,gold,to keep the food warm keep the rice cooker closed,to keep the food warm keep the rice cooker closed,"To keep the food warm, keep the rice cooker closed.",to keep the food warm keep the rice cooker closed,0.0,0.0,1.0,1.0
test,AESRC2020-INDIAN-ACCENT-G22525-G22525S2354,AESRC2020-INDIAN-ACCENT-G22525,2.355,INDIAN,tiny,whisper_norm,gold,where is hotel doon view,where is hotel doon view,Where is hotel doon view?,where is hotel doon view,0.0,0.0,1.0,1.0
test,AESRC2020-INDIAN-ACCENT-G22525-G22525S2355,AESRC2020-INDIAN-ACCENT-G22525,2.82,INDIAN,tiny,whisper_norm,gold,what are the lyrics to planetarium,what are the lyrics to planetarium,Water the lyrics to Planetarium.,water the lyrics to planetarium,0.3333,0.1176,0.6667,0.8333
test,AESRC2020-INDIAN-ACCENT-G22525-G22525S3370,AESRC2020-INDIAN-ACCENT-G22525,3.99,INDIAN,tiny,whisper_norm,gold,i wish my machine could remind me to do my laundry,i wish my machine could remind me to do my laundry,I wish my machine could remind me to do my laundry.,i wish my machine could remind me to do my laundry,0.0,0.0,1.0,1.0
test,AESRC2020-INDIAN-ACCENT-G22552-G22552S1299,AESRC2020-INDIAN-ACCENT-G22552,4.532,INDIAN,tiny,whisper_norm,gold,this also all sort of other manage consist in the activity,this also all sort of other manage consist in the activity,This also all sort of other managed consists in the activity.,this also all sort of other managed consists in the activity,0.1818,0.0345,0.8182,1.0
test,AESRC2020-INDIAN-ACCENT-G22552-G22552S2352,AESRC2020-INDIAN-ACCENT-G22552,2.871,INDIAN,tiny,whisper_norm,gold,is the movie the child krishna original,is the movie the child krishna original,Is the movie the child Krishna original?,is the movie the child krishna original,0.0,0.0,1.0,1.0
test,AESRC2020-INDIAN-ACCENT-G22552-G22552S2354,AESRC2020-INDIAN-ACCENT-G22552,3.83,INDIAN,tiny,whisper_norm,gold,i only want to listen to music by abhaya,i only want to listen to music by abhaya,I only want to listen to music by Abhayah.,i only want to listen to music by abhayah,0.1111,0.025,0.875,1.0
test,AESRC2020-INDIAN-ACCENT-G22552-G22552S3370,AESRC2020-INDIAN-ACCENT-G22552,2.76,INDIAN,tiny,whisper_norm,gold,please turn my music player on,please turn my music player on,Please turn my music player on.,please turn my music player on,0.0,0.0,1.0,1.0
test,AESRC2020-INDIAN-ACCENT-G22595-G22595S1298,AESRC2020-INDIAN-ACCENT-G22595,4.26,INDIAN,tiny,whisper_norm,gold,but i love it as a consumer and not as a business,but i love it as a consumer and not as a business,But I love it as a consumer and not as a business.,but i love it as a consumer and not as a business,0.0,0.0,1.0,1.0
test,AESRC2020-INDIAN-ACCENT-G22595-G22595S2353,AESRC2020-INDIAN-ACCENT-G22595,3.537,INDIAN,tiny,whisper_norm,gold,remove all songs by tanvi shah from the queue,remove all songs by tanvi shah from the queue,Remove all songs by Tanvi Sab from the queue.,remove all songs by tanvi sab from the queue,0.1111,0.0444,0.8889,1.0
test,AESRC2020-INDIAN-ACCENT-G22595-G22595S3370,AESRC2020-INDIAN-ACCENT-G22595,2.153,INDIAN,tiny,whisper_norm,gold,turn off the smart light,turn off the smart light,Turn off the smart light.,turn off the smart light,0.0,0.0,1.0,1.0
test,AESRC2020-INDIAN-ACCENT-G22609-G22609S1299,AESRC2020-INDIAN-ACCENT-G22609,4.75,INDIAN,tiny,whisper_norm,gold,he lifted the blanket over the door of the cave and stepped out,he lifted the blanket over the door of the cave and stepped out,He lifted the blanket over the door of the key and stepped out.,he lifted the blanket over the door of the key and stepped out,0.0769,0.0635,0.9091,1.0
test,AESRC2020-INDIAN-ACCENT-G22609-G22609S2354,AESRC2020-INDIAN-ACCENT-G22609,2.62,INDIAN,tiny,whisper_norm,gold,how far is a light year,how far is a light year,How far is the idea?,how far is the idea,0.5,0.3913,0.5,0.8333
test,AESRC2020-INDIAN-ACCENT-G22609-G22609S2355,AESRC2020-INDIAN-ACCENT-G22609,3.96,INDIAN,tiny,whisper_norm,gold,what artist made the song the autumnal sessions,what artist made the song the autumnal sessions,What artist made the song the automobile sessions?,what artist made the song the automobile sessions,0.125,0.1064,0.8571,1.0
test,AESRC2020-INDIAN-ACCENT-G22609-G22609S3370,AESRC2020-INDIAN-ACCENT-G22609,1.665,INDIAN,tiny,whisper_norm,gold,it's cool inside,it is cool inside,It's cool inside.,it is cool inside,0.0,0.0,1.0,1.0
test,AESRC2020-INDIAN-ACCENT-G22662-G22662S1299,AESRC2020-INDIAN-ACCENT-G22662,5.04,INDIAN,tiny,whisper_norm,gold,i think it was significant that he never knew his own father,i think it was significant that he never knew his own father,I think it was significant that he never knew his own father.,i think it was significant that he never knew his own father,0.0,0.0,1.0,1.0
test,AESRC2020-INDIAN-ACCENT-G22662-G22662S1300,AESRC2020-INDIAN-ACCENT-G22662,5.359,INDIAN,tiny,whisper_norm,gold,it is much too early to say what the impact and implications are,it is much too early to say what the impact and implications are,It is much too early to say what the impact and implications are.,it is much too early to say what the impact and implications are,0.0,0.0,1.0,1.0
test,AESRC2020-INDIAN-ACCENT-G22662-G22662S2354,AESRC2020-INDIAN-ACCENT-G22662,4.005,INDIAN,tiny,whisper_norm,gold,add the show taarak mehta ka ooltah chashmah to the queue,add the show taarak mehta ka ooltah chashmah to the queue,At the so Tarakmeta's ultah just mark to the queue.,at the so tarakmeta is ultah just mark to the queue,0.6364,0.3158,0.3,1.0
test,AESRC2020-INDIAN-ACCENT-G22662-G22662S2355,AESRC2020-INDIAN-ACCENT-G22662,3.491,INDIAN,tiny,whisper_norm,gold,i want to watch sanjog se bani sangini,i want to watch sanjog se bani sangini,I want to watch Sanjok's 7th song.,i want to watch sanjok is 7th song,0.5,0.2895,0.5,1.0
test,AESRC2020-INDIAN-ACCENT-G22669-G22669S1299,AESRC2020-INDIAN-ACCENT-G22669,4.718,INDIAN,tiny,whisper_norm,gold,i looked around the file system for anything that would help me,i looked around the file system for anything that would help me,I looked around the file system for anything that would help me.,i looked around the file system for anything that would help me,0.0,0.0,1.0,1.0
test,AESRC2020-INDIAN-ACCENT-G22669-G22669S1300,AESRC2020-INDIAN-ACCENT-G22669,4.318,INDIAN,tiny,whisper_norm,gold,she takes out stack of papers and hands it to me,she takes out stack of papers and hands it to me,She takes out stack of papers and hands it to me.,she takes out stack of papers and hands it to me,0.0,0.0,1.0,1.0
test,AESRC2020-INDIAN-ACCENT-G22669-G22669S2354,AESRC2020-INDIAN-ACCENT-G22669,4.445,INDIAN,tiny,whisper_norm,gold,how much time will it take me to visit adarsh polytechnic,how much time will it take me to visit adarsh polytechnic,How much time will it take me to visit other spoilie technique?,how much time will it take me to visit other spoilie technique,0.2727,0.2456,0.8182,1.0909
test,AESRC2020-INDIAN-ACCENT-G22669-G22669S2355,AESRC2020-INDIAN-ACCENT-G22669,3.092,INDIAN,tiny,whisper_norm,gold,is this the original version of mundiyan,is this the original version of mundiyan,Is this the original version of Murnian?,is this the original version of murnian,0.1429,0.075,0.8571,1.0
test,AESRC2020-INDIAN-ACCENT-G22669-G22669S3370,AESRC2020-INDIAN-ACCENT-G22669,2.179,INDIAN,tiny,whisper_norm,gold,keep the tv on,keep the tv on,Keep the TV on.,keep the tv on,0.0,0.0,1.0,1.0
test,AESRC2020-INDIAN-ACCENT-G22682-G22682S1299,AESRC2020-INDIAN-ACCENT-G22682,7.591,INDIAN,tiny,whisper_norm,gold,rent a house for a few months you can find hundreds of them online,rent a house for a few months you can find 100s of them online,"Rant, a house for a few months, you can find hundreds of them online.",rant a house for a few months you can find 100s of them online,0.0714,0.0161,0.9231,1.0
test,AESRC2020-INDIAN-ACCENT-G22682-G22682S1300,AESRC2020-INDIAN-ACCENT-G22682,4.871,INDIAN,tiny,whisper_norm,gold,use this as the image displayed the screen saver,use this as the image displayed the screen saver,Use this as the image displayed the screen server.,use this as the image displayed the screen server,0.1111,0.0417,0.875,1.0
test,AESRC2020-INDIAN-ACCENT-G22682-G22682S2354,AESRC2020-INDIAN-ACCENT-G22682,4.395,INDIAN,tiny,whisper_norm,gold,will it be cloudy tomorrow in meerut,will it be cloudy tomorrow in meerut,Will it be cloudy tomorrow and we root.,will it be cloudy tomorrow and we root,0.4286,0.1667,0.7143,1.1429
test,AESRC2020-INDIAN-ACCENT-G22682-G22682S2355,AESRC2020-INDIAN-ACCENT-G22682,4.649,INDIAN,tiny,whisper_norm,gold,i want to know what the movie flag of honour is about,i want to know what the movie flag of honor is about,I want to know what the movie flag of honour is about.,i want to know what the movie flag of honor is about,0.0,0.0,1.0,1.0
test,AESRC2020-INDIAN-ACCENT-G22682-G22682S3370,AESRC2020-INDIAN-ACCENT-G22682,8.105,INDIAN,tiny,whisper_norm,gold,the fan direction should be changed according to temperature in every corner of the room,the fan direction should be changed according to temperature in every corner of the room,The friend direction should be changed according to temperature in every corner of the room.,the friend direction should be changed according to temperature in every corner of the room,0.0667,0.0455,0.9286,1.0
test,AESRC2020-INDIAN-ACCENT-G22692-G22692S1295,AESRC2020-INDIAN-ACCENT-G22692,4.632,INDIAN,tiny,whisper_norm,gold,the nose of animal of the what in the zoo is the longest,the nose of animal of the what in the zoo is the longest,The nose of animal of the word in the zoo is the longest.,the nose of animal of the word in the zoo is the longest,0.0769,0.0536,0.8889,1.0
test,AESRC2020-INDIAN-ACCENT-G22692-G22692S1296,AESRC2020-INDIAN-ACCENT-G22692,4.017,INDIAN,tiny,whisper_norm,gold,my dad knows that the media have been covering the story,my dad knows that the media have been covering the story,My dad knows that the media have been covering the story.,my dad knows that the media have been covering the story,0.0,0.0,1.0,1.0
test,AESRC2020-INDIAN-ACCENT-G22692-G22692S2354,AESRC2020-INDIAN-ACCENT-G22692,2.831,INDIAN,tiny,whisper_norm,gold,what app is best for messaging,what app is best for messaging,What app is best for messaging?,what app is best for messaging,0.0,0.0,1.0,1.0
test,AESRC2020-INDIAN-ACCENT-G22692-G22692S2355,AESRC2020-INDIAN-ACCENT-G22692,5.244,INDIAN,tiny,whisper_norm,gold,has the show armanon ka balidaan aarakshan won any awards,has the show armanon ka balidaan aarakshan won any awards,"Has the show Armanonka Balidan, Arakshan, one Nani Awards.",has the show armanonka balidan arakshan one nani awards,0.6,0.1228,0.4,0.9
test,AESRC2020-INDIAN-ACCENT-G22696-G22696S1300,AESRC2020-INDIAN-ACCENT-G22696,5.283,INDIAN,tiny,whisper_norm,gold,he very much likes to have a finger in every pie,he very much likes to have a finger in every pie,He very much likes to have a finger in every pie.,he very much likes to have a finger in every pie,0.0,0.0,1.0,1.0
test,AESRC2020-INDIAN-ACCENT-G22696-G22696S2355,AESRC2020-INDIAN-ACCENT-G22696,4.327,INDIAN,tiny,whisper_norm,gold,what year was the song riverbank released,what year was the song riverbank released,"Vartier was the song, Reefer Bank released.",vartier was the song reefer bank released,0.5714,0.2439,0.5714,1.0
test,AESRC2020-INDIAN-ACCENT-G22765-G22765S1300,AESRC2020-INDIAN-ACCENT-G22765,5.465,INDIAN,tiny,whisper_norm,gold,five days after sunday's vote there is still no clear winner,5 days after sunday is vote there is still no clear winner,"5 days after Sunday's vote, there is still no clear winner.",5 days after sunday is vote there is still no clear winner,0.0,0.0,1.0,1.0
test,AESRC2020-INDIAN-ACCENT-G22765-G22765S2354,AESRC2020-INDIAN-ACCENT-G22765,4.135,INDIAN,tiny,whisper_norm,gold,what awards has the song silence won,what awards has the song silence won,What awards has the song Silence One?,what awards has the song silence one,0.1429,0.0556,0.8571,1.0
test,AESRC2020-INDIAN-ACCENT-G22765-G22765S2355,AESRC2020-INDIAN-ACCENT-G22765,4.8,INDIAN,tiny,whisper_norm,gold,help me make book a room at hotel gurudev,help me make book a room at hotel gurudev,Help me make book around at hotel Gurudev.,help me make book around at hotel gurudev,0.2222,0.0976,0.7778,0.8889
test,AESRC2020-INDIAN-ACCENT-G22765-G22765S3370,AESRC2020-INDIAN-ACCENT-G22765,3.915,INDIAN,tiny,whisper_norm,gold,activate the self washing and drying mode,activate the self washing and drying mode,activate the self-washing and dry mode.,activate the self washing and dry mode,0.1429,0.0732,0.8571,1.0
test,AESRC2020-INDIAN-ACCENT-G22813-G22813S1300,AESRC2020-INDIAN-ACCENT-G22813,7.421,INDIAN,tiny,whisper_norm,gold,he said that he supposed i had been brought up on the straight and narrow,he said that he supposed i had been brought up on the straight and narrow,He said that he is supposed to be brought up on the street and narrow.,he said that he is supposed to be brought up on the street and narrow,0.3333,0.1918,0.7143,1.0
test,AESRC2020-INDIAN-ACCENT-G22813-G22813S2354,AESRC2020-INDIAN-ACCENT-G22813,4.43,INDIAN,tiny,whisper_norm,gold,what platforms can i watch hatim on,what platforms can i watch hatim on,What platforms can they watch hunting on?,what platforms can they watch hunting on,0.2857,0.2286,0.7143,1.0
test,AESRC2020-INDIAN-ACCENT-G22849-G22849S1299,AESRC2020-INDIAN-ACCENT-G22849,4.885,INDIAN,tiny,whisper_norm,gold,but they also don't seem to mind quite as much as you might expect,but they also do not seem to mind quite as much as you might expect,But they also don't seem to mind quite as much as you might expect.,but they also do not seem to mind quite as much as you might expect,0.0,0.0,1.0,1.0
test,AESRC2020-INDIAN-ACCENT-G22849-G22849S1300,AESRC2020-INDIAN-ACCENT-G22849,3.601,INDIAN,tiny,whisper_norm,gold,i started doing chin ups every day to build up my strength,i started doing chin ups every day to build up my strength,I started doing chin ups every day to build up my strength.,i started doing chin ups every day to build up my strength,0.0,0.0,1.0,1.0
test,AESRC2020-INDIAN-ACCENT-G22849-G22849S2354,AESRC2020-INDIAN-ACCENT-G22849,2.961,INDIAN,tiny,whisper_norm,gold,when was the show yahan main ghar ghar kheli made,when was the show yahan main ghar ghar kheli made,and me as the show Yah my Chargar Belly made.,and me as the show yah my chargar belly made,0.8,0.3878,0.3333,1.0
test,AESRC2020-INDIAN-ACCENT-G22849-G22849S2355,AESRC2020-INDIAN-ACCENT-G22849,2.758,INDIAN,tiny,whisper_norm,gold,how is the weather this week in ahmedabad,how is the weather this week in ahmedabad,How is the weather this week in MDABAD?,how is the weather this week in mdabad,0.125,0.0732,0.875,1.0
test,AESRC2020-INDIAN-ACCENT-G22849-G22849S3370,AESRC2020-INDIAN-ACCENT-G22849,2.621,INDIAN,tiny,whisper_norm,gold,you need to turn off sweeping robot,you need to turn off sweeping robot,you need to turn off Swiping Robot.,you need to turn off swiping robot,0.1429,0.0571,0.8571,1.0
test,AESRC2020-INDIAN-ACCENT-G22857-G22857S1298,AESRC2020-INDIAN-ACCENT-G22857,6.18,INDIAN,tiny,whisper_norm,gold,a i know it'll be an exciting time for the city and the country,a i know it will be an exciting time for the city and the country,A. I know it will be an exciting time for the city and the country.,a i know it will be an exciting time for the city and the country,0.0,0.0,1.0,1.0
test,AESRC2020-INDIAN-ACCENT-G22857-G22857S1300,AESRC2020-INDIAN-ACCENT-G22857,5.88,INDIAN,tiny,whisper_norm,gold,the western music in the happy life and see your sweet love and ideal,the western music in the happy life and see your sweet love and ideal,The Western music in the Happy Life and see your sweet love and ideal.,the western music in the happy life and see your sweet love and ideal,0.0,0.0,1.0,1.0
test,AESRC2020-INDIAN-ACCENT-G22857-G22857S2354,AESRC2020-INDIAN-ACCENT-G22857,3.7,INDIAN,tiny,whisper_norm,gold,change the movie to one like mother durga,change the movie to one like mother durga,Change the movie to one like Mother Durga.,change the movie to one like mother durga,0.0,0.0,1.0,1.0
test,AESRC2020-INDIAN-ACCENT-G22857-G22857S2355,AESRC2020-INDIAN-ACCENT-G22857,4.56,INDIAN,tiny,whisper_norm,gold,i want to listen to more songs like otra puerta,i want to listen to more songs like otra puerta,I want to listen to more songs like Otra Puerta.,i want to listen to more songs like otra puerta,0.0,0.0,1.0,1.0
test,AESRC2020-INDIAN-ACCENT-G22857-G22857S3370,AESRC2020-INDIAN-ACCENT-G22857,3.255,INDIAN,tiny,whisper_norm,gold,i'm going to switch off the heater,i am going to switch off the heater,I'm going to switch off the heater.,i am going to switch off the heater,0.0,0.0,1.0,1.0
test,AESRC2020-INDIAN-ACCENT-G22867-G22867S2354,AESRC2020-INDIAN-ACCENT-G22867,5.313,INDIAN,tiny,whisper_norm,gold,help me find the definition of none other than,help me find the definition of none other than,Help me find the definition of none other than.,help me find the definition of none other than,0.0,0.0,1.0,1.0
test,AESRC2020-INDIAN-ACCENT-G22867-G22867S3370,AESRC2020-INDIAN-ACCENT-G22867,4.71,INDIAN,tiny,whisper_norm,gold,make the sweeping robot turned off,make the sweeping robot turned off,Make the sweeping robot turn off.,make the sweeping robot turn off,0.1667,0.0588,0.8333,1.0
test,AESRC2020-INDIAN-ACCENT-G22870-G22870S1300,AESRC2020-INDIAN-ACCENT-G22870,6.246,INDIAN,tiny,whisper_norm,gold,the theory can produce strong power as soon as it is grasped by the mass,the theory can produce strong power as soon as it is grasped by the mass,The theory can produce strong power as soon as it is crashed by the mass.,the theory can produce strong power as soon as it is crashed by the mass,0.0667,0.0278,0.9231,1.0
test,AESRC2020-INDIAN-ACCENT-G22870-G22870S2355,AESRC2020-INDIAN-ACCENT-G22870,4.08,INDIAN,tiny,whisper_norm,gold,who is the main actress in the movie will and the world,who is the main actress in the movie will and the world,Who is the main actress in the movie Well and the World?,who is the main actress in the movie well and the world,0.0833,0.0182,0.9,1.0
test,AESRC2020-INDIAN-ACCENT-G23009-G23009S1300,AESRC2020-INDIAN-ACCENT-G23009,4.275,INDIAN,tiny,whisper_norm,gold,one vice though cured plants others where it has been,one vice though cured plants others where it has been,One wise dog cured plants others where it has been.,one wise dog cured plants others where it has been,0.2,0.1132,0.8,1.0
test,AESRC2020-INDIAN-ACCENT-G23009-G23009S2355,AESRC2020-INDIAN-ACCENT-G23009,2.607,INDIAN,tiny,whisper_norm,gold,is it windy today in sheffield,is it windy today in sheffield,Is it windy today in Shaffold?,is it windy today in shaffold,0.1667,0.1,0.8333,1.0
test,AESRC2020-INDIAN-ACCENT-G23074-G23074S1300,AESRC2020-INDIAN-ACCENT-G23074,4.09,INDIAN,tiny,whisper_norm,gold,i'm a good student moreover a fine resident of a city,i am a good student moreover a fine resident of a city,"I am a good student, moreover a fine resident of a city.",i am a good student moreover a fine resident of a city,0.0,0.0,1.0,1.0
test,AESRC2020-INDIAN-ACCENT-G23074-G23074S2365,AESRC2020-INDIAN-ACCENT-G23074,4.95,INDIAN,tiny,whisper_norm,gold,what is the best brand of clinic plus shampoo strong and thick almond oil,what is the best brand of clinic plus shampoo strong and thick almond oil,What is the best brand of clinic plus shampoo strong and thick element or L?,what is the best brand of clinic plus shampoo strong and thick element or l,0.2143,0.0822,0.8571,1.0714
test,AESRC2020-INDIAN-ACCENT-G23184-G23184S1297,AESRC2020-INDIAN-ACCENT-G23184,4.623,INDIAN,tiny,whisper_norm,gold,they mostly live on the outskirts of a town,they mostly live on the outskirts of a town,They mostly live under outskirts of a town.,they mostly live under outskirts of a town,0.2222,0.1163,0.7778,0.8889
test,AESRC2020-INDIAN-ACCENT-G23184-G23184S1299,AESRC2020-INDIAN-ACCENT-G23184,4.815,INDIAN,tiny,whisper_norm,gold,all our waiting depends upon state of the heart,all our waiting depends upon state of the heart,All our waiting depends upon state of the heart.,all our waiting depends upon state of the heart,0.0,0.0,1.0,1.0
test,AESRC2020-INDIAN-ACCENT-G23184-G23184S2365,AESRC2020-INDIAN-ACCENT-G23184,2.569,INDIAN,tiny,whisper_norm,gold,what is twenty two about,what is 22 about,What is 22 about?,what is 22 about,0.0,0.0,1.0,1.0
test,AESRC2020-INDIAN-ACCENT-G23184-G23184S2366,AESRC2020-INDIAN-ACCENT-G23184,4.357,INDIAN,tiny,whisper_norm,gold,what tube station is gajanan hindu hotel near,what tube station is gajanan hindu hotel near,What tube station is Gajanan Hindu Hotel near?,what tube station is gajanan hindu hotel near,0.0,0.0,1.0,1.0
test,AESRC2020-INDIAN-ACCENT-G23184-G23184S3376,AESRC2020-INDIAN-ACCENT-G23184,2.415,INDIAN,tiny,whisper_norm,gold,put a reminder for me,put a reminder for me,Put a reminder for me.,put a reminder for me,0.0,0.0,1.0,1.0
test,AESRC2020-INDIAN-ACCENT-G23213-G23213S1299,AESRC2020-INDIAN-ACCENT-G23213,5.091,INDIAN,tiny,whisper_norm,gold,a sharp whistle wake us up in the early morning,a sharp whistle wake us up in the early morning,A sharp oyster work as up in the early morning.,a sharp oyster work as up in the early morning,0.3,0.1915,0.7,1.0
test,AESRC2020-INDIAN-ACCENT-G23213-G23213S1300,AESRC2020-INDIAN-ACCENT-G23213,5.133,INDIAN,tiny,whisper_norm,gold,if anyone tamper with this door it trip the alarm,if anyone tamper with this door it trip the alarm,If anyone tempar with this door it rip the alarm.,if anyone tempar with this door it rip the alarm,0.2,0.0612,0.8,1.0
test,AESRC2020-INDIAN-ACCENT-G23213-G23213S2365,AESRC2020-INDIAN-ACCENT-G23213,6.192,INDIAN,tiny,whisper_norm,gold,does eastbourne a pine forest resort shimla have any booking discounts,does eastbourne a pine forest resort shimla have any booking discounts,Does it burn a pine forest resort similar to a booking discounts?,does it burn a pine forest resort similar to a booking discounts,0.4545,0.2143,0.6364,1.0909
test,AESRC2020-INDIAN-ACCENT-G23213-G23213S2366,AESRC2020-INDIAN-ACCENT-G23213,2.84,INDIAN,tiny,whisper_norm,gold,show me the monaa music video,show me the monaa music video,Show me the monam music video.,show me the monam music video,0.1667,0.0345,0.8333,1.0
test,AESRC2020-INDIAN-ACCENT-G23213-G23213S3376,AESRC2020-INDIAN-ACCENT-G23213,4.26,INDIAN,tiny,whisper_norm,gold,i want to hear random music turn on the random mode,i want to hear random music turn on the random mode,I want to have random music turn on the random mood.,i want to have random music turn on the random mood,0.1818,0.098,0.8,1.0
test,AESRC2020-INDIAN-ACCENT-G23248-G23248S1299,AESRC2020-INDIAN-ACCENT-G23248,7.345,INDIAN,tiny,whisper_norm,gold,like my name to be pure forever as water fresh and gorgeous as flowers,like my name to be pure forever as water fresh and gorgeous as flowers,"Like my name to be pure forever as water, fresh and gorgeous as flowers.",like my name to be pure forever as water fresh and gorgeous as flowers,0.0,0.0,1.0,1.0
test,AESRC2020-INDIAN-ACCENT-G23248-G23248S1300,AESRC2020-INDIAN-ACCENT-G23248,6.475,INDIAN,tiny,whisper_norm,gold,we will see that all the old folks are provided for from now on,we will see that all the old folks are provided for from now on,We will see that all the old folks are provided for from now on.,we will see that all the old folks are provided for from now on,0.0,0.0,1.0,1.0
test,AESRC2020-INDIAN-ACCENT-G23248-G23248S2365,AESRC2020-INDIAN-ACCENT-G23248,4.325,INDIAN,tiny,whisper_norm,gold,what star rating does hotel yashashree have,what star rating does hotel yashashree have,What star rating does hotel necessary have?,what star rating does hotel necessary have,0.1429,0.186,0.8571,1.0
test,AESRC2020-INDIAN-ACCENT-G23248-G23248S2366,AESRC2020-INDIAN-ACCENT-G23248,3.825,INDIAN,tiny,whisper_norm,gold,play the complete lakhon mein ek series,play the complete lakhon mein ek series,Play the complete Lakhomi X-rays.,play the complete lakhomi x rays,0.5714,0.2564,0.4286,0.8571
test,AESRC2020-INDIAN-ACCENT-G23324-G23324S1299,AESRC2020-INDIAN-ACCENT-G23324,5.406,INDIAN,tiny,whisper_norm,gold,i am gonna paint it yellow to make it look warmer,i am going to paint it yellow to make it look warmer,"I am Bonna, paint it, yellow to make it look warmer.",i am bonna paint it yellow to make it look warmer,0.1667,0.1154,0.9,0.9167
test,AESRC2020-INDIAN-ACCENT-G23324-G23324S1300,AESRC2020-INDIAN-ACCENT-G23324,7.655,INDIAN,tiny,whisper_norm,gold,out in the open the hunter is a sitting duck for unseen wild animals,out in the open the hunter is a sitting duck for unseen wild animals,"Out in the open, the hunter is a sitting duck for unseen wild animals.",out in the open the hunter is a sitting duck for unseen wild animals,0.0,0.0,1.0,1.0
test,AESRC2020-INDIAN-ACCENT-G23324-G23324S2354,AESRC2020-INDIAN-ACCENT-G23324,6.337,INDIAN,tiny,whisper_norm,gold,is there a warranty on gillette cartridges venus blades,is there a warranty on gillette cartridges venus blades,"is there a barantee on zillet, Carty days, venus, blades.",is there a barantee on zillet carty days venus blades,0.4444,0.2,0.6667,1.1111
test,AESRC2020-INDIAN-ACCENT-G23324-G23324S2355,AESRC2020-INDIAN-ACCENT-G23324,6.495,INDIAN,tiny,whisper_norm,gold,when will the next episode of reach for the stars air,when will the next episode of reach for the stars air,"Then, we will the next episode of Reach for the Stars Air.",then we will the next episode of reach for the stars air,0.1818,0.0755,0.9,1.0909
test,AESRC2020-INDIAN-ACCENT-G23372-G23372S1299,AESRC2020-INDIAN-ACCENT-G23372,5.389,INDIAN,tiny,whisper_norm,gold,first imagine you are a contestant and there are a million doors,1st imagine you are a contestant and there are a 1000000 doors,First imagine your contestant and there are a million doors.,1st imagine your contestant and there are a 1000000 doors,0.25,0.0806,0.9,0.8333
test,AESRC2020-INDIAN-ACCENT-G23372-G23372S1300,AESRC2020-INDIAN-ACCENT-G23372,6.543,INDIAN,tiny,whisper_norm,gold,as a means of figure of speech it is widely used in real communication,as a means of figure of speech it is widely used in real communication,As a means of figure of speech it is widely used in real communication.,as a means of figure of speech it is widely used in real communication,0.0,0.0,1.0,1.0
test,AESRC2020-INDIAN-ACCENT-G23372-G23372S2353,AESRC2020-INDIAN-ACCENT-G23372,3.981,INDIAN,tiny,whisper_norm,gold,i don't want nocturno in my playlist,i do not want nocturno in my playlist,I don't want nocturnal in my playlist.,i do not want nocturnal in my playlist,0.125,0.0541,0.875,1.0
test,AESRC2020-INDIAN-ACCENT-G23372-G23372S2354,AESRC2020-INDIAN-ACCENT-G23372,4.204,INDIAN,tiny,whisper_norm,gold,restart this episode of yahan main ghar ghar kheli,restart this episode of yahan main ghar ghar kheli,restart this episode of Yama Gargar Kali.,restart this episode of yama gargar kali,0.5556,0.22,0.5,0.7778
test,AESRC2020-INDIAN-ACCENT-G23372-G23372S3370,AESRC2020-INDIAN-ACCENT-G23372,2.016,INDIAN,tiny,whisper_norm,gold,put the tv on,put the tv on,Put the TV on.,put the tv on,0.0,0.0,1.0,1.0
test,AESRC2020-INDIAN-ACCENT-G23374-G23374S1299,AESRC2020-INDIAN-ACCENT-G23374,4.295,INDIAN,tiny,whisper_norm,gold,normal time is of over and the game goes into extra time,normal time is of over and the game goes into extra time,Normal time is over and the game goes into extra time.,normal time is over and the game goes into extra time,0.0833,0.0536,0.9091,0.9167
test,AESRC2020-INDIAN-ACCENT-G23374-G23374S1300,AESRC2020-INDIAN-ACCENT-G23374,3.294,INDIAN,tiny,whisper_norm,gold,take the time to talk and listen to an older person,take the time to talk and listen to an older person,Take the time to talk and listen to an older person.,take the time to talk and listen to an older person,0.0,0.0,1.0,1.0
test,AESRC2020-INDIAN-ACCENT-G23374-G23374S2354,AESRC2020-INDIAN-ACCENT-G23374,3.544,INDIAN,tiny,whisper_norm,gold,i don't want to listen to slow songs by malaysia vasudevan,i do not want to listen to slow songs by malaysia vasudevan,"I don't want to listen to Slow Song's by Malaysia, but they won.",i do not want to listen to slow song is by malaysia but they won,0.4167,0.2034,0.8182,1.25
test,AESRC2020-INDIAN-ACCENT-G23374-G23374S2355,AESRC2020-INDIAN-ACCENT-G23374,2.44,INDIAN,tiny,whisper_norm,gold,is it windy today in avadi,is it windy today in avadi,Is it windy today in Avadhi?,is it windy today in avadhi,0.1667,0.0385,0.8333,1.0
test,AESRC2020-INDIAN-ACCENT-G23374-G23374S3370,AESRC2020-INDIAN-ACCENT-G23374,1.865,INDIAN,tiny,whisper_norm,gold,toggle off the camera,toggle off the camera,Togun of the camera.,togun of the camera,0.5,0.1905,0.5,1.0
test,AESRC2020-INDIAN-ACCENT-G23382-G23382S1299,AESRC2020-INDIAN-ACCENT-G23382,4.735,INDIAN,tiny,whisper_norm,gold,it is a hard thing being right about everything all the time,it is a hard thing being right about everything all the time,It is a heart-hingk being right about everything all that time.,it is a heart hingk being right about everything all that time,0.25,0.1,0.75,1.0
test,AESRC2020-INDIAN-ACCENT-G23382-G23382S1300,AESRC2020-INDIAN-ACCENT-G23382,5.68,INDIAN,tiny,whisper_norm,gold,jane knight north island it is the space that hits you first,jane knight north island it is the space that hits you 1st,"Gen Night North Island, it is the space that hits you first.",general night north island it is the space that hits you 1st,0.1667,0.1034,0.8333,1.0
test,AESRC2020-INDIAN-ACCENT-G23382-G23382S2354,AESRC2020-INDIAN-ACCENT-G23382,4.825,INDIAN,tiny,whisper_norm,gold,i do not want to listen to fast songs by joseph vijay,i do not want to listen to fast songs by joseph vijay,I do not want to listen to fast songs by Joseph Vijay.,i do not want to listen to fast songs by joseph vijay,0.0,0.0,1.0,1.0
test,AESRC2020-INDIAN-ACCENT-G23382-G23382S2355,AESRC2020-INDIAN-ACCENT-G23382,2.69,INDIAN,tiny,whisper_norm,gold,tell me the temperature in orai,tell me the temperature in orai,Time with the temperature in ORI,time with the temperature in ori,0.5,0.2581,0.5,1.0
test,AESRC2020-INDIAN-ACCENT-G23439-G23439S1299,AESRC2020-INDIAN-ACCENT-G23439,4.515,INDIAN,tiny,whisper_norm,gold,sometimes a princess is just a princess and taken as such,sometimes a princess is just a princess and taken as such,Sometimes a princess is just a princess and taken a search.,sometimes a princess is just a princess and taken a search,0.1818,0.0702,0.7778,1.0
test,AESRC2020-INDIAN-ACCENT-G23439-G23439S1300,AESRC2020-INDIAN-ACCENT-G23439,4.022,INDIAN,tiny,whisper_norm,gold,she stuck a pin in to prevent the paper from slipping,she stuck a pin in to prevent the paper from slipping,See stack up in in to prevent the paper from slipping.,see stack up in in to prevent the paper from slipping,0.3636,0.0943,0.6364,1.0
test,AESRC2020-INDIAN-ACCENT-G23439-G23439S2353,AESRC2020-INDIAN-ACCENT-G23439,3.419,INDIAN,tiny,whisper_norm,gold,what is the best brand of cinthol soap cool,what is the best brand of cinthol soap cool,What is the best brand of synthhols of cool?,what is the best brand of synthhols of cool,0.2222,0.1628,0.7778,1.0
test,AESRC2020-INDIAN-ACCENT-G23439-G23439S2354,AESRC2020-INDIAN-ACCENT-G23439,3.81,INDIAN,tiny,whisper_norm,gold,does the movie the poison tree have subtitles,does the movie the poison tree have subtitles,Does the movie the poison tree have subtitles?,does the movie the poison tree have subtitles,0.0,0.0,1.0,1.0
test,AESRC2020-INDIAN-ACCENT-G23442-G23442S1298,AESRC2020-INDIAN-ACCENT-G23442,5.74,INDIAN,tiny,whisper_norm,gold,one common notion is that red hair means a quick temper,one common notion is that red hair means a quick temper,When common notion is that red hair means a quick tempo.,when common notion is that red hair means a quick tempo,0.1818,0.0909,0.8182,1.0
test,AESRC2020-INDIAN-ACCENT-G23442-G23442S1299,AESRC2020-INDIAN-ACCENT-G23442,4.63,INDIAN,tiny,whisper_norm,gold,the boy can tuck away a lot of food in one meal,the boy can tuck away a lot of food in one meal,The boy can tuck away a lot of food in one meal.,the boy can tuck away a lot of food in one meal,0.0,0.0,1.0,1.0
test,AESRC2020-INDIAN-ACCENT-G23442-G23442S2354,AESRC2020-INDIAN-ACCENT-G23442,3.66,INDIAN,tiny,whisper_norm,gold,what is the temperature in winchester,what is the temperature in winchester,What is the temperature in Winchester?,what is the temperature in winchester,0.0,0.0,1.0,1.0
test,AESRC2020-INDIAN-ACCENT-G23442-G23442S2355,AESRC2020-INDIAN-ACCENT-G23442,4.695,INDIAN,tiny,whisper_norm,gold,what other movies have the same actor as lioness,what other movies have the same actor as lioness,What are the movies? Have the same actor as Linus.,what are the movies have the same actor as linus,0.3333,0.1667,0.7778,1.1111
test,AESRC2020-INDIAN-ACCENT-G23442-G23442S3370,AESRC2020-INDIAN-ACCENT-G23442,2.2,INDIAN,tiny,whisper_norm,gold,turn the cooker on,turn the cooker on,Turn the Google on.,turn the google on,0.25,0.2222,0.75,1.0
test,AESRC2020-INDIAN-ACCENT-G23480-G23480S1300,AESRC2020-INDIAN-ACCENT-G23480,6.682,INDIAN,tiny,whisper_norm,gold,he'd given too much to his career worked long hours neglected her,he would given too much to his career worked long hours neglected her,"He had given too much to his career, worked long hours, neglected her.",he had given too much to his career worked long hours neglected her,0.0769,0.058,0.9231,1.0
test,AESRC2020-INDIAN-ACCENT-G23480-G23480S2355,AESRC2020-INDIAN-ACCENT-G23480,4.49,INDIAN,tiny,whisper_norm,gold,help me make book a room at punjab hindu hotel,help me make book a room at punjab hindu hotel,Help me make book a room at Punjab Hindu Hotel.,help me make book a room at punjab hindu hotel,0.0,0.0,1.0,1.0
test,AESRC2020-INDIAN-ACCENT-G23507-G23507S1199,AESRC2020-INDIAN-ACCENT-G23507,3.755,INDIAN,tiny,whisper_norm,gold,i rang up this morning about borrowing a book on italian cooking,i rang up this morning about borrowing a book on italian cooking,I rang up this morning about borrowing a book on Italian cooking.,i rang up this morning about borrowing a book on italian cooking,0.0,0.0,1.0,1.0
test,AESRC2020-INDIAN-ACCENT-G23507-G23507S1200,AESRC2020-INDIAN-ACCENT-G23507,3.755,INDIAN,tiny,whisper_norm,gold,i have added some notes you may like to mark in your bibles,i have added some notes you may like to mark in your bibles,I have added some notes you may like to mark in your Bibles.,i have added some notes you may like to mark in your bibles,0.0,0.0,1.0,1.0
test,AESRC2020-INDIAN-ACCENT-G23507-G23507S2349,AESRC2020-INDIAN-ACCENT-G23507,2.575,INDIAN,tiny,whisper_norm,gold,i don't want to watch victims of fate,i do not want to watch victims of fate,I don't want to watch victims of feed.,i do not want to watch victims of feed,0.1111,0.0789,0.8889,1.0
test,AESRC2020-INDIAN-ACCENT-G23507-G23507S2350,AESRC2020-INDIAN-ACCENT-G23507,2.187,INDIAN,tiny,whisper_norm,gold,recommend more shows like scar face,recommend more shows like scar face,Recommend motion likes car face.,recommend motion likes car face,0.6667,0.2571,0.3333,0.8333
test,AESRC2020-INDIAN-ACCENT-G23507-G23507S3379,AESRC2020-INDIAN-ACCENT-G23507,1.534,INDIAN,tiny,whisper_norm,gold,i want to listen the song,i want to listen the song,I want to listen to the song.,i want to listen to the song,0.1667,0.12,1.0,1.1667
test,AESRC2020-INDIAN-ACCENT-G23543-G23543S1294,AESRC2020-INDIAN-ACCENT-G23543,9.055,INDIAN,tiny,whisper_norm,gold,this gives an indication of how much fat is a store around your middle,this gives an indication of how much fat is a store around your middle,This gives an indication of how much fat is stored around your middle.,this gives an indication of how much fat is stored around your middle,0.1429,0.0429,0.8571,0.9286
test,AESRC2020-INDIAN-ACCENT-G23543-G23543S2366,AESRC2020-INDIAN-ACCENT-G23543,6.04,INDIAN,tiny,whisper_norm,gold,what rating does the movie chandrarao more have,what rating does the movie chandrarao more have,"What rating does the movie, Chandra Oroh, more heavy?",what rating does the movie chandra oroh more heavy,0.375,0.1277,0.75,1.125
test,AESRC2020-INDIAN-ACCENT-G23553-G23553S1299,AESRC2020-INDIAN-ACCENT-G23553,3.32,INDIAN,tiny,whisper_norm,gold,we do not want you to rebel against your parents,we do not want you to rebel against your parents,We do not want you to revel against your parents.,we do not want you to revel against your parents,0.1,0.0208,0.9,1.0
test,AESRC2020-INDIAN-ACCENT-G23553-G23553S1300,AESRC2020-INDIAN-ACCENT-G23553,4.18,INDIAN,tiny,whisper_norm,gold,i take off from a standing and race on down the lane,i take off from a standing and race on down the lane,I take off from a standing and raise on down the lane.,i take off from a standing and raise on down the lane,0.0833,0.0385,0.9167,1.0
test,AESRC2020-INDIAN-ACCENT-G23553-G23553S2365,AESRC2020-INDIAN-ACCENT-G23553,2.605,INDIAN,tiny,whisper_norm,gold,tell me more about son ensemble,tell me more about son ensemble,Tell me more about Sun and Simple.,tell me more about sun and simple,0.5,0.1935,0.6667,1.1667
test,AESRC2020-INDIAN-ACCENT-G23553-G23553S2366,AESRC2020-INDIAN-ACCENT-G23553,4.29,INDIAN,tiny,whisper_norm,gold,which accommodation in victoria is suitable for families,which accommodation in victoria is suitable for families,Which accommodation in Victoria is to table 4 families?,which accommodation in victoria is to table 4 families,0.375,0.1071,0.75,1.125
test,AESRC2020-INDIAN-ACCENT-G23553-G23553S3376,AESRC2020-INDIAN-ACCENT-G23553,2.2,INDIAN,tiny,whisper_norm,gold,make the oven turn off,make the oven turn off,Make the oven turn off.,make the oven turn off,0.0,0.0,1.0,1.0
test,AESRC2020-INDIAN-ACCENT-G23563-G23563S1299,AESRC2020-INDIAN-ACCENT-G23563,4.46,INDIAN,tiny,whisper_norm,gold,in this sense the rule by law the rule by moral,in this sense the rule by law the rule by moral,In this says rule by law rule by moral.,in this says rule by law rule by moral,0.2727,0.234,0.75,0.8182
test,AESRC2020-INDIAN-ACCENT-G23563-G23563S2365,AESRC2020-INDIAN-ACCENT-G23563,4.285,INDIAN,tiny,whisper_norm,gold,how hot is it in solapur right now,how hot is it in solapur right now,How hot is it in solar pool right now?,how hot is it in solar pool right now,0.25,0.1471,0.875,1.125
test,AESRC2020-INDIAN-ACCENT-G23563-G23563S3376,AESRC2020-INDIAN-ACCENT-G23563,2.742,INDIAN,tiny,whisper_norm,gold,please a start the music,please a start the music,Please start the music.,please start the music,0.2,0.0833,0.8,0.8
test,AESRC2020-INDIAN-ACCENT-G23571-G23571S1299,AESRC2020-INDIAN-ACCENT-G23571,6.195,INDIAN,tiny,whisper_norm,gold,it takes me long time to describe deal because i cannot stop dancing,it takes me long time to describe deal because i cannot stop dancing,It takes me long time to describe deal because I cannot stop dancing.,it takes me long time to describe deal because i cannot stop dancing,0.0,0.0,1.0,1.0
test,AESRC2020-INDIAN-ACCENT-G23571-G23571S1300,AESRC2020-INDIAN-ACCENT-G23571,4.07,INDIAN,tiny,whisper_norm,gold,are these four pieces of luggage for check in,are these 4 pieces of luggage for check in,Are these four pieces of luggage for check in?,are these 4 pieces of luggage for check in,0.0,0.0,1.0,1.0
test,AESRC2020-INDIAN-ACCENT-G23571-G23571S2366,AESRC2020-INDIAN-ACCENT-G23571,4.485,INDIAN,tiny,whisper_norm,gold,what's a recommended dish at khodiyar dining hall,what is a recommended dish at khodiyar dining hall,What's a recommended dish at Kodiyaar dining hall?,what is a recommended dish at kodiyaar dining hall,0.1111,0.04,0.8889,1.0
test,AESRC2020-INDIAN-ACCENT-G23571-G23571S3376,AESRC2020-INDIAN-ACCENT-G23571,3.47,INDIAN,tiny,whisper_norm,gold,set a timer to wake after twenty minutes,set a timer to wake after 20 minutes,Set a timer to wake after 20 minutes.,set a timer to wake after 20 minutes,0.0,0.0,1.0,1.0
test,AESRC2020-INDIAN-ACCENT-G23579-G23579S1299,AESRC2020-INDIAN-ACCENT-G23579,6.882,INDIAN,tiny,whisper_norm,gold,the next day for the pastry sift the flour and salt into a mixing bowl,the next day for the pastry sift the flour and salt into a mixing bowl,"Next day for the pastry, sit the flour and salt into a mixing bowl.",next day for the pastry sit the flour and salt into a mixing bowl,0.1333,0.0714,0.9231,0.9333
test,AESRC2020-INDIAN-ACCENT-G23579-G23579S1300,AESRC2020-INDIAN-ACCENT-G23579,5.531,INDIAN,tiny,whisper_norm,gold,for now all we are these two less than perfect images,for now all we are these 2 less than perfect images,"For now, all we are these 2 less than perfect images.",for now all we are these 2 less than perfect images,0.0,0.0,1.0,1.0
test,AESRC2020-INDIAN-ACCENT-G23579-G23579S3376,AESRC2020-INDIAN-ACCENT-G23579,5.123,INDIAN,tiny,whisper_norm,gold,rice cooker's timer is to be set for fifteen minutes,rice cooker is timer is to be set for 15 minutes,Rice cooker's timer is to be set for 15 minutes.,rice cooker is timer is to be set for 15 minutes,0.0,0.0,1.0,1.0
test,AESRC2020-INDIAN-ACCENT-G23583-G23583S1297,AESRC2020-INDIAN-ACCENT-G23583,3.75,INDIAN,tiny,whisper_norm,gold,in her fright she forgot to lock the door,in her fright she forgot to lock the door,"In her fried sheep, her go to love the door.",in her fried sheep her go to love the door,0.5556,0.2683,0.5556,1.1111
test,AESRC2020-INDIAN-ACCENT-G23583-G23583S1298,AESRC2020-INDIAN-ACCENT-G23583,5.293,INDIAN,tiny,whisper_norm,gold,do you think he will be angry when he sees this broken vase,do you think he will be angry when he sees this broken vase,Do you think he will be angry when he sees this broken waste?,do you think he will be angry when he sees this broken waste,0.0769,0.0339,0.9167,1.0
test,AESRC2020-INDIAN-ACCENT-G23583-G23583S3375,AESRC2020-INDIAN-ACCENT-G23583,3.922,INDIAN,tiny,whisper_norm,gold,i have to do some work i need to turn off the tv,i have to do some work i need to turn off the tv,I have to do some work. I need to turn off the TV.,i have to do some work i need to turn off the tv,0.0,0.0,1.0,1.0
test,AESRC2020-INDIAN-ACCENT-G23620-G23620S1298,AESRC2020-INDIAN-ACCENT-G23620,8.33,INDIAN,tiny,whisper_norm,gold,with the help of the pla men the old building crumbled away into dust,with the help of the pla men the old building crumbled away into dust,"With the help of the PLA men, the old building crumbled away into dust.",with the help of the pla men the old building crumbled away into dust,0.0,0.0,1.0,1.0
test,AESRC2020-INDIAN-ACCENT-G23620-G23620S1300,AESRC2020-INDIAN-ACCENT-G23620,6.31,INDIAN,tiny,whisper_norm,gold,now lay aside all those thoughts and look to the future,now lay aside all those thoughts and look to the future,Now lay aside all those thoughts and look to the future.,now lay aside all those thoughts and look to the future,0.0,0.0,1.0,1.0
test,AESRC2020-INDIAN-ACCENT-G23620-G23620S2365,AESRC2020-INDIAN-ACCENT-G23620,7.25,INDIAN,tiny,whisper_norm,gold,are there any famous faces in the tribute to robert wyatt music video,are there any famous faces in the tribute to robert wyatt music video,Are there any famous faces in the Tribute to Robert Wyatt Music Video?,are there any famous faces in the tribute to robert wyatt music video,0.0,0.0,1.0,1.0
test,AESRC2020-INDIAN-ACCENT-G23620-G23620S2366,AESRC2020-INDIAN-ACCENT-G23620,4.05,INDIAN,tiny,whisper_norm,gold,what's the best way to get to edmonton,what is the best way to get to edmonton,What's the best way to get to Edmonton?,what is the best way to get to edmonton,0.0,0.0,1.0,1.0
test,AESRC2020-INDIAN-ACCENT-G23620-G23620S3376,AESRC2020-INDIAN-ACCENT-G23620,4.79,INDIAN,tiny,whisper_norm,gold,ask me to do laundry after five minutes,ask me to do laundry after 5 minutes,Ask me to do laundry after 5 minutes.,ask me to do laundry after 5 minutes,0.0,0.0,1.0,1.0
test,AESRC2020-INDIAN-ACCENT-G23622-G23622S1299,AESRC2020-INDIAN-ACCENT-G23622,5.516,INDIAN,tiny,whisper_norm,gold,in the end says ms krebs waste is really a design flaw,in the end says ms krebs waste is really a design flaw,"In the end, says Miss Crap's, waste is really a design flaw.",in the end says miss crap is waste is really a design flaw,0.25,0.1296,0.8333,1.0833
test,AESRC2020-INDIAN-ACCENT-G23622-G23622S1300,AESRC2020-INDIAN-ACCENT-G23622,6.588,INDIAN,tiny,whisper_norm,gold,there is potential for very great returns but there are very very great risks,there is potential for very great returns but there are very very great risks,"There is potential for very great returns, but there are very very great risks.",there is potential for very great returns but there are very very great risks,0.0,0.0,1.0,1.0
test,AESRC2020-INDIAN-ACCENT-G23622-G23622S2365,AESRC2020-INDIAN-ACCENT-G23622,4.34,INDIAN,tiny,whisper_norm,gold,which actors are in queen of ahmednagar,which actors are in queen of ahmednagar,which actors are in Queen of Ahmed Nugger.,which actors are in queen of ahmed nugger,0.2857,0.1026,0.8571,1.1429
test,AESRC2020-INDIAN-ACCENT-G23622-G23622S2366,AESRC2020-INDIAN-ACCENT-G23622,5.187,INDIAN,tiny,whisper_norm,gold,do they have student discount at punjab sweets and restaurant,do they have student discount at punjab sweets and restaurant,"Do they have student discount at Punjab, sweets and restaurant?",do they have student discount at punjab sweets and restaurant,0.0,0.0,1.0,1.0
test,AESRC2020-INDIAN-ACCENT-G23656-G23656S1299,AESRC2020-INDIAN-ACCENT-G23656,4.875,INDIAN,tiny,whisper_norm,gold,do not turn on the laser until the cas aircraft calls for it,do not turn on the laser until the cas aircraft calls for it,Do not turn on the laser until the CAS aircraft calls for it.,do not turn on the laser until the cas aircraft calls for it,0.0,0.0,1.0,1.0
test,AESRC2020-INDIAN-ACCENT-G23656-G23656S1300,AESRC2020-INDIAN-ACCENT-G23656,3.825,INDIAN,tiny,whisper_norm,gold,it actually was a male hitching a ride on a female,it actually was a male hitching a ride on a female,It actually was a male hitching ride on a female.,it actually was a male hitching ride on a female,0.0909,0.04,1.0,0.9091
test,AESRC2020-INDIAN-ACCENT-G23656-G23656S2365,AESRC2020-INDIAN-ACCENT-G23656,4.37,INDIAN,tiny,whisper_norm,gold,how is impatient for pronounced in british english,how is impatient for pronounced in british english,How is impatient for Panad's and British English?,how is impatient for panad is and british english,0.375,0.2,0.75,1.125
test,AESRC2020-INDIAN-ACCENT-G23656-G23656S2366,AESRC2020-INDIAN-ACCENT-G23656,2.674,INDIAN,tiny,whisper_norm,gold,show me mundiyan lyrics,show me mundiyan lyrics,Show me Mundya lyrics.,show me mundya lyrics,0.25,0.087,0.75,1.0
test,AESRC2020-INDIAN-ACCENT-G23669-G23669S1300,AESRC2020-INDIAN-ACCENT-G23669,4.115,INDIAN,tiny,whisper_norm,gold,so i am sorry to say to you today that i am not running,so i am sorry to say to you today that i am not running,"So, I am sorry to say to you today that I am not running.",so i am sorry to say to you today that i am not running,0.0,0.0,1.0,1.0
test,AESRC2020-INDIAN-ACCENT-G23669-G23669S2366,AESRC2020-INDIAN-ACCENT-G23669,3.34,INDIAN,tiny,whisper_norm,gold,i want to know other ways to listen to addict,i want to know other ways to listen to addict,I want to know other ways to listen to addict.,i want to know other ways to listen to addict,0.0,0.0,1.0,1.0
test,AESRC2020-INDIAN-ACCENT-G23678-G23678S1299,AESRC2020-INDIAN-ACCENT-G23678,4.46,INDIAN,tiny,whisper_norm,gold,the next time i went to the pool showered naked,the next time i went to the pool showered naked,"The next time I went to the pool, Showered naked.",the next time i went to the pool showered naked,0.0,0.0,1.0,1.0
test,AESRC2020-INDIAN-ACCENT-G23678-G23678S1300,AESRC2020-INDIAN-ACCENT-G23678,4.6,INDIAN,tiny,whisper_norm,gold,have you read any reference books to guide you to write,have you read any reference books to guide you to write,Have you read any reference books to guide you to write?,have you read any reference books to guide you to write,0.0,0.0,1.0,1.0
test,AESRC2020-INDIAN-ACCENT-G23678-G23678S2364,AESRC2020-INDIAN-ACCENT-G23678,4.513,INDIAN,tiny,whisper_norm,gold,i want to know the seven day weather forecast in malartic,i want to know the 7 day weather forecast in malartic,I want to know the 7 day weather forecast in Malar Tick.,i want to know the 7 day weather forecast in malar tick,0.1818,0.0377,0.9091,1.0909
test,AESRC2020-INDIAN-ACCENT-G23678-G23678S2366,AESRC2020-INDIAN-ACCENT-G23678,3.284,INDIAN,tiny,whisper_norm,gold,where can i try local food in bettiah,where can i try local food in bettiah,Where can I try local food in Betya?,where can i try local food in betya,0.125,0.0811,0.875,1.0
test,AESRC2020-INDIAN-ACCENT-G23685-G23685S1299,AESRC2020-INDIAN-ACCENT-G23685,6.029,INDIAN,tiny,whisper_norm,gold,such usage poses no problems and is quite common,such usage poses no problems and is quite common,"Such usage process, no problems and it's quite common.",such usage process no problems and it is quite common,0.2222,0.125,0.8889,1.1111
test,AESRC2020-INDIAN-ACCENT-G23685-G23685S1300,AESRC2020-INDIAN-ACCENT-G23685,6.335,INDIAN,tiny,whisper_norm,gold,in the economic sphere the state ought to exercise control but ought to do others,in the economic sphere the state ought to exercise control but ought to do others,"In the economic sphere, the state out to exercise control, but out to do others.",in the economic sphere the state out to exercise control but out to do others,0.1333,0.0494,0.9167,1.0
test,AESRC2020-INDIAN-ACCENT-G23685-G23685S2364,AESRC2020-INDIAN-ACCENT-G23685,4.47,INDIAN,tiny,whisper_norm,gold,play songs by benedict silberman orchestra and chorus,play songs by benedict silberman orchestra and chorus,"play songs by Benny Dick, Silverman, Orchestral and Coral.",play songs by benny dick silverman orchestral and coral,0.625,0.1698,0.5,1.125
test,AESRC2020-INDIAN-ACCENT-G23685-G23685S2365,AESRC2020-INDIAN-ACCENT-G23685,3.99,INDIAN,tiny,whisper_norm,gold,do they take card at welcome fast food corner,do they take card at welcome fast food corner,Do they take a card at welcome fast food corner?,do they take a card at welcome fast food corner,0.1111,0.0444,1.0,1.1111
test,AESRC2020-INDIAN-ACCENT-G23687-G23687S1299,AESRC2020-INDIAN-ACCENT-G23687,5.347,INDIAN,tiny,whisper_norm,gold,please tie up the cover and the cap to avoid moisture inside,please tie up the cover and the cap to avoid moisture inside,Please tie up the cover and the cap to avoid moisture inside.,please tie up the cover and the cap to avoid moisture inside,0.0,0.0,1.0,1.0
test,AESRC2020-INDIAN-ACCENT-G23687-G23687S1300,AESRC2020-INDIAN-ACCENT-G23687,4.485,INDIAN,tiny,whisper_norm,gold,how many kilograms of luggage can carry with me,how many kilograms of luggage can carry with me,How many kilograms of luggage can carry with me?,how many kilograms of luggage can carry with me,0.0,0.0,1.0,1.0
test,AESRC2020-INDIAN-ACCENT-G23687-G23687S2364,AESRC2020-INDIAN-ACCENT-G23687,3.996,INDIAN,tiny,whisper_norm,gold,which hotels are similar to hotel pushpak,which hotels are similar to hotel pushpak,which hotes are similar to hotes push pup.,which hotes are similar to hotes push pup,0.5714,0.122,0.5714,1.1429
test,AESRC2020-INDIAN-ACCENT-G23687-G23687S2365,AESRC2020-INDIAN-ACCENT-G23687,3.511,INDIAN,tiny,whisper_norm,gold,what genre is the song all the stars,what genre is the song all the stars,What genre is the song all the stars?,what genre is the song all the stars,0.0,0.0,1.0,1.0
test,AESRC2020-INDIAN-ACCENT-G23687-G23687S3376,AESRC2020-INDIAN-ACCENT-G23687,2.28,INDIAN,tiny,whisper_norm,gold,it is very cold,it is very cold,It is very cold.,it is very cold,0.0,0.0,1.0,1.0
test,AESRC2020-INDIAN-ACCENT-G23715-G23715S1299,AESRC2020-INDIAN-ACCENT-G23715,4.624,INDIAN,tiny,whisper_norm,gold,bootstrap bill you are a liar and you will spend an eternity on this ship,bootstrap bill you are a liar and you will spend an eternity on this ship,Bootstrap build your a layer and you will spend an eternity on this ship.,bootstrap build your a layer and you will spend an eternity on this ship,0.2667,0.1096,0.7857,0.9333
test,AESRC2020-INDIAN-ACCENT-G23715-G23715S1300,AESRC2020-INDIAN-ACCENT-G23715,4.763,INDIAN,tiny,whisper_norm,gold,the contents of the articles may be summed up in a few words,the contents of the articles may be summed up in a few words,The contents of the articles may be summed up in a few words.,the contents of the articles may be summed up in a few words,0.0,0.0,1.0,1.0
test,AESRC2020-INDIAN-ACCENT-G23715-G23715S2372,AESRC2020-INDIAN-ACCENT-G23715,2.851,INDIAN,tiny,whisper_norm,gold,will ezza have a concert soon,will ezza have a concert soon,Will Eza have a concert soon?,will eza have a concert soon,0.1667,0.0345,0.8333,1.0
test,AESRC2020-INDIAN-ACCENT-G23715-G23715S2373,AESRC2020-INDIAN-ACCENT-G23715,4.694,INDIAN,tiny,whisper_norm,gold,are there are places not worth going to in saint pierre and miquelon,are there are places not worth going to in saint pierre and miquelon,Are there our places not worth going to in San Piri and Mikkulan?,are there our places not worth going to in san piri and mikkulan,0.3077,0.1765,0.75,1.0
test,AESRC2020-INDIAN-ACCENT-G23715-G23715S3378,AESRC2020-INDIAN-ACCENT-G23715,4.326,INDIAN,tiny,whisper_norm,gold,it'd be soothing if the direction could be a little better,it would be soothing if the direction could be a little better,It would be soothing if the direction could be a little better.,it would be soothing if the direction could be a little better,0.0,0.0,1.0,1.0
test,AESRC2020-INDIAN-ACCENT-G23739-G23739S1299,AESRC2020-INDIAN-ACCENT-G23739,4.611,INDIAN,tiny,whisper_norm,gold,did you see the old man with a walking stick in his right hand,did you see the old man with a walking stick in his right hand,Did you see the old man with a walking stick in his right hand?,did you see the old man with a walking stick in his right hand,0.0,0.0,1.0,1.0
test,AESRC2020-INDIAN-ACCENT-G23739-G23739S1300,AESRC2020-INDIAN-ACCENT-G23739,5.135,INDIAN,tiny,whisper_norm,gold,how i've longed to be loved yet all i do is hurt other people,how i have longed to be loved yet all i do is hurt other people,"How I have long to be loved, get all I do is hurt other people.",how i have long to be loved get all i do is hurt other people,0.1333,0.0476,0.8571,1.0
test,AESRC2020-INDIAN-ACCENT-G23739-G23739S2370,AESRC2020-INDIAN-ACCENT-G23739,4.579,INDIAN,tiny,whisper_norm,gold,what ways can i listen to it really hurts to me girl,what ways can i listen to it really hurts to me girl,"What way can I listen to it really hurts to me, girl?",what way can i listen to it really hurts to me girl,0.0833,0.0192,0.9091,1.0
test,AESRC2020-INDIAN-ACCENT-G23739-G23739S2373,AESRC2020-INDIAN-ACCENT-G23739,4.238,INDIAN,tiny,whisper_norm,gold,add nutritiously nicola to my watch list,add nutritiously nicola to my watch list,And nutritiously Nikola to my watch list.,and nutritiously nikola to my watch list,0.2857,0.05,0.7143,1.0
test,AESRC2020-INDIAN-ACCENT-G23739-G23739S3378,AESRC2020-INDIAN-ACCENT-G23739,2.375,INDIAN,tiny,whisper_norm,gold,please turn off the tv,please turn off the tv,Please turn off the TV.,please turn off the tv,0.0,0.0,1.0,1.0
test,AESRC2020-INDIAN-ACCENT-G23742-G23742S2373,AESRC2020-INDIAN-ACCENT-G23742,3.805,INDIAN,tiny,whisper_norm,gold,does an education have subtitles,does an education have subtitles,Does an education have subtitles?,does an education have subtitles,0.0,0.0,1.0,1.0
test,AESRC2020-INDIAN-ACCENT-G23742-G23742S3378,AESRC2020-INDIAN-ACCENT-G23742,2.63,INDIAN,tiny,whisper_norm,gold,remind me at six pm,remind me at 6 pm,Remind me at 6pm.,remind me at 6 pm,0.0,0.0,1.0,1.0
test,AESRC2020-INDIAN-ACCENT-G23773-G23773S1299,AESRC2020-INDIAN-ACCENT-G23773,4.243,INDIAN,tiny,whisper_norm,gold,what are we going to do force them not to change their mind,what are we going to do force them not to change their mind,What will we going to do? Force them not to change their mind.,what will we going to do force them not to change their mind,0.0769,0.0678,0.9167,1.0
test,AESRC2020-INDIAN-ACCENT-G23773-G23773S1300,AESRC2020-INDIAN-ACCENT-G23773,5.56,INDIAN,tiny,whisper_norm,gold,she be in town on friday and then away for the rest of the weekend,she be in town on friday and then away for the rest of the weekend,She be in town on Friday and then away for the rest of the weekend.,she be in town on friday and then away for the rest of the weekend,0.0,0.0,1.0,1.0
test,AESRC2020-INDIAN-ACCENT-G23773-G23773S2372,AESRC2020-INDIAN-ACCENT-G23773,2.41,INDIAN,tiny,whisper_norm,gold,where can i watch patton,where can i watch patton,Rick and I watch Fatty.,rick and i watch fatty,0.6,0.4167,0.4,1.0
test,AESRC2020-INDIAN-ACCENT-G23773-G23773S2373,AESRC2020-INDIAN-ACCENT-G23773,4.509,INDIAN,tiny,whisper_norm,gold,are there any must try local snacks in cowansville,are there any must try local snacks in cowansville,Are there any must try local snacks and comments will?,are there any must try local snacks and comments will,0.3333,0.18,0.7778,1.1111
test,AESRC2020-INDIAN-ACCENT-G23773-G23773S3378,AESRC2020-INDIAN-ACCENT-G23773,2.759,INDIAN,tiny,whisper_norm,gold,displey time after ten minutes,displey time after 10 minutes,Display time after 10 minutes.,display time after 10 minutes,0.2,0.0345,0.8,1.0
test,AESRC2020-INDIAN-ACCENT-G23817-G23817S1298,AESRC2020-INDIAN-ACCENT-G23817,6.12,INDIAN,tiny,whisper_norm,gold,have a very precious gift i'll give it to you that i a pure heart,have a very precious gift i will give it to you that i a pure heart,"I have a very precious gift, I will give it to you that I appear hard.",i have a very precious gift i will give it to you that i appear hard,0.25,0.1194,0.8571,1.0
test,AESRC2020-INDIAN-ACCENT-G23817-G23817S1300,AESRC2020-INDIAN-ACCENT-G23817,7.44,INDIAN,tiny,whisper_norm,gold,is the protest an official statement of the cause for the loss of the goods,is the protest an official statement of the cause for the loss of the goods,He is the protest and official statement of the cause for the loss of the goods.,he is the protest and official statement of the cause for the loss of the goods,0.1333,0.0533,0.9091,1.0667
test,AESRC2020-INDIAN-ACCENT-G23817-G23817S2372,AESRC2020-INDIAN-ACCENT-G23817,5.61,INDIAN,tiny,whisper_norm,gold,are there places to learn about history in st asaph,are there places to learn about history in saint asaph,are their places to learn about history in Sand Asaf.,are their places to learn about history in sand asaf,0.3,0.1111,0.7,1.0
test,AESRC2020-INDIAN-ACCENT-G23817-G23817S2373,AESRC2020-INDIAN-ACCENT-G23817,4.525,INDIAN,tiny,whisper_norm,gold,what is the best way to get to thunder bay,what is the best way to get to thunder bay,What is the best way to get to Thunder Bay?,what is the best way to get to thunder bay,0.0,0.0,1.0,1.0
test,AESRC2020-INDIAN-ACCENT-G23817-G23817S3378,AESRC2020-INDIAN-ACCENT-G23817,2.215,INDIAN,tiny,whisper_norm,gold,i want more wind,i want more wind,I want more wind.,i want more wind,0.0,0.0,1.0,1.0
test,AESRC2020-INDIAN-ACCENT-G23819-G23819S1298,AESRC2020-INDIAN-ACCENT-G23819,6.063,INDIAN,tiny,whisper_norm,gold,most of the time an ajax application needs only a single web page,most of the time an ajax application needs only a single web page,"Most of the time, in the Jack's application, needs only a single webpage.",most of the time in the jack is application needs only a single webpage,0.4615,0.1692,0.6923,1.0769
test,AESRC2020-INDIAN-ACCENT-G23819-G23819S1299,AESRC2020-INDIAN-ACCENT-G23819,4.455,INDIAN,tiny,whisper_norm,gold,they want to have a purpose and feel like they are making a difference,they want to have a purpose and feel like they are making a difference,They want to have a purpose and feel like they are making a difference.,they want to have a purpose and feel like they are making a difference,0.0,0.0,1.0,1.0
test,AESRC2020-INDIAN-ACCENT-G23819-G23819S2370,AESRC2020-INDIAN-ACCENT-G23819,3.352,INDIAN,tiny,whisper_norm,gold,has steely dan been nominated for anything,has steely dan been nominated for anything,has really done been nominated for anything?,has really done been nominated for anything,0.2857,0.1429,0.7143,1.0
test,AESRC2020-INDIAN-ACCENT-G23819-G23819S2373,AESRC2020-INDIAN-ACCENT-G23819,3.846,INDIAN,tiny,whisper_norm,gold,who features in what can i do if the fire goes out,who features in what can i do if the fire goes out,Who features in what can I do if the fire goes out?,who features in what can i do if the fire goes out,0.0,0.0,1.0,1.0
test,AESRC2020-INDIAN-ACCENT-G23821-G23821S1299,AESRC2020-INDIAN-ACCENT-G23821,6.815,INDIAN,tiny,whisper_norm,gold,this is the last party we shall give so let's really push the boat out,this is the last party we shall give so let us really push the boat out,This is the last party we shall give. So let's really push the boat out.,this is the last party we shall give so let us really push the boat out,0.0,0.0,1.0,1.0
test,AESRC2020-INDIAN-ACCENT-G23821-G23821S1300,AESRC2020-INDIAN-ACCENT-G23821,7.415,INDIAN,tiny,whisper_norm,gold,life is an experiment in the use of free will and personal creativity,life is an experiment in the use of free will and personal creativity,Life is an experiment in the use of free will and personal creativity.,life is an experiment in the use of free will and personal creativity,0.0,0.0,1.0,1.0
test,AESRC2020-INDIAN-ACCENT-G23821-G23821S2372,AESRC2020-INDIAN-ACCENT-G23821,6.57,INDIAN,tiny,whisper_norm,gold,where are the recommended eating places in hashemite kingdom of jordan,where are the recommended eating places in hashemite kingdom of jordan,Where are the recommended eating places in hash might kingdom of Jordan?,where are the recommended eating places in hash might kingdom of jordan,0.1818,0.0571,0.9091,1.0909
test,AESRC2020-INDIAN-ACCENT-G23821-G23821S2373,AESRC2020-INDIAN-ACCENT-G23821,4.725,INDIAN,tiny,whisper_norm,gold,how many songs have the same name as runaway,how many songs have the same name as runaway,How many songs have the same name as Runaway?,how many songs have the same name as runaway,0.0,0.0,1.0,1.0
test,AESRC2020-INDIAN-ACCENT-G23821-G23821S3378,AESRC2020-INDIAN-ACCENT-G23821,3.765,INDIAN,tiny,whisper_norm,gold,i'm going to turn on the sweeping robot,i am going to turn on the sweeping robot,I am going to turn on the sweeping robot.,i am going to turn on the sweeping robot,0.0,0.0,1.0,1.0
test,AESRC2020-INDIAN-ACCENT-G23916-G23916S1299,AESRC2020-INDIAN-ACCENT-G23916,6.128,INDIAN,tiny,whisper_norm,gold,the first winter olympics to be held in asia open in sapporo japan,the 1st winter olympics to be held in asia open in sapporo japan,"The first winter Olympics to be held in Asia opened in Sapporo, Japan.",the 1st winter olympics to be held in asia opened in sapporo japan,0.0769,0.0312,0.9167,1.0
test,AESRC2020-INDIAN-ACCENT-G23916-G23916S1300,AESRC2020-INDIAN-ACCENT-G23916,6.205,INDIAN,tiny,whisper_norm,gold,right now they are just trying to get rough control of the site,right now they are just trying to get rough control of the site,"Right now, they are just trying to get rough control of the side.",right now they are just trying to get rough control of the side,0.0769,0.0159,0.9231,1.0
test,AESRC2020-INDIAN-ACCENT-G23916-G23916S2371,AESRC2020-INDIAN-ACCENT-G23916,3.685,INDIAN,tiny,whisper_norm,gold,what can i do at night in cape town,what can i do at night in cape town,What can I do at night in Cape Town?,what can i do at night in cape town,0.0,0.0,1.0,1.0
test,AESRC2020-INDIAN-ACCENT-G23916-G23916S2373,AESRC2020-INDIAN-ACCENT-G23916,3.718,INDIAN,tiny,whisper_norm,gold,are there any hostels in rambaud,are there any hostels in rambaud,Are there any hostels in Remboode?,are there any hostels in remboode,0.1667,0.125,0.8333,1.0
test,AESRC2020-INDIAN-ACCENT-G23930-G23930S1297,AESRC2020-INDIAN-ACCENT-G23930,6.33,INDIAN,tiny,whisper_norm,gold,he again felt supremely confident about the exam he was going to face,he again felt supremely confident about the exam he was going to face,He again felt supremely confident about the exam he was going to face.,he again felt supremely confident about the exam he was going to face,0.0,0.0,1.0,1.0
test,AESRC2020-INDIAN-ACCENT-G23930-G23930S2372,AESRC2020-INDIAN-ACCENT-G23930,4.29,INDIAN,tiny,whisper_norm,gold,what year did lay this burden down come out,what year did lay this burden down come out,What he had did lay this burden down come out.,what he had did lay this burden down come out,0.2222,0.093,0.8889,1.1111
test,AESRC2020-INDIAN-ACCENT-G23930-G23930S2373,AESRC2020-INDIAN-ACCENT-G23930,3.56,INDIAN,tiny,whisper_norm,gold,is atrium hotel adult only,is atrium hotel adult only,is a dream hotel adult only.,is a dream hotel adult only,0.4,0.1538,0.8,1.2
test,AESRC2020-INDIAN-ACCENT-G23930-G23930S3378,AESRC2020-INDIAN-ACCENT-G23930,4.925,INDIAN,tiny,whisper_norm,gold,my favourite serial is coming soon and i wan to watch it,my favorite serial is coming soon and i wan to watch it,My favorite cereal is coming soon and I want to watch it.,my favorite cereal is coming soon and i want to watch it,0.1667,0.0545,0.8333,1.0
test,AESRC2020-INDIAN-ACCENT-G23944-G23944S1298,AESRC2020-INDIAN-ACCENT-G23944,5.39,INDIAN,tiny,whisper_norm,gold,have any clues been found that can help the police find the criminal,have any clues been found that can help the police find the criminal,Have any clues being found that can help the police find the criminal?,have any clues being found that can help the police find the criminal,0.0769,0.0294,0.9167,1.0
test,AESRC2020-INDIAN-ACCENT-G23944-G23944S1300,AESRC2020-INDIAN-ACCENT-G23944,5.66,INDIAN,tiny,whisper_norm,gold,last night we led on the story of the sacking of a un official,last night we led on the story of the sacking of a un official,"Last night, we led on the story of the second offer UN official.",last night we led on the story of the 2nd offer un official,0.2143,0.1452,0.8333,0.9286
test,AESRC2020-INDIAN-ACCENT-G23944-G23944S2370,AESRC2020-INDIAN-ACCENT-G23944,4.115,INDIAN,tiny,whisper_norm,gold,what kind of food is served at palace of india,what kind of food is served at palace of india,What kind of food is served at Palace of India?,what kind of food is served at palace of india,0.0,0.0,1.0,1.0
test,AESRC2020-INDIAN-ACCENT-G23944-G23944S2372,AESRC2020-INDIAN-ACCENT-G23944,4.075,INDIAN,tiny,whisper_norm,gold,i want to skip the next episode of the cuckoo waltz,i want to skip the next episode of the cuckoo waltz,I want to skip the next episode of the Kuku Worlds.,i want to skip the next episode of the kuku worlds,0.1818,0.1569,0.8,1.0
test,AESRC2020-INDIAN-ACCENT-G23952-G23952S1300,AESRC2020-INDIAN-ACCENT-G23952,5.016,INDIAN,tiny,whisper_norm,gold,yes could you tell me my balance and the rate for swiss francs,yes could you tell me my balance and the rate for swiss francs,"Yes, could you tell me my balance and the rate for Swiss friends?",yes could you tell me my balance and the rate for swiss friends,0.0769,0.0484,0.9231,1.0
test,AESRC2020-INDIAN-ACCENT-G23952-G23952S2373,AESRC2020-INDIAN-ACCENT-G23952,2.81,INDIAN,tiny,whisper_norm,gold,play songs similar to buzzkill,play songs similar to buzzkill,Play songs similar to Buzzkill.,play songs similar to buzzkill,0.0,0.0,1.0,1.0
test,AESRC2020-INDIAN-ACCENT-G24000-G24000S1299,AESRC2020-INDIAN-ACCENT-G24000,9.065,INDIAN,tiny,whisper_norm,gold,the world of advertising is obviously less bound by convention than the world of banking,the world of advertising is obviously less bound by convention than the world of banking,The word of advertising is obviously less bound by Carvinson than the word of banking.,the word of advertising is obviously less bound by carvinson than the word of banking,0.2,0.0795,0.8333,1.0
test,AESRC2020-INDIAN-ACCENT-G24000-G24000S1300,AESRC2020-INDIAN-ACCENT-G24000,6.815,INDIAN,tiny,whisper_norm,gold,we are just trying to get our pictures of the whole afternoon straight,we are just trying to get our pictures of the whole afternoon straight,We are just trying to get our pictures of the whole after-nol a straight.,we are just trying to get our pictures of the whole after nol a straight,0.2308,0.0571,0.9231,1.1538
test,AESRC2020-INDIAN-ACCENT-G24000-G24000S2372,AESRC2020-INDIAN-ACCENT-G24000,4.885,INDIAN,tiny,whisper_norm,gold,does the german paddy cater for vegetarians,does the german paddy cater for vegetarians,Dutch the German Paddy Qatar 4 Vegetarians.,dutch the german paddy qatar 4 vegetarians,0.4286,0.2093,0.5714,1.0
test,AESRC2020-INDIAN-ACCENT-G24000-G24000S2373,AESRC2020-INDIAN-ACCENT-G24000,4.6,INDIAN,tiny,whisper_norm,gold,how fast is the wind blowing in brikama,how fast is the wind blowing in brikama,How fast is the weight blowing in Bricama?,how fast is the weight blowing in bricama,0.25,0.1282,0.75,1.0
test,AESRC2020-INDIAN-ACCENT-G24068-G24068S1300,AESRC2020-INDIAN-ACCENT-G24068,5.201,INDIAN,tiny,whisper_norm,gold,put the other slices on top as for a sandwich and press firmly together,put the other slices on top as for a sandwich and press firmly together,Put the other slices on top as for the sandwich and the press firmly together.,put the other slices on top as for the sandwich and the press firmly together,0.1429,0.0986,0.9286,1.0714
test,AESRC2020-INDIAN-ACCENT-G24068-G24068S2371,AESRC2020-INDIAN-ACCENT-G24068,2.754,INDIAN,tiny,whisper_norm,gold,find similar artist to ride,find similar artist to ride,Find similar artists to ride.,find similar artists to ride,0.2,0.037,0.8,1.0
test,AESRC2020-INDIAN-ACCENT-G24068-G24068S2373,AESRC2020-INDIAN-ACCENT-G24068,2.891,INDIAN,tiny,whisper_norm,gold,switch to ronnie hilton songs,switch to ronnie hilton songs,switch to Ronnie Hildern songs.,switch to ronnie hildern songs,0.2,0.1034,0.8,1.0
test,AESRC2020-INDIAN-ACCENT-G24068-G24068S3378,AESRC2020-INDIAN-ACCENT-G24068,2.65,INDIAN,tiny,whisper_norm,gold,change the direction to the left,change the direction to the left,change the direction to the left.,change the direction to the left,0.0,0.0,1.0,1.0
test,AESRC2020-INDIAN-ACCENT-G32335-G32335S1299,AESRC2020-INDIAN-ACCENT-G32335,5.495,INDIAN,tiny,whisper_norm,gold,what he is talking about is just a castle in the air,what he is talking about is just a castle in the air,What he is talking about is just a castle in the air.,what he is talking about is just a castle in the air,0.0,0.0,1.0,1.0
test,AESRC2020-INDIAN-ACCENT-G32335-G32335S1300,AESRC2020-INDIAN-ACCENT-G32335,6.315,INDIAN,tiny,whisper_norm,gold,b a stream was winding its way through the valley into the sea,b a stream was winding its way through the valley into the sea,We stream bars winding its way through the valley into the sea.,we stream bars winding its way through the valley into the sea,0.2308,0.0806,0.75,0.9231
test,AESRC2020-INDIAN-ACCENT-G32335-G32335S2354,AESRC2020-INDIAN-ACCENT-G32335,2.88,INDIAN,tiny,whisper_norm,gold,where is vanakamal hotel,where is vanakamal hotel,Where is one common hotel?,where is one common hotel,0.5,0.375,0.75,1.25
test,AESRC2020-INDIAN-ACCENT-G32335-G32335S2355,AESRC2020-INDIAN-ACCENT-G32335,5.815,INDIAN,tiny,whisper_norm,gold,is the movie forsaken love based on a true story,is the movie forsaken love based on a true story,is the movie for second love based on a true story.,is the movie for 2nd love based on a true story,0.2,0.1042,0.9,1.1
test,AESRC2020-INDIAN-ACCENT-G32507-G32507S1299,AESRC2020-INDIAN-ACCENT-G32507,6.505,INDIAN,tiny,whisper_norm,gold,he returned to britain so that he could indulge his passion for football,he returned to britain so that he could indulge his passion for football,He returned to Britain so that he could indulge his passion for football.,he returned to britain so that he could indulge his passion for football,0.0,0.0,1.0,1.0
test,AESRC2020-INDIAN-ACCENT-G32507-G32507S1300,AESRC2020-INDIAN-ACCENT-G32507,5.53,INDIAN,tiny,whisper_norm,gold,you have to do your own due diligence even with experts,you have to do your own due diligence even with experts,You have to do your own DOD legends even with experts.,you have to do your own dod legends even with experts,0.1818,0.1273,0.8182,1.0
test,AESRC2020-INDIAN-ACCENT-G32507-G32507S2353,AESRC2020-INDIAN-ACCENT-G32507,7.555,INDIAN,tiny,whisper_norm,gold,how long does it take to get to sai ram educational trust group of institutions,how long does it take to get to sai ram educational trust group of institutions,How long does it take to get 2-cyram educational trust group of institutions?,how long does it take to get 2 cyram educational trust group of institutions,0.2,0.0759,0.8571,0.9333
test,AESRC2020-INDIAN-ACCENT-G32507-G32507S2355,AESRC2020-INDIAN-ACCENT-G32507,5.016,INDIAN,tiny,whisper_norm,gold,change the movie to one like a full moon night in spring,change the movie to one like a full moon night in spring,Change the movie to one like a full moon night in spring.,change the movie to one like a full moon night in spring,0.0,0.0,1.0,1.0
test,AESRC2020-INDIAN-ACCENT-G32591-G32591S1300,AESRC2020-INDIAN-ACCENT-G32591,4.652,INDIAN,tiny,whisper_norm,gold,my company is a main and export business of the private sector,my company is a main and export business of the private sector,My company is a main and export business of the private sector.,my company is a main and export business of the private sector,0.0,0.0,1.0,1.0
test,AESRC2020-INDIAN-ACCENT-G32591-G32591S2355,AESRC2020-INDIAN-ACCENT-G32591,2.652,INDIAN,tiny,whisper_norm,gold,i want to recharge my phone's data,i want to recharge my phone is data,I want to recharge my phones data.,i want to recharge my phones data,0.25,0.0571,0.75,0.875
test,AESRC2020-INDIAN-ACCENT-G32633-G32633S1298,AESRC2020-INDIAN-ACCENT-G32633,5.324,INDIAN,tiny,whisper_norm,gold,once we get there i'll have your ride fixed up in a jiffy,once we get there i will have your ride fixed up in a jiffy,"Once we get there, I'll have your right fixed up in a df.",once we get there i will have your right fixed up in a df,0.1429,0.1186,0.8571,1.0
test,AESRC2020-INDIAN-ACCENT-G32633-G32633S2354,AESRC2020-INDIAN-ACCENT-G32633,2.626,INDIAN,tiny,whisper_norm,gold,what is the plot of father india,what is the plot of father india,What is the plot of father India?,what is the plot of father india,0.0,0.0,1.0,1.0
test,AESRC2020-INDIAN-ACCENT-G32633-G32633S2355,AESRC2020-INDIAN-ACCENT-G32633,4.132,INDIAN,tiny,whisper_norm,gold,what is the u v index in st albans,what is the u v index in saint albans,What is the UV index in state advance?,what is the uv index in state advance,0.4444,0.2432,0.5556,0.8889
test,AESRC2020-INDIAN-ACCENT-G32633-G32633S3370,AESRC2020-INDIAN-ACCENT-G32633,2.217,INDIAN,tiny,whisper_norm,gold,plug in the sweeping robot,plug in the sweeping robot,Plug in the sweeping robot.,plug in the sweeping robot,0.0,0.0,1.0,1.0
test,AESRC2020-INDIAN-ACCENT-G32673-G32673S1299,AESRC2020-INDIAN-ACCENT-G32673,6.705,INDIAN,tiny,whisper_norm,gold,the fund buys a stocks it considers inexpensive and holds them a long time,the fund buys a stocks it considers inexpensive and holds them a long time,The funbys stalks it considers inexpensive and holds them a long time.,the funbys stalks it considers inexpensive and holds them a long time,0.2857,0.0946,0.7692,0.8571
test,AESRC2020-INDIAN-ACCENT-G32673-G32673S2354,AESRC2020-INDIAN-ACCENT-G32673,2.853,INDIAN,tiny,whisper_norm,gold,how much will it rain in charlotte,how much will it rain in charlotte,How much will it rain in charlatte?,how much will it rain in charlatte,0.1429,0.0294,0.8571,1.0
test,AESRC2020-INDIAN-ACCENT-G32673-G32673S3370,AESRC2020-INDIAN-ACCENT-G32673,1.68,INDIAN,tiny,whisper_norm,gold,play music,play music,Play music.,play music,0.0,0.0,1.0,1.0
test,AESRC2020-INDIAN-ACCENT-G32681-G32681S1299,AESRC2020-INDIAN-ACCENT-G32681,4.489,INDIAN,tiny,whisper_norm,gold,do you expect to publish any of his work in the near future,do you expect to publish any of his work in the near future,Do you expect to publish any of his work in the near future?,do you expect to publish any of his work in the near future,0.0,0.0,1.0,1.0
test,AESRC2020-INDIAN-ACCENT-G32681-G32681S1300,AESRC2020-INDIAN-ACCENT-G32681,4.756,INDIAN,tiny,whisper_norm,gold,she has to shut the dog in all day while she is at work,she has to shut the dog in all day while she is at work,She has to shirt the dog in all day while she is at work.,she has to shirt the dog in all day while she is at work,0.0714,0.0364,0.9231,1.0
test,AESRC2020-INDIAN-ACCENT-G32681-G32681S2354,AESRC2020-INDIAN-ACCENT-G32681,2.868,INDIAN,tiny,whisper_norm,gold,is there free wifi at vishnu hotel,is there free wifi at vishnu hotel,Is there free wifi at least not there?,is there free wifi at least not there,0.4286,0.3235,0.7143,1.1429
test,AESRC2020-INDIAN-ACCENT-G32681-G32681S2355,AESRC2020-INDIAN-ACCENT-G32681,4.278,INDIAN,tiny,whisper_norm,gold,when did banda ola azul de zirahuen first debut,when did banda ola azul de zirahuen 1st debut,"n one, 0, is 1 first debit.",n one 0 is 11st debit,1.0,0.6889,0.0,0.6667
test,AESRC2020-INDIAN-ACCENT-G32685-G32685S1297,AESRC2020-INDIAN-ACCENT-G32685,6.09,INDIAN,tiny,whisper_norm,gold,on a shelf in his study are two of his latest finds,on a shelf in his study are 2 of his latest finds,"On a self-inhege study, R2 of his latest finds.",on a self inhege study r 2 of his latest finds,0.3333,0.1429,0.7273,0.9167
test,AESRC2020-INDIAN-ACCENT-G32685-G32685S1298,AESRC2020-INDIAN-ACCENT-G32685,6.495,INDIAN,tiny,whisper_norm,gold,he does not have any realistic chance of winning the election,he does not have any realistic chance of winning the election,He does not have any realistic chance of winning the election.,he does not have any realistic chance of winning the election,0.0,0.0,1.0,1.0
test,AESRC2020-INDIAN-ACCENT-G32685-G32685S2352,AESRC2020-INDIAN-ACCENT-G32685,5.935,INDIAN,tiny,whisper_norm,gold,i want to know about the cast of the beauty from hell,i want to know about the cast of the beauty from hell,I want to know about the cast of the beauty from Hell.,i want to know about the cast of the beauty from hell,0.0,0.0,1.0,1.0
test,AESRC2020-INDIAN-ACCENT-G32685-G32685S2355,AESRC2020-INDIAN-ACCENT-G32685,6.585,INDIAN,tiny,whisper_norm,gold,explain the plot of the show the suite life of karan and kabir,explain the plot of the show the suite life of karan and kabir,"Explain the plot of the so the suit, life of Kerala and Kabir.",explain the plot of the so the suit life of kerala and kabir,0.2308,0.0968,0.7,1.0
test,AESRC2020-INDIAN-ACCENT-G32685-G32685S3368,AESRC2020-INDIAN-ACCENT-G32685,5.945,INDIAN,tiny,whisper_norm,gold,i am feeling very cold please turn the air conditioner off,i am feeling very cold please turn the air conditioner off,I am feeling very cold please turn the air conditioner off.,i am feeling very cold please turn the air conditioner off,0.0,0.0,1.0,1.0
test,AESRC2020-INDIAN-ACCENT-G32698-G32698S1299,AESRC2020-INDIAN-ACCENT-G32698,4.97,INDIAN,tiny,whisper_norm,gold,we will accept the price reduction on radios as an introductory line,we will accept the price reduction on radios as an introductory line,We will accept the price reduction on radios as an introductory line.,we will accept the price reduction on radios as an introductory line,0.0,0.0,1.0,1.0
test,AESRC2020-INDIAN-ACCENT-G32698-G32698S2355,AESRC2020-INDIAN-ACCENT-G32698,3.506,INDIAN,tiny,whisper_norm,gold,tell me how jackie and jackie became an artist,tell me how jackie and jackie became an artist,Tell me how Jackie Anjaki became an artist.,tell me how jackie anjaki became an artist,0.2222,0.087,0.875,0.8889
test,AESRC2020-INDIAN-ACCENT-G32774-G32774S2355,AESRC2020-INDIAN-ACCENT-G32774,5.1,INDIAN,tiny,whisper_norm,gold,i want to know the origin of have one's hands fully,i want to know the origin of have one is hands fully,I want to know the origin of have burns hands fully.,i want to know the origin of have burns hands fully,0.1667,0.0962,0.8333,0.9167
test,AESRC2020-INDIAN-ACCENT-G32774-G32774S3370,AESRC2020-INDIAN-ACCENT-G32774,3.397,INDIAN,tiny,whisper_norm,gold,i am not having more pictures today,i am not having more pictures today,I am not having more pictures today.,i am not having more pictures today,0.0,0.0,1.0,1.0
test,AESRC2020-INDIAN-ACCENT-G32872-G32872S1300,AESRC2020-INDIAN-ACCENT-G32872,6.174,INDIAN,tiny,whisper_norm,gold,i am trying to get the facts right while there is still time,i am trying to get the facts right while there is still time,"I am trying to get the facts, right? While there is still time.",i am trying to get the facts right while there is still time,0.0,0.0,1.0,1.0
test,AESRC2020-INDIAN-ACCENT-G32872-G32872S2354,AESRC2020-INDIAN-ACCENT-G32872,4.18,INDIAN,tiny,whisper_norm,gold,what is the name of the episode of life of pi,what is the name of the episode of life of pi,What is the name of the episode of Life of Pai?,what is the name of the episode of life of pai,0.0909,0.0222,0.875,1.0
test,AESRC2020-INDIAN-ACCENT-G32872-G32872S3370,AESRC2020-INDIAN-ACCENT-G32872,2.156,INDIAN,tiny,whisper_norm,gold,no time to capture,no time to capture,No time to capture.,no time to capture,0.0,0.0,1.0,1.0
test,AESRC2020-INDIAN-ACCENT-G32882-G32882S1300,AESRC2020-INDIAN-ACCENT-G32882,4.28,INDIAN,tiny,whisper_norm,gold,why is mood wave motion of the person answered so big,why is mood wave motion of the person answered so big,Why is mode wave motion of the person answered so big?,why is mode wave motion of the person answered so big,0.0909,0.0377,0.9091,1.0
test,AESRC2020-INDIAN-ACCENT-G32882-G32882S2355,AESRC2020-INDIAN-ACCENT-G32882,2.88,INDIAN,tiny,whisper_norm,gold,are there more songs like elephant,are there more songs like elephant,Are there more songs like Elephant?,are there more songs like elephant,0.0,0.0,1.0,1.0
test,AESRC2020-INDIAN-ACCENT-G32893-G32893S1298,AESRC2020-INDIAN-ACCENT-G32893,4.986,INDIAN,tiny,whisper_norm,gold,this watch cost me a pretty penny and i intend to take care of it,this watch cost me a pretty penny and i intend to take care of it,This watch cost me a pretty penny and I intend to take care of it.,this watch cost me a pretty penny and i intend to take care of it,0.0,0.0,1.0,1.0
test,AESRC2020-INDIAN-ACCENT-G32893-G32893S1299,AESRC2020-INDIAN-ACCENT-G32893,5.29,INDIAN,tiny,whisper_norm,gold,you can think whatever you want but throwing a fit is not going to change anything,you can think whatever you want but throwing a fit is not going to change anything,"You can think whatever you want, but throwing a fit is not going to change anything.",you can think whatever you want but throwing a fit is not going to change anything,0.0,0.0,1.0,1.0
test,AESRC2020-INDIAN-ACCENT-G32893-G32893S2355,AESRC2020-INDIAN-ACCENT-G32893,3.473,INDIAN,tiny,whisper_norm,gold,how long does it take to get to national school of drama,how long does it take to get to national school of drama,How long does it take to get to National School of Drama?,how long does it take to get to national school of drama,0.0,0.0,1.0,1.0
test,AESRC2020-INDIAN-ACCENT-G32893-G32893S3369,AESRC2020-INDIAN-ACCENT-G32893,1.815,INDIAN,tiny,whisper_norm,gold,shut off the oven,shut off the oven,Shut off the oven.,shut off the oven,0.0,0.0,1.0,1.0
test,AESRC2020-INDIAN-ACCENT-G32941-G32941S2353,AESRC2020-INDIAN-ACCENT-G32941,4.873,INDIAN,tiny,whisper_norm,gold,is there recent news about harrdy sandhu,is there recent news about harrdy sandhu,is there recent news about Hardy Sanjo.,is there recent news about hardy sanjo,0.2857,0.1,0.7143,1.0
test,AESRC2020-INDIAN-ACCENT-G32941-G32941S3370,AESRC2020-INDIAN-ACCENT-G32941,5.453,INDIAN,tiny,whisper_norm,gold,please type an email before i leave for airport,please type an email before i leave for airport,Please type and email before I leave for AirFort.,please type and email before i leave for airfort,0.2222,0.0426,0.7778,1.0
test,AESRC2020-INDIAN-ACCENT-G32952-G32952S1299,AESRC2020-INDIAN-ACCENT-G32952,4.41,INDIAN,tiny,whisper_norm,gold,no i do not think i do pleased to meet you,no i do not think i do pleased to meet you,"No, I do not think I do, please to meet you.",no i do not think i do please to meet you,0.0909,0.0238,0.8889,1.0
test,AESRC2020-INDIAN-ACCENT-G32952-G32952S1300,AESRC2020-INDIAN-ACCENT-G32952,5.025,INDIAN,tiny,whisper_norm,gold,there was a police cordon near school where i left your son,there was a police cordon near school where i left your son,There was a police card near school where I left your son.,there was a police card near school where i left your son,0.0833,0.0508,0.9167,1.0
test,AESRC2020-INDIAN-ACCENT-G32952-G32952S2354,AESRC2020-INDIAN-ACCENT-G32952,4.985,INDIAN,tiny,whisper_norm,gold,i want to know where i can watch forbidden love on the big screen,i want to know where i can watch forbidden love on the big screen,I want to know where I can watch forbidden love on the biggest screen.,i want to know where i can watch forbidden love on the biggest screen,0.0714,0.0615,0.9231,1.0
test,AESRC2020-INDIAN-ACCENT-G32952-G32952S2355,AESRC2020-INDIAN-ACCENT-G32952,3.84,INDIAN,tiny,whisper_norm,gold,change the current artist to kishore kumar,change the current artist to kishore kumar,Change the current artist to Kishore Kumar.,change the current artist to kishore kumar,0.0,0.0,1.0,1.0
test,AESRC2020-INDIAN-ACCENT-G32966-G32966S1299,AESRC2020-INDIAN-ACCENT-G32966,5.819,INDIAN,tiny,whisper_norm,gold,if you want to make money you must buy cheap and sell dear,if you want to make money you must buy cheap and sell dear,If you want to make money you must buy cheap and sell deer.,if you want to make money you must buy cheap and sell deer,0.0769,0.0172,0.9167,1.0
test,AESRC2020-INDIAN-ACCENT-G32966-G32966S1300,AESRC2020-INDIAN-ACCENT-G32966,6.049,INDIAN,tiny,whisper_norm,gold,but that is equivalent to a little more than two months not three,but that is equivalent to a little more than 2 months not 3,But that is equivalent to a little more than 2 months or 3.,but that is equivalent to a little more than 2 months or 3,0.0769,0.0339,0.9231,1.0
test,AESRC2020-INDIAN-ACCENT-G32966-G32966S2354,AESRC2020-INDIAN-ACCENT-G32966,6.56,INDIAN,tiny,whisper_norm,gold,i want to know more about dettol hand wash cool pump bottle before i buy,i want to know more about dettol hand wash cool pump bottle before i buy,I want to know more about that Torhan Varskul Pampo TV before I buy.,i want to know more about that torhan varskul pampo tv before i buy,0.4,0.2778,0.5714,0.9333
test,AESRC2020-INDIAN-ACCENT-G32966-G32966S2355,AESRC2020-INDIAN-ACCENT-G32966,8.111,INDIAN,tiny,whisper_norm,gold,where can i experience the most culture in people's democratic republic of algeria,where can i experience the most culture in people is democratic republic of algeria,Where can I experience the most culture in people's democratic Republic of Algeria?,where can i experience the most culture in people is democratic republic of algeria,0.0,0.0,1.0,1.0
test,AESRC2020-INDIAN-ACCENT-G32977-G32977S1298,AESRC2020-INDIAN-ACCENT-G32977,6.665,INDIAN,tiny,whisper_norm,gold,she has been in a good mood recently and so very effective at work,she has been in a good mood recently and so very effective at work,She has been in a good mood recently and so far effective at work.,she has been in a good mood recently and so far effective at work,0.0714,0.0455,0.9286,1.0
test,AESRC2020-INDIAN-ACCENT-G32977-G32977S2354,AESRC2020-INDIAN-ACCENT-G32977,3.373,INDIAN,tiny,whisper_norm,gold,i want to wore the next episode of grimm,i want to wore the next episode of grimm,I want to watch the next episode on GREAM.,i want to watch the next episode on gream,0.3333,0.175,0.6667,1.0
test,AESRC2020-INDIAN-ACCENT-G32980-G32980S1299,AESRC2020-INDIAN-ACCENT-G32980,3.796,INDIAN,tiny,whisper_norm,gold,after the union meeting the workers are all of one mind,after the union meeting the workers are all of one mind,"After the union meeting, the workers are all of one mind.",after the union meeting the workers are all of one mind,0.0,0.0,1.0,1.0
test,AESRC2020-INDIAN-ACCENT-G32980-G32980S1300,AESRC2020-INDIAN-ACCENT-G32980,3.924,INDIAN,tiny,whisper_norm,gold,now he had to live in the home he had built none too well,now he had to live in the home he had built none too well,"Now he had to leave in the home he had built, none to well.",now he had to leave in the home he had built none to well,0.1429,0.0526,0.8333,1.0
test,AESRC2020-INDIAN-ACCENT-G32980-G32980S2354,AESRC2020-INDIAN-ACCENT-G32980,3.776,INDIAN,tiny,whisper_norm,gold,how much is a bus ticket to republic of costa rica,how much is a bus ticket to republic of costa rica,How much is the best ticket to the public of Costa Rica?,how much is the best ticket to the public of costa rica,0.3636,0.16,0.7273,1.0909
test,AESRC2020-INDIAN-ACCENT-G32980-G32980S2355,AESRC2020-INDIAN-ACCENT-G32980,2.943,INDIAN,tiny,whisper_norm,gold,i don't want to watch orphan daughter,i do not want to watch orphan daughter,I don't want to watch or fan daughter.,i do not want to watch or fan daughter,0.25,0.0526,0.875,1.125
test,AESRC2020-INDIAN-ACCENT-G33037-G33037S2364,AESRC2020-INDIAN-ACCENT-G33037,3.345,INDIAN,tiny,whisper_norm,gold,which famous actors are in american beauty,which famous actors are in american beauty,"This famous actress, R.N. American Beauty.",this famous actress r n american beauty,0.5714,0.2143,0.4286,1.0
test,AESRC2020-INDIAN-ACCENT-G33037-G33037S2365,AESRC2020-INDIAN-ACCENT-G33037,3.375,INDIAN,tiny,whisper_norm,gold,how can i book a table at mishtaan restaurant,how can i book a table at mishtaan restaurant,How can a book a table at Mr. and Mr.,how can a book a table at mister and mister,0.4444,0.2889,0.6667,1.1111
test,AESRC2020-INDIAN-ACCENT-G33040-G33040S1299,AESRC2020-INDIAN-ACCENT-G33040,5.04,INDIAN,tiny,whisper_norm,gold,the woman a medic is believed to be from northern ireland,the woman a medic is believed to be from northern ireland,"The woman, a medic, is believed to be from North Hunt Island.",the woman a medic is believed to be from north hunt island,0.2727,0.1053,0.8182,1.0909
test,AESRC2020-INDIAN-ACCENT-G33040-G33040S1300,AESRC2020-INDIAN-ACCENT-G33040,6.23,INDIAN,tiny,whisper_norm,gold,if i played dumb went mute how could i not end up committed somewhere,if i played dumb went mute how could i not end up committed somewhere,"If I played dumb, when mute, how could I not end up committed somewhere?",if i played dumb when mute how could i not end up committed somewhere,0.0714,0.029,0.9231,1.0
test,AESRC2020-INDIAN-ACCENT-G33040-G33040S2364,AESRC2020-INDIAN-ACCENT-G33040,4.24,INDIAN,tiny,whisper_norm,gold,how many series are there in barton fink,how many series are there in barton fink,How many series are there in? Barton Finth,how many series are there in barton finth,0.125,0.05,0.875,1.0
test,AESRC2020-INDIAN-ACCENT-G33040-G33040S2365,AESRC2020-INDIAN-ACCENT-G33040,3.798,INDIAN,tiny,whisper_norm,gold,play the complete the gold must be crazy series,play the complete the gold must be crazy series,"Play the complete The Gold-Mass Pic Crazy series,",play the complete the gold mass pic crazy series,0.2222,0.1064,0.75,1.0
test,AESRC2020-INDIAN-ACCENT-G33140-G33140S1299,AESRC2020-INDIAN-ACCENT-G33140,3.315,INDIAN,tiny,whisper_norm,gold,such a view is not the least bit correct,such a view is not the least bit correct,Such a view is not the least with correct.,such a view is not the least with correct,0.1111,0.05,0.8889,1.0
test,AESRC2020-INDIAN-ACCENT-G33140-G33140S2365,AESRC2020-INDIAN-ACCENT-G33140,2.395,INDIAN,tiny,whisper_norm,gold,put you are a lie on next,put you are a lie on next,Put your life on next.,put your life on next,0.5714,0.24,0.4286,0.7143
test,AESRC2020-INDIAN-ACCENT-G33140-G33140S2366,AESRC2020-INDIAN-ACCENT-G33140,3.075,INDIAN,tiny,whisper_norm,gold,play the first episode of yes boss,play the 1st episode of yes boss,Play the first episode of ESPOS.,play the 1st episode of espos,0.2857,0.125,0.7143,0.8571
test,AESRC2020-INDIAN-ACCENT-G33140-G33140S3375,AESRC2020-INDIAN-ACCENT-G33140,2.515,INDIAN,tiny,whisper_norm,gold,please turn on the story telling machine,please turn on the story telling machine,Please turn on the storytelling machine.,please turn on the storytelling machine,0.2857,0.025,0.7143,0.8571
test,AESRC2020-INDIAN-ACCENT-G33275-G33275S1300,AESRC2020-INDIAN-ACCENT-G33275,3.675,INDIAN,tiny,whisper_norm,gold,he cut the ribbon at the opening of the exhibition,he cut the ribbon at the opening of the exhibition,"Hey Cardi Reben, at the opening of the exhibition.",hey cardi reben at the opening of the exhibition,0.4,0.2,0.625,0.9
test,AESRC2020-INDIAN-ACCENT-G33275-G33275S2355,AESRC2020-INDIAN-ACCENT-G33275,2.91,INDIAN,tiny,whisper_norm,gold,only play songs by maria guleghina,only play songs by maria guleghina,Only place songs by Maria Gulegna.,only place songs by maria gulegna,0.3333,0.1176,0.6667,1.0
test,AESRC2020-INDIAN-ACCENT-G33285-G33285S1299,AESRC2020-INDIAN-ACCENT-G33285,5.898,INDIAN,tiny,whisper_norm,gold,it's okay to let your upper body incline forward a bit,it is okay to let your upper body incline forward a bit,It's okay to let your upper body in-cline or about a bit.,it is okay to let your upper body in cline or about a bit,0.3333,0.1273,0.8333,1.1667
test,AESRC2020-INDIAN-ACCENT-G33285-G33285S3370,AESRC2020-INDIAN-ACCENT-G33285,2.672,INDIAN,tiny,whisper_norm,gold,the fan could be off,the fan could be off,The fan could be off.,the fan could be off,0.0,0.0,1.0,1.0
test,AESRC2020-INDIAN-ACCENT-G33289-G33289S1300,AESRC2020-INDIAN-ACCENT-G33289,7.597,INDIAN,tiny,whisper_norm,gold,those two men are so different in temperament that they were bound across each other,those 2 men are so different in temperament that they were bound across each other,Those two men are so different in temperament that they wear bound across each other.,those 2 men are so different in temperament that they wear bound across each other,0.0667,0.0244,0.9333,1.0
test,AESRC2020-INDIAN-ACCENT-G33289-G33289S2353,AESRC2020-INDIAN-ACCENT-G33289,3.585,INDIAN,tiny,whisper_norm,gold,what is the altitude in nellore,what is the altitude in nellore,What is the altitude in Nellore?,what is the altitude in nellore,0.0,0.0,1.0,1.0
test,AESRC2020-INDIAN-ACCENT-G33289-G33289S2354,AESRC2020-INDIAN-ACCENT-G33289,3.813,INDIAN,tiny,whisper_norm,gold,change the current artist to jassie gift,change the current artist to jassie gift,Change the current artist to Jasi Gift.,change the current artist to jasi gift,0.1429,0.05,0.8571,1.0
test,AESRC2020-INDIAN-ACCENT-G33289-G33289S3370,AESRC2020-INDIAN-ACCENT-G33289,3.41,INDIAN,tiny,whisper_norm,gold,can the heater be turned off,can the heater be turned off,Can the heater be turned off?,can the heater be turned off,0.0,0.0,1.0,1.0
test,AESRC2020-INDIAN-ACCENT-G33409-G33409S1299,AESRC2020-INDIAN-ACCENT-G33409,4.875,INDIAN,tiny,whisper_norm,gold,this is the way we see you as a puppet of the oil companies,this is the way we see you as a puppet of the oil companies,This is the way we see you as a puppet of the oil companies.,this is the way we see you as a puppet of the oil companies,0.0,0.0,1.0,1.0
test,AESRC2020-INDIAN-ACCENT-G33409-G33409S1300,AESRC2020-INDIAN-ACCENT-G33409,4.945,INDIAN,tiny,whisper_norm,gold,demand has the same effect on the height of price as production,demand has the same effect on the height of price as production,demand has the same effect on the height of price as production.,demand has the same effect on the height of price as production,0.0,0.0,1.0,1.0
test,AESRC2020-INDIAN-ACCENT-G33409-G33409S2354,AESRC2020-INDIAN-ACCENT-G33409,6.15,INDIAN,tiny,whisper_norm,gold,i want to know about other shows with the same cast as ekhane aakash neel,i want to know about other shows with the same cast as ekhane aakash neel,I want to know about other shows with the same cast as Econi Akash Nile.,i want to know about other shows with the same cast as econi akash nile,0.2,0.1096,0.8,1.0
test,AESRC2020-INDIAN-ACCENT-G33409-G33409S2355,AESRC2020-INDIAN-ACCENT-G33409,4.115,INDIAN,tiny,whisper_norm,gold,how is the air quality this week in st albans,how is the air quality this week in saint albans,How is the air quality this week in stand-albums?,how is the air quality this week in stand albums,0.2,0.1042,0.8,1.0
test,AESRC2020-INDIAN-ACCENT-G33430-G33430S1300,AESRC2020-INDIAN-ACCENT-G33430,5.705,INDIAN,tiny,whisper_norm,gold,now there were men lying in abiding with her in the chamber,now there were men lying in abiding with her in the chamber,Now they were men lying in abiding with her in the chamber.,now they were men lying in abiding with her in the chamber,0.0833,0.0339,0.9091,1.0
test,AESRC2020-INDIAN-ACCENT-G33430-G33430S2355,AESRC2020-INDIAN-ACCENT-G33430,5.729,INDIAN,tiny,whisper_norm,gold,i want to know the cheapest way to get to federal republic of somalia,i want to know the cheapest way to get to federal republic of somalia,I want to know the cheapest way to get to federal Republic of Somalia.,i want to know the cheapest way to get to federal republic of somalia,0.0,0.0,1.0,1.0
test,AESRC2020-INDIAN-ACCENT-G33434-G33434S1299,AESRC2020-INDIAN-ACCENT-G33434,6.0,INDIAN,tiny,whisper_norm,gold,his path it was known led along a cliff that overhung the river,his path it was known led along a cliff that overhung the river,"His path it was not, let along a cliff that overhang the river.",his path it was not let along a cliff that overhang the river,0.2308,0.0794,0.7692,1.0
test,AESRC2020-INDIAN-ACCENT-G33434-G33434S1300,AESRC2020-INDIAN-ACCENT-G33434,5.414,INDIAN,tiny,whisper_norm,gold,now i could see nothing but his feet moving rapidly in the fancy boots,now i could see nothing but his feet moving rapidly in the fancy boots,Now I could see nothing but his feet moving rapidly in the fancy boots.,now i could see nothing but his feet moving rapidly in the fancy boots,0.0,0.0,1.0,1.0
test,AESRC2020-INDIAN-ACCENT-G33434-G33434S2353,AESRC2020-INDIAN-ACCENT-G33434,4.076,INDIAN,tiny,whisper_norm,gold,i want to know the lyrics to indiana,i want to know the lyrics to indiana,I want to know the lyrics to Indiana.,i want to know the lyrics to indiana,0.0,0.0,1.0,1.0
test,AESRC2020-INDIAN-ACCENT-G33434-G33434S2355,AESRC2020-INDIAN-ACCENT-G33434,4.507,INDIAN,tiny,whisper_norm,gold,has the song mwana oyo won any wards,has the song mwana oyo won any wards,"Hashtag song, whanah or you want any words?",hashtag song whanah or you want any words,0.875,0.3333,0.25,1.0
test,AESRC2020-INDIAN-ACCENT-G33434-G33434S3370,AESRC2020-INDIAN-ACCENT-G33434,2.658,INDIAN,tiny,whisper_norm,gold,make the room warmer,make the room warmer,Make the room warmer.,make the room warmer,0.0,0.0,1.0,1.0
test,AESRC2020-INDIAN-ACCENT-G33464-G33464S1297,AESRC2020-INDIAN-ACCENT-G33464,7.5,INDIAN,tiny,whisper_norm,gold,jennie got up late and in consequence she missed the bus,jennie got up late and in consequence she missed the bus,Jenny got a plate and in consequence she missed the bus.,jenny got a plate and in consequence she missed the bus,0.2727,0.0893,0.7273,1.0
test,AESRC2020-INDIAN-ACCENT-G33464-G33464S1299,AESRC2020-INDIAN-ACCENT-G33464,6.492,INDIAN,tiny,whisper_norm,gold,then press it in you hand until it about the size of an egg,then press it in you hand until it about the size of an egg,Then press 18U and until you about the size of an egg.,then press 18 u and until you about the size of an egg,0.3571,0.1864,0.7692,0.9286
test,AESRC2020-INDIAN-ACCENT-G33464-G33464S2354,AESRC2020-INDIAN-ACCENT-G33464,3.28,INDIAN,tiny,whisper_norm,gold,start the movie vile woman,start the movie vile woman,"Start the movie, while woman.",start the movie while woman,0.2,0.0769,0.8,1.0
test,AESRC2020-INDIAN-ACCENT-G33464-G33464S2355,AESRC2020-INDIAN-ACCENT-G33464,3.683,INDIAN,tiny,whisper_norm,gold,where is a good place to meet friends,where is a good place to meet friends,Where is a good place to meet friends?,where is a good place to meet friends,0.0,0.0,1.0,1.0
test,AESRC2020-INDIAN-ACCENT-G33487-G33487S1199,AESRC2020-INDIAN-ACCENT-G33487,5.312,INDIAN,tiny,whisper_norm,gold,the man can't be trusted he is as slippery as an eel,the man can not be trusted he is as slippery as an eel,"The man can't be trusted, he is as slippery as an eel.",the man can not be trusted he is as slippery as an eel,0.0,0.0,1.0,1.0
test,AESRC2020-INDIAN-ACCENT-G33487-G33487S1200,AESRC2020-INDIAN-ACCENT-G33487,5.565,INDIAN,tiny,whisper_norm,gold,a day's rest he discovered had improved his count by ten,a day is rest he discovered had improved his count by 10,"A day is rest, he discovered, had improved his count by 10.",a day is rest he discovered had improved his count by 10,0.0,0.0,1.0,1.0
test,AESRC2020-INDIAN-ACCENT-G33487-G33487S2349,AESRC2020-INDIAN-ACCENT-G33487,3.31,INDIAN,tiny,whisper_norm,gold,i want to open m indicator,i want to open m indicator,I want to open M indicator.,i want to open m indicator,0.0,0.0,1.0,1.0
test,AESRC2020-INDIAN-ACCENT-G33487-G33487S2350,AESRC2020-INDIAN-ACCENT-G33487,4.628,INDIAN,tiny,whisper_norm,gold,i want to know if canara lodge has any vacancies,i want to know if canara lodge has any vacancies,I want to know if ganara lodge has any vacancies.,i want to know if ganara lodge has any vacancies,0.1,0.0208,0.9,1.0
test,AESRC2020-INDIAN-ACCENT-G33531-G33531S1300,AESRC2020-INDIAN-ACCENT-G33531,3.833,INDIAN,tiny,whisper_norm,gold,we must get the rock out of the path,we must get the rock out of the path,We must get the rock out of the path.,we must get the rock out of the path,0.0,0.0,1.0,1.0
test,AESRC2020-INDIAN-ACCENT-G33531-G33531S2365,AESRC2020-INDIAN-ACCENT-G33531,4.485,INDIAN,tiny,whisper_norm,gold,find more usha mangeshkar music,find more usha mangeshkar music,Find more Ushya Mangayskar music,find more ushya mangayskar music,0.4,0.129,0.6,1.0
test,AESRC2020-INDIAN-ACCENT-G33531-G33531S2366,AESRC2020-INDIAN-ACCENT-G33531,4.436,INDIAN,tiny,whisper_norm,gold,i want to call a taxi to nizamat imambara,i want to call a taxi to nizamat imambara,I want to call Attacksitunizamath Imambarah.,i want to call attacksitunizamath imambarah,0.5556,0.2195,0.5,0.6667
test,AESRC2020-INDIAN-ACCENT-G33531-G33531S3376,AESRC2020-INDIAN-ACCENT-G33531,2.623,INDIAN,tiny,whisper_norm,gold,beep after two hours,beep after 2 hours,Beep after 2 hours.,beep after 2 hours,0.0,0.0,1.0,1.0
test,AESRC2020-INDIAN-ACCENT-G33536-G33536S1298,AESRC2020-INDIAN-ACCENT-G33536,4.975,INDIAN,tiny,whisper_norm,gold,didn't get too close to them in case they were carrying it,did not get too close to them in case they were carrying it,Did not get too close to them in case they were carrying it.,did not get too close to them in case they were carrying it,0.0,0.0,1.0,1.0
test,AESRC2020-INDIAN-ACCENT-G33536-G33536S1299,AESRC2020-INDIAN-ACCENT-G33536,4.05,INDIAN,tiny,whisper_norm,gold,it's not on the front burner as far as i know,it is not on the front burner as far as i know,It's not on the front burner as far as I know.,it is not on the front burner as far as i know,0.0,0.0,1.0,1.0
test,AESRC2020-INDIAN-ACCENT-G33536-G33536S2365,AESRC2020-INDIAN-ACCENT-G33536,5.275,INDIAN,tiny,whisper_norm,gold,show films with the same main actress as fairy of sinhaldwip,show films with the same main actress as fairy of sinhaldwip,Show films with the same man actress as Fairy of Sinhaldeweb.,show films with the same man actress as fairy of sinhaldeweb,0.1818,0.0667,0.8182,1.0
test,AESRC2020-INDIAN-ACCENT-G33536-G33536S2366,AESRC2020-INDIAN-ACCENT-G33536,4.55,INDIAN,tiny,whisper_norm,gold,are there are places not worth going to in mercier,are there are places not worth going to in mercier,"are there, our place is not worth going to immerseer.",are there our place is not worth going to immerseer,0.5,0.18,0.6667,1.0
test,AESRC2020-INDIAN-ACCENT-G33625-G33625S1299,AESRC2020-INDIAN-ACCENT-G33625,4.399,INDIAN,tiny,whisper_norm,gold,i asked her if she was bullied by the other children,i asked her if she was bullied by the other children,I asked her if she was bullied by the other children.,i asked her if she was bullied by the other children,0.0,0.0,1.0,1.0
test,AESRC2020-INDIAN-ACCENT-G33625-G33625S1300,AESRC2020-INDIAN-ACCENT-G33625,4.71,INDIAN,tiny,whisper_norm,gold,why is the money to retain the value of wealth rather than wealth,why is the money to retain the value of wealth rather than wealth,Why is the money to retain the value of wealth rather than wealth?,why is the money to retain the value of wealth rather than wealth,0.0,0.0,1.0,1.0
test,AESRC2020-INDIAN-ACCENT-G33625-G33625S2365,AESRC2020-INDIAN-ACCENT-G33625,4.455,INDIAN,tiny,whisper_norm,gold,when will the next cities of city of rock come out,when will the next cities of city of rock come out,When will the next series of city of Rhoek come out?,when will the next series of city of rhoek come out,0.1818,0.1,0.8,1.0
test,AESRC2020-INDIAN-ACCENT-G33625-G33625S2366,AESRC2020-INDIAN-ACCENT-G33625,3.528,INDIAN,tiny,whisper_norm,gold,where can i watch the show cast away,where can i watch the show cast away,We can avoid the show cast of it.,we can avoid the show cast of it,0.625,0.4167,0.5,1.0
test,AESRC2020-INDIAN-ACCENT-G33631-G33631S1299,AESRC2020-INDIAN-ACCENT-G33631,6.24,INDIAN,tiny,whisper_norm,gold,the program for the building is to be designed by each a studio member,the program for the building is to be designed by each a studio member,The program for the building is to be designed by each studio member.,the program for the building is to be designed by each studio member,0.0714,0.0286,0.9231,0.9286
test,AESRC2020-INDIAN-ACCENT-G33631-G33631S1300,AESRC2020-INDIAN-ACCENT-G33631,6.945,INDIAN,tiny,whisper_norm,gold,finally everything is back the magic to lift the peace of the,finally everything is back the magic to lift the peace of the,"Finally, everything is back the magic to lift the piece of the.",finally everything is back the magic to lift the piece of the,0.0833,0.0328,0.9,1.0
test,AESRC2020-INDIAN-ACCENT-G33631-G33631S2365,AESRC2020-INDIAN-ACCENT-G33631,4.175,INDIAN,tiny,whisper_norm,gold,what rating does the movie father india have,what rating does the movie father india have,What rating does the movie father India have?,what rating does the movie father india have,0.0,0.0,1.0,1.0
test,AESRC2020-INDIAN-ACCENT-G33631-G33631S3376,AESRC2020-INDIAN-ACCENT-G33631,2.815,INDIAN,tiny,whisper_norm,gold,please write a message,please write a message,Please write a message.,please write a message,0.0,0.0,1.0,1.0
test,AESRC2020-INDIAN-ACCENT-G33753-G33753S1300,AESRC2020-INDIAN-ACCENT-G33753,6.525,INDIAN,tiny,whisper_norm,gold,social values and mores need to be considered there are so many variables,social values and mores need to be considered there are so many variables,Shushal values and moves need to be considered. There are so many variables.,shushal values and moves need to be considered there are so many variables,0.1538,0.0685,0.8462,1.0
test,AESRC2020-INDIAN-ACCENT-G33753-G33753S2373,AESRC2020-INDIAN-ACCENT-G33753,4.355,INDIAN,tiny,whisper_norm,gold,how much will a day in newcastle cathedral cost me,how much will a day in newcastle cathedral cost me,"How much will it be in newcastle, cathedrals cost me?",how much will it be in newcastle cathedrals cost me,0.3,0.12,0.7,1.0
test,AESRC2020-INDIAN-ACCENT-G33805-G33805S1299,AESRC2020-INDIAN-ACCENT-G33805,5.54,INDIAN,tiny,whisper_norm,gold,it is so rare that this topic is discussed without the tired old ideas,it is so rare that this topic is discussed without the tired old ideas,It is so rare that this topic is discussed without the tired old ideas.,it is so rare that this topic is discussed without the tired old ideas,0.0,0.0,1.0,1.0
test,AESRC2020-INDIAN-ACCENT-G33805-G33805S1300,AESRC2020-INDIAN-ACCENT-G33805,5.985,INDIAN,tiny,whisper_norm,gold,murmuring softly that they must go somewhere to talk he led her from the garden,murmuring softly that they must go somewhere to talk he led her from the garden,"Marmaring softly that they must go somewhere to talk, he led her from the garden.",marmaring softly that they must go somewhere to talk he led her from the garden,0.0667,0.0253,0.9333,1.0
test,AESRC2020-INDIAN-ACCENT-G33805-G33805S2372,AESRC2020-INDIAN-ACCENT-G33805,2.995,INDIAN,tiny,whisper_norm,gold,what is the temperature in plano,what is the temperature in plano,What is the temperature in Plano?,what is the temperature in plano,0.0,0.0,1.0,1.0
test,AESRC2020-INDIAN-ACCENT-G33805-G33805S2373,AESRC2020-INDIAN-ACCENT-G33805,3.408,INDIAN,tiny,whisper_norm,gold,what can i do at might in hamburg,what can i do at might in hamburg,What can I do at night in Hamburg?,what can i do at night in hamburg,0.125,0.0303,0.875,1.0
test,AESRC2020-INDIAN-ACCENT-G33805-G33805S3378,AESRC2020-INDIAN-ACCENT-G33805,2.605,INDIAN,tiny,whisper_norm,gold,turn on after ten minutes,turn on after 10 minutes,Turn on after 10 minutes.,turn on after 10 minutes,0.0,0.0,1.0,1.0
test,AESRC2020-INDIAN-ACCENT-G33807-G33807S1299,AESRC2020-INDIAN-ACCENT-G33807,5.298,INDIAN,tiny,whisper_norm,gold,she was lying motionless on her back on a small mat under a tree,she was lying motionless on her back on a small mat under a tree,She was lying motionless on her back on a small mat under a tree.,she was lying motionless on her back on a small mat under a tree,0.0,0.0,1.0,1.0
test,AESRC2020-INDIAN-ACCENT-G33807-G33807S1300,AESRC2020-INDIAN-ACCENT-G33807,6.635,INDIAN,tiny,whisper_norm,gold,wow what a beautiful front gate sure i must take a photo here,wow what a beautiful front gate sure i must take a photo here,"Wow, what a beautiful front gate! Sure, I must take a photo here.",wow what a beautiful front gate sure i must take a photo here,0.0,0.0,1.0,1.0
test,AESRC2020-INDIAN-ACCENT-G33807-G33807S2372,AESRC2020-INDIAN-ACCENT-G33807,3.45,INDIAN,tiny,whisper_norm,gold,where is nikitin hotel located,where is nikitin hotel located,Where is Nikitin Hotel located?,where is nikitin hotel located,0.0,0.0,1.0,1.0
test,AESRC2020-INDIAN-ACCENT-G33807-G33807S2373,AESRC2020-INDIAN-ACCENT-G33807,2.864,INDIAN,tiny,whisper_norm,gold,will there be snow in newcastle,will there be snow in newcastle,Will Derby snooze in Newcastle?,will derby snooze in newcastle,0.5,0.2581,0.5,0.8333
test,AESRC2020-INDIAN-ACCENT-G33807-G33807S3378,AESRC2020-INDIAN-ACCENT-G33807,3.197,INDIAN,tiny,whisper_norm,gold,please raise up the temperature by three degrees,please raise up the temperature by 3 degrees,Please raise up the temperature by 3dc.,please raise up the temperature by 3 dc,0.125,0.1364,0.875,1.0
test,AESRC2020-INDIAN-ACCENT-G33814-G33814S1299,AESRC2020-INDIAN-ACCENT-G33814,5.265,INDIAN,tiny,whisper_norm,gold,and when he looked down the hall he saw it disappear under his uncle's door,and when he looked down the hall he saw it disappear under his uncle is door,And when he looked down the hall he saw it disappear under his uncle's door.,and when he looked down the hall he saw it disappear under his uncle is door,0.0,0.0,1.0,1.0
test,AESRC2020-INDIAN-ACCENT-G33814-G33814S1300,AESRC2020-INDIAN-ACCENT-G33814,4.59,INDIAN,tiny,whisper_norm,gold,for a long time a lot of people were not given that opportunity,for a long time a lot of people were not given that opportunity,"For a long time, a lot of people were not given that opportunity.",for a long time a lot of people were not given that opportunity,0.0,0.0,1.0,1.0
test,AESRC2020-INDIAN-ACCENT-G33814-G33814S2372,AESRC2020-INDIAN-ACCENT-G33814,3.11,INDIAN,tiny,whisper_norm,gold,what other songs are like eyes wide,what other songs are like eyes wide,What other songs are like ice-wide?,what other songs are like ice wide,0.1429,0.0857,0.8571,1.0
test,AESRC2020-INDIAN-ACCENT-G33814-G33814S2373,AESRC2020-INDIAN-ACCENT-G33814,3.865,INDIAN,tiny,whisper_norm,gold,show me similar music videos to ashes to ashes,show me similar music videos to ashes to ashes,Show me similar music videos to essays to essays.,show me similar music videos to essays to essays,0.2222,0.1739,0.8571,1.0
test,AESRC2020-INDIAN-ACCENT-G33814-G33814S3378,AESRC2020-INDIAN-ACCENT-G33814,4.955,INDIAN,tiny,whisper_norm,gold,switch on the water saving mode when the water is used at five lit hour,switch on the water saving mode when the water is used at 5 lit hour,Switch on the water saving mode when the water is used at 5-lit hour.,switch on the water saving mode when the water is used at 5 lit hour,0.0,0.0,1.0,1.0
test,AESRC2020-INDIAN-ACCENT-G33816-G33816S1298,AESRC2020-INDIAN-ACCENT-G33816,5.617,INDIAN,tiny,whisper_norm,gold,you need a lot of patience because this will take a long time,you need a lot of patience because this will take a long time,You need a lot of patience because this will take a long time.,you need a lot of patience because this will take a long time,0.0,0.0,1.0,1.0
test,AESRC2020-INDIAN-ACCENT-G33816-G33816S1299,AESRC2020-INDIAN-ACCENT-G33816,5.508,INDIAN,tiny,whisper_norm,gold,it is said that drinking milk every day can help your bones grow,it is said that drinking milk every day can help your bones grow,It is said that drinking milk every day can help your bones grow.,it is said that drinking milk every day can help your bones grow,0.0,0.0,1.0,1.0
test,AESRC2020-INDIAN-ACCENT-G33816-G33816S2372,AESRC2020-INDIAN-ACCENT-G33816,4.638,INDIAN,tiny,whisper_norm,gold,play episode one of the two of us from the beginning,play episode one of the 2 of us from the beginning,Play episode 1 of the 2 of us from the beginning.,play episode one of the 2 of us from the beginning,0.0,0.0,1.0,1.0
test,AESRC2020-INDIAN-ACCENT-G33816-G33816S2373,AESRC2020-INDIAN-ACCENT-G33816,3.575,INDIAN,tiny,whisper_norm,gold,where are the historical sites in regina,where are the historical sites in regina,Where are the historical sites in Regina?,where are the historical sites in regina,0.0,0.0,1.0,1.0
test,AESRC2020-INDIAN-ACCENT-G33816-G33816S3377,AESRC2020-INDIAN-ACCENT-G33816,3.362,INDIAN,tiny,whisper_norm,gold,please turn on tv after five min,please turn on tv after 5 min,Please turn on TV after 5 min.,please turn on tv after 5 min,0.0,0.0,1.0,1.0
test,AESRC2020-INDIAN-ACCENT-G40915-G40915S1299,AESRC2020-INDIAN-ACCENT-G40915,5.452,INDIAN,tiny,whisper_norm,gold,monkeys can climb trees but can't make a bed just like people do,monkeys can climb trees but can not make a bed just like people do,"Monkeys can climb trees, but can't make a bed just like people do.",monkeys can climb trees but can not make a bed just like people do,0.0,0.0,1.0,1.0
test,AESRC2020-INDIAN-ACCENT-G40915-G40915S1300,AESRC2020-INDIAN-ACCENT-G40915,4.79,INDIAN,tiny,whisper_norm,gold,beyond the hedge he pulled on his trunks and fastened them,beyond the hedge he pulled on his trunks and fastened them,"Beyond the head, he pulled on his trunks and fastened them.",beyond the head he pulled on his trunks and fastened them,0.0909,0.0517,0.9091,1.0
test,AESRC2020-INDIAN-ACCENT-G40915-G40915S2354,AESRC2020-INDIAN-ACCENT-G40915,3.71,INDIAN,tiny,whisper_norm,gold,change to the movie fairy of the flute,change to the movie fairy of the flute,"Change to the movie, Fairy of the Flood.",change to the movie fairy of the flood,0.125,0.0789,0.8571,1.0
test,AESRC2020-INDIAN-ACCENT-G40915-G40915S2355,AESRC2020-INDIAN-ACCENT-G40915,3.79,INDIAN,tiny,whisper_norm,gold,how many episodes are in firefly,how many episodes are in firefly,How many episodes are in 5-fly?,how many episodes are in 5 fly,0.3333,0.125,0.8333,1.1667
test,AESRC2020-INDIAN-ACCENT-G40917-G40917S1299,AESRC2020-INDIAN-ACCENT-G40917,4.795,INDIAN,tiny,whisper_norm,gold,this is a romantic comedy about the pains and pleasures of love,this is a romantic comedy about the pains and pleasures of love,This is a romantic comedy about the pains and pleasures of love.,this is a romantic comedy about the pains and pleasures of love,0.0,0.0,1.0,1.0
test,AESRC2020-INDIAN-ACCENT-G40917-G40917S2354,AESRC2020-INDIAN-ACCENT-G40917,3.495,INDIAN,tiny,whisper_norm,gold,i don't want to listen to enjoy yourself,i do not want to listen to enjoy yourself,I don't want to listen to enjoy yourself.,i do not want to listen to enjoy yourself,0.0,0.0,1.0,1.0
test,AESRC2020-INDIAN-ACCENT-G40917-G40917S2355,AESRC2020-INDIAN-ACCENT-G40917,4.853,INDIAN,tiny,whisper_norm,gold,is the movie laughing chevalier still play in theaters,is the movie laughing chevalier still play in theaters,is the movie laughing shivalia still playing in theaters,is the movie laughing shivalia still playing in theaters,0.2222,0.1296,0.7778,1.0
test,AESRC2020-INDIAN-ACCENT-G40917-G40917S3370,AESRC2020-INDIAN-ACCENT-G40917,2.395,INDIAN,tiny,whisper_norm,gold,go get some sleep,go get some sleep,Go get some sleep.,go get some sleep,0.0,0.0,1.0,1.0
test,AESRC2020-INDIAN-ACCENT-G42029-G42029S1299,AESRC2020-INDIAN-ACCENT-G42029,4.67,INDIAN,tiny,whisper_norm,gold,it was probably the first time he had been aloft in his life,it was probably the 1st time he had been aloft in his life,It was probably the first time he had been a loved in his life.,it was probably the 1st time he had been a loved in his life,0.1538,0.069,0.9231,1.0769
test,AESRC2020-INDIAN-ACCENT-G42029-G42029S1300,AESRC2020-INDIAN-ACCENT-G42029,4.394,INDIAN,tiny,whisper_norm,gold,it's no secret that today's networks are under stress,it is no secret that today is networks are under stress,It's no secret that today's networks are under stress.,it is no secret that today is networks are under stress,0.0,0.0,1.0,1.0
test,AESRC2020-INDIAN-ACCENT-G42029-G42029S2363,AESRC2020-INDIAN-ACCENT-G42029,3.3,INDIAN,tiny,whisper_norm,gold,summarise what price loyalty,summarize what price loyalty,Samurai's word price loyalty.,samurai is word price loyalty,0.75,0.3571,0.5,1.25
test,AESRC2020-INDIAN-ACCENT-G42029-G42029S2365,AESRC2020-INDIAN-ACCENT-G42029,3.012,INDIAN,tiny,whisper_norm,gold,play songs similar to clara,play songs similar to clara,Play songs similar to Clara.,play songs similar to clara,0.0,0.0,1.0,1.0
test,AESRC2020-INDIAN-ACCENT-G42172-G42172S1299,AESRC2020-INDIAN-ACCENT-G42172,4.69,INDIAN,tiny,whisper_norm,gold,all of us nobody excepted agree to the decision,all of us nobody excepted agree to the decision,"All of us nobody accepted, agree to the decision.",all of us nobody accepted agree to the decision,0.1111,0.0426,0.8889,1.0
test,AESRC2020-INDIAN-ACCENT-G42172-G42172S1300,AESRC2020-INDIAN-ACCENT-G42172,4.28,INDIAN,tiny,whisper_norm,gold,we should try a joint venture in order to raise the necessary fund,we should try a joint venture in order to raise the necessary fund,We should try a joint venture in order to raise the necessary fund.,we should try a joint venture in order to raise the necessary fund,0.0,0.0,1.0,1.0
test,AESRC2020-INDIAN-ACCENT-G42172-G42172S2365,AESRC2020-INDIAN-ACCENT-G42172,4.283,INDIAN,tiny,whisper_norm,gold,whats the cheapest room rate at hotel oscar private limited,whats the cheapest room rate at hotel oscar private limited,What's the cheapest room rate at hotel Oscar private limited?,what is the cheapest room rate at hotel oscar private limited,0.2,0.0339,0.9,1.1
test,AESRC2020-INDIAN-ACCENT-G42172-G42172S3375,AESRC2020-INDIAN-ACCENT-G42172,2.379,INDIAN,tiny,whisper_norm,gold,switch to power saving mode,switch to power saving mode,Switch to power saving mode.,switch to power saving mode,0.0,0.0,1.0,1.0
test,AESRC2020-INDIAN-ACCENT-G42302-G42302S1299,AESRC2020-INDIAN-ACCENT-G42302,5.954,INDIAN,tiny,whisper_norm,gold,the management shows no concern at all for the safety of the guest,the management shows no concern at all for the safety of the guest,The management shows no concern at all for the safety of the guest.,the management shows no concern at all for the safety of the guest,0.0,0.0,1.0,1.0
test,AESRC2020-INDIAN-ACCENT-G42302-G42302S1300,AESRC2020-INDIAN-ACCENT-G42302,5.39,INDIAN,tiny,whisper_norm,gold,use the tapes guide listen to the tape then listen to yourself,use the tapes guide listen to the tape then listen to yourself,"Use the tapes guide, listen to the tape, and listen to yourself.",use the tapes guide listen to the tape and listen to yourself,0.0833,0.0645,0.8889,1.0
test,AESRC2020-INDIAN-ACCENT-G42302-G42302S2354,AESRC2020-INDIAN-ACCENT-G42302,4.236,INDIAN,tiny,whisper_norm,gold,has the show growing pains won any awards,has the show growing pains won any awards,Has the show growing pains won any award?,has the show growing pains won any award,0.125,0.0244,0.875,1.0
test,AESRC2020-INDIAN-ACCENT-G42302-G42302S2355,AESRC2020-INDIAN-ACCENT-G42302,4.257,INDIAN,tiny,whisper_norm,gold,i want to call a taxi to tughlaqabad fort,i want to call a taxi to tughlaqabad fort,I want to call a taxi to Tuglaq Bad Fort.,i want to call a taxi to tuglaq bad fort,0.2222,0.0488,0.875,1.1111
test,AESRC2020-INDIAN-ACCENT-G42535-G42535S1299,AESRC2020-INDIAN-ACCENT-G42535,4.418,INDIAN,tiny,whisper_norm,gold,after planning it will remain a plan until action is taken,after planning it will remain a plan until action is taken,"After planning, it will remind the plan until action is taken.",after planning it will remind the plan until action is taken,0.1818,0.0862,0.8182,1.0
test,AESRC2020-INDIAN-ACCENT-G42535-G42535S2354,AESRC2020-INDIAN-ACCENT-G42535,3.895,INDIAN,tiny,whisper_norm,gold,i want to listen to more songs like take control,i want to listen to more songs like take control,I want to listen to more songs like T-Ctrl.,i want to listen to more songs like t ctrl,0.2,0.125,0.7778,1.0
test,AESRC2020-INDIAN-ACCENT-G42535-G42535S2355,AESRC2020-INDIAN-ACCENT-G42535,2.909,INDIAN,tiny,whisper_norm,gold,i don't want to watch out of africa,i do not want to watch out of africa,I don't want to watch out of Africa.,i do not want to watch out of africa,0.0,0.0,1.0,1.0
test,AESRC2020-INDIAN-ACCENT-G42535-G42535S3370,AESRC2020-INDIAN-ACCENT-G42535,3.755,INDIAN,tiny,whisper_norm,gold,the wind speed should be high during the daytime,the wind speed should be high during the daytime,The wind speech should be high during the daytime.,the wind speech should be high during the daytime,0.1111,0.0417,0.875,1.0
test,AESRC2020-INDIAN-ACCENT-G42538-G42538S1299,AESRC2020-INDIAN-ACCENT-G42538,4.415,INDIAN,tiny,whisper_norm,gold,i like her into the top five and win the grand slam champion,i like her into the top 5 and win the grand slam champion,I like her into the top 5 and win the Grand Slam Champion.,i like her into the top 5 and win the grand slam champion,0.0,0.0,1.0,1.0
test,AESRC2020-INDIAN-ACCENT-G42538-G42538S1300,AESRC2020-INDIAN-ACCENT-G42538,3.945,INDIAN,tiny,whisper_norm,gold,you can make this you add more water to your routine,you can make this you add more water to your routine,You can make this U add more water to your routine.,you can make this u add more water to your routine,0.0909,0.0385,1.0,1.0
test,AESRC2020-INDIAN-ACCENT-G42538-G42538S2354,AESRC2020-INDIAN-ACCENT-G42538,2.945,INDIAN,tiny,whisper_norm,gold,play all episodes of super girl,play all episodes of super girl,Play all episodes of Supergirls.,play all episodes of supergirls,0.3333,0.0645,0.6667,0.8333
test,AESRC2020-INDIAN-ACCENT-G42538-G42538S2355,AESRC2020-INDIAN-ACCENT-G42538,4.838,INDIAN,tiny,whisper_norm,gold,i want to create a playlist with songs by hermanas aguila,i want to create a playlist with songs by hermanas aguila,I want to create a playlist with songs by Hermannas Aguila.,i want to create a playlist with songs by hermannas aguila,0.0909,0.0175,0.9091,1.0
test,AESRC2020-INDIAN-ACCENT-G42538-G42538S3370,AESRC2020-INDIAN-ACCENT-G42538,3.452,INDIAN,tiny,whisper_norm,gold,shuffle the music i want to listen to,shuffle the music i want to listen to,"Share for the music, I want to listen to.",share for the music i want to listen to,0.25,0.1622,0.8571,1.125
test,AESRC2020-INDIAN-ACCENT-G42543-G42543S1300,AESRC2020-INDIAN-ACCENT-G42543,6.083,INDIAN,tiny,whisper_norm,gold,each and every person responsible for his murder will be brought to justice,each and every person responsible for his murder will be brought to justice,Each and every person responsible for his murder will be brought to justice.,each and every person responsible for his murder will be brought to justice,0.0,0.0,1.0,1.0
test,AESRC2020-INDIAN-ACCENT-G42543-G42543S2355,AESRC2020-INDIAN-ACCENT-G42543,3.659,INDIAN,tiny,whisper_norm,gold,what time is sunrise in exeter,what time is sunrise in exeter,Work time is sunrise in Exeter.,work time is sunrise in exeter,0.1667,0.1,0.8333,1.0
test,AESRC2020-INDIAN-ACCENT-G42659-G42659S1299,AESRC2020-INDIAN-ACCENT-G42659,6.263,INDIAN,tiny,whisper_norm,gold,i will end all your conjectures i admit i am guilty as charged,i will end all your conjectures i admit i am guilty as charged,"I will end all your conjectures, I admit I am guilty as charged.",i will end all your conjectures i admit i am guilty as charged,0.0,0.0,1.0,1.0
test,AESRC2020-INDIAN-ACCENT-G42659-G42659S1300,AESRC2020-INDIAN-ACCENT-G42659,6.716,INDIAN,tiny,whisper_norm,gold,milk rounds are threatened as customers switch to buying from supermarkets,milk rounds are threatened as customers switch to buying from supermarkets,Miltgrounds are threatened as customers switch to buying from supermarkets.,miltgrounds are threatened as customers switch to buying from supermarkets,0.1818,0.027,0.8182,0.9091
test,AESRC2020-INDIAN-ACCENT-G42659-G42659S2354,AESRC2020-INDIAN-ACCENT-G42659,2.843,INDIAN,tiny,whisper_norm,gold,change the song to what message,change the song to what message,Change the song to what message.,change the song to what message,0.0,0.0,1.0,1.0
test,AESRC2020-INDIAN-ACCENT-G42659-G42659S2355,AESRC2020-INDIAN-ACCENT-G42659,3.651,INDIAN,tiny,whisper_norm,gold,add the show m a d to my watch list,add the show m a d to my watch list,Add the show MAD to my watch list.,add the show mad to my watch list,0.3,0.0571,0.7,0.8
test,AESRC2020-INDIAN-ACCENT-G42659-G42659S3370,AESRC2020-INDIAN-ACCENT-G42659,4.305,INDIAN,tiny,whisper_norm,gold,it's consuming electricity turn off the fan,it is consuming electricity turn off the fan,"It's consuming electricity, turn off the fan.",it is consuming electricity turn off the fan,0.0,0.0,1.0,1.0
test,AESRC2020-INDIAN-ACCENT-G42701-G42701S1299,AESRC2020-INDIAN-ACCENT-G42701,9.237,INDIAN,tiny,whisper_norm,gold,results show that the power limit with p s s is higher than that without p s s,results show that the power limit with p s s is higher than that without p s s,Results so that the power limit with PSS is higher than that without PSS.,results so that the power limit with pss is higher than that without pss,0.3889,0.0769,0.7692,0.7778
test,AESRC2020-INDIAN-ACCENT-G42701-G42701S1300,AESRC2020-INDIAN-ACCENT-G42701,8.666,INDIAN,tiny,whisper_norm,gold,that is why education is so important for us and is so a strategic for georgia,that is why education is so important for us and is so a strategic for georgia,That's why education is so important for us and is so astratzyc for Georgia.,that is why education is so important for us and is so astratzyc for georgia,0.125,0.0513,0.8333,0.9375
test,AESRC2020-INDIAN-ACCENT-G42701-G42701S2351,AESRC2020-INDIAN-ACCENT-G42701,3.935,INDIAN,tiny,whisper_norm,gold,are there more songs like woof man,are there more songs like woof man,are there more songs like Boofman.,are there more songs like boofman,0.2857,0.0588,0.7143,0.8571
test,AESRC2020-INDIAN-ACCENT-G42701-G42701S2355,AESRC2020-INDIAN-ACCENT-G42701,4.049,INDIAN,tiny,whisper_norm,gold,tell me more about the movie whose fault,tell me more about the movie whose fault,Tell me more about the movie Who's Thought?,tell me more about the movie who is thought,0.375,0.2,0.75,1.125
test,AESRC2020-INDIAN-ACCENT-G42717-G42717S1298,AESRC2020-INDIAN-ACCENT-G42717,7.171,INDIAN,tiny,whisper_norm,gold,pharaoh are a brand new band and they are about to take shanghai by storm,pharaoh are a brand new band and they are about to take shanghai by storm,"For all, are a brand new band and they are about to take Shanghai by storm.",for all are a brand new band and they are about to take shanghai by storm,0.1333,0.0822,0.9286,1.0667
test,AESRC2020-INDIAN-ACCENT-G42717-G42717S1299,AESRC2020-INDIAN-ACCENT-G42717,4.019,INDIAN,tiny,whisper_norm,gold,he tried to make away with the evidence of his guilt,he tried to make away with the evidence of his guilt,Hit try to make away with the evidence of his guilt.,hit try to make away with the evidence of his guilt,0.1818,0.0962,0.8182,1.0
test,AESRC2020-INDIAN-ACCENT-G42717-G42717S2354,AESRC2020-INDIAN-ACCENT-G42717,3.589,INDIAN,tiny,whisper_norm,gold,i want to know who sings the song acrobat,i want to know who sings the song acrobat,I want to know who sings the song Akrobat.,i want to know who sings the song akrobat,0.1111,0.0244,0.8889,1.0
test,AESRC2020-INDIAN-ACCENT-G42717-G42717S2355,AESRC2020-INDIAN-ACCENT-G42717,3.409,INDIAN,tiny,whisper_norm,gold,what is the wind speed in rourkela,what is the wind speed in rourkela,What is the wind speed and raw killer?,what is the wind speed and raw killer,0.4286,0.2647,0.7143,1.1429
test,AESRC2020-INDIAN-ACCENT-G42748-G42748S1299,AESRC2020-INDIAN-ACCENT-G42748,4.386,INDIAN,tiny,whisper_norm,gold,ocean has a right to be pleased with how far he has come,ocean has a right to be pleased with how far he has come,Oshien has a right to be pleased with how far he has come.,oshien has a right to be pleased with how far he has come,0.0769,0.0714,0.9167,1.0
test,AESRC2020-INDIAN-ACCENT-G42748-G42748S2354,AESRC2020-INDIAN-ACCENT-G42748,3.441,INDIAN,tiny,whisper_norm,gold,has the songs the basics won any awards,has the songs the basics won any awards,Has the songs the basics on any awards?,has the songs the basics on any awards,0.125,0.0256,0.8571,1.0
test,AESRC2020-INDIAN-ACCENT-G42748-G42748S3370,AESRC2020-INDIAN-ACCENT-G42748,1.853,INDIAN,tiny,whisper_norm,gold,inform me the time now,inform me the time now,Inform me the time now,inform me the time now,0.0,0.0,1.0,1.0
test,AESRC2020-INDIAN-ACCENT-G42895-G42895S1300,AESRC2020-INDIAN-ACCENT-G42895,4.26,INDIAN,tiny,whisper_norm,gold,i will hand them out at the end of the class,i will hand them out at the end of the class,I will hand them out at the end of the class.,i will hand them out at the end of the class,0.0,0.0,1.0,1.0
test,AESRC2020-INDIAN-ACCENT-G42895-G42895S2355,AESRC2020-INDIAN-ACCENT-G42895,5.225,INDIAN,tiny,whisper_norm,gold,play episode one of my sister's keeper from the beginning,play episode one of my sister is keeper from the beginning,Play episode 1 of My Sister is Keeper from the Beginning.,play episode one of my sister is keeper from the beginning,0.0,0.0,1.0,1.0
test,AESRC2020-INDIAN-ACCENT-G43065-G43065S1298,AESRC2020-INDIAN-ACCENT-G43065,3.445,INDIAN,tiny,whisper_norm,gold,i'm writing to a friend of mine in south american,i am writing to a friend of mine in south american,I am writing to a friend of mine in South American.,i am writing to a friend of mine in south american,0.0,0.0,1.0,1.0
test,AESRC2020-INDIAN-ACCENT-G43065-G43065S2364,AESRC2020-INDIAN-ACCENT-G43065,2.45,INDIAN,tiny,whisper_norm,gold,what's the flight time to gwalior,what is the flight time to gwalior,worst the flight time to quality.,worst the flight time to quality,0.4286,0.2941,0.5714,0.8571
test,AESRC2020-INDIAN-ACCENT-G43065-G43065S2365,AESRC2020-INDIAN-ACCENT-G43065,2.53,INDIAN,tiny,whisper_norm,gold,who features in source code,who features in source code,Who features in source code?,who features in source code,0.0,0.0,1.0,1.0
test,AESRC2020-INDIAN-ACCENT-G43065-G43065S3375,AESRC2020-INDIAN-ACCENT-G43065,3.115,INDIAN,tiny,whisper_norm,gold,set the alarm at seven am,set the alarm at 7 am,Say it the alarm at 7am.,say it the alarm at 7 am,0.3333,0.1905,0.8333,1.1667
test,AESRC2020-INDIAN-ACCENT-G43223-G43223S1299,AESRC2020-INDIAN-ACCENT-G43223,3.76,INDIAN,tiny,whisper_norm,gold,no problem but i have to put it off because there is urgent work,no problem but i have to put it off because there is urgent work,"No problem, but I have to put it off because there is urgent work.",no problem but i have to put it off because there is urgent work,0.0,0.0,1.0,1.0
test,AESRC2020-INDIAN-ACCENT-G43223-G43223S1300,AESRC2020-INDIAN-ACCENT-G43223,3.661,INDIAN,tiny,whisper_norm,gold,all they every do is go uptown and mess around,all they every do is go uptown and mess around,All they ever do is go up down and mess around.,all they ever do is go up down and mess around,0.3,0.0652,0.8,1.1
test,AESRC2020-INDIAN-ACCENT-G43223-G43223S2365,AESRC2020-INDIAN-ACCENT-G43223,2.773,INDIAN,tiny,whisper_norm,gold,when is peak time at dimple hotel,when is peak time at dimple hotel,when is P time at dimple hotel.,when is p time at dimple hotel,0.1429,0.0909,0.8571,1.0
test,AESRC2020-INDIAN-ACCENT-G43223-G43223S3374,AESRC2020-INDIAN-ACCENT-G43223,3.171,INDIAN,tiny,whisper_norm,gold,turn off all the buttons on the oven,turn off all the buttons on the oven,turn off all the buttons on the oven.,turn off all the buttons on the oven,0.0,0.0,1.0,1.0
test,AESRC2020-INDIAN-ACCENT-G43265-G43265S1297,AESRC2020-INDIAN-ACCENT-G43265,5.112,INDIAN,tiny,whisper_norm,gold,on the trade side there isn't an enormous amount of genuine activity going on,on the trade side there is not an enormous amount of genuine activity going on,"On the great side, there is an enormous amount of genuine activity going on.",on the great side there is an enormous amount of genuine activity going on,0.1333,0.1026,0.8571,0.9333
test,AESRC2020-INDIAN-ACCENT-G43265-G43265S1299,AESRC2020-INDIAN-ACCENT-G43265,4.453,INDIAN,tiny,whisper_norm,gold,her smile disappeared and she gave me a cold look of suspicion,her smile disappeared and she gave me a cold look of suspicion,As mildly appeared and she gave me a cold look of suspicion.,as mildly appeared and she gave me a cold look of suspicion,0.25,0.1452,0.75,1.0
test,AESRC2020-INDIAN-ACCENT-G43265-G43265S2348,AESRC2020-INDIAN-ACCENT-G43265,2.618,INDIAN,tiny,whisper_norm,gold,skip to the next episode of khichdi,skip to the next episode of khichdi,Skip to the next episode of Keechleam.,skip to the next episode of keechleam,0.1429,0.1714,0.8571,1.0
test,AESRC2020-INDIAN-ACCENT-G43265-G43265S2355,AESRC2020-INDIAN-ACCENT-G43265,2.768,INDIAN,tiny,whisper_norm,gold,is there another series in the croods,is there another series in the croods,Is there another series in the crudes?,is there another series in the crudes,0.1429,0.0811,0.8571,1.0
test,AESRC2020-INDIAN-ACCENT-G43298-G43298S1299,AESRC2020-INDIAN-ACCENT-G43298,4.661,INDIAN,tiny,whisper_norm,gold,you can tell from his blue eyes that he isn't native to china,you can tell from his blue eyes that he is not native to china,You can tell from his blue eyes that he is a native to China.,you can tell from his blue eyes that he is a native to china,0.0714,0.0484,0.9286,1.0
test,AESRC2020-INDIAN-ACCENT-G43298-G43298S1300,AESRC2020-INDIAN-ACCENT-G43298,6.884,INDIAN,tiny,whisper_norm,gold,i'm listening actually whoever did it made sure i was not in the room,i am listening actually whoever did it made sure i was not in the room,"I am listening actually, who ever did it, made sure I was not in the room.",i am listening actually who ever did it made sure i was not in the room,0.1333,0.0143,0.9286,1.0667
test,AESRC2020-INDIAN-ACCENT-G43298-G43298S2354,AESRC2020-INDIAN-ACCENT-G43298,4.403,INDIAN,tiny,whisper_norm,gold,i want to listen to live music from neha rajpal,i want to listen to live music from neha rajpal,I want to listen to live music from Neha Rajpal.,i want to listen to live music from neha rajpal,0.0,0.0,1.0,1.0
test,AESRC2020-INDIAN-ACCENT-G43298-G43298S2355,AESRC2020-INDIAN-ACCENT-G43298,4.588,INDIAN,tiny,whisper_norm,gold,what will the temperature be at eight pm tonight in langford,what will the temperature be at 8 pm tonight in langford,What will the temperature be at 8pm tonight in Langford?,what will the temperature be at 8 pm tonight in langford,0.0,0.0,1.0,1.0
test,AESRC2020-INDIAN-ACCENT-G43298-G43298S3370,AESRC2020-INDIAN-ACCENT-G43298,1.97,INDIAN,tiny,whisper_norm,gold,surprise me with anything,surprise me with anything,"So, surprise me with anything.",so surprise me with anything,0.25,0.12,1.0,1.25
test,AESRC2020-INDIAN-ACCENT-G43303-G43303S1299,AESRC2020-INDIAN-ACCENT-G43303,5.555,INDIAN,tiny,whisper_norm,gold,he died with his family all around him and with his soul at peace,he died with his family all around him and with his soul at peace,He died with his family all around him and with his soul at peace.,he died with his family all around him and with his soul at peace,0.0,0.0,1.0,1.0
test,AESRC2020-INDIAN-ACCENT-G43303-G43303S2354,AESRC2020-INDIAN-ACCENT-G43303,3.18,INDIAN,tiny,whisper_norm,gold,will it be sunny tomorrow in wrangell,will it be sunny tomorrow in wrangell,Will it be sunny tomorrow in Rangle?,will it be sunny tomorrow in rangle,0.1429,0.0811,0.8571,1.0
test,AESRC2020-INDIAN-ACCENT-G43303-G43303S2355,AESRC2020-INDIAN-ACCENT-G43303,4.265,INDIAN,tiny,whisper_norm,gold,i want to listen to more songs like lemon ice cream,i want to listen to more songs like lemon ice cream,I want to listen to more songs like Lemon Ice Cream.,i want to listen to more songs like lemon ice cream,0.0,0.0,1.0,1.0
test,AESRC2020-INDIAN-ACCENT-G43359-G43359S2353,AESRC2020-INDIAN-ACCENT-G43359,3.435,INDIAN,tiny,whisper_norm,gold,tell me how abhaya became an artist,tell me how abhaya became an artist,Tell me how a bear became an artist.,tell me how a bear became an artist,0.2857,0.1143,0.8571,1.1429
test,AESRC2020-INDIAN-ACCENT-G43359-G43359S2354,AESRC2020-INDIAN-ACCENT-G43359,3.27,INDIAN,tiny,whisper_norm,gold,only play songs by a r reihana,only play songs by a r reihana,Only play songs by A. Ariana.,only play songs by a ariana,0.2857,0.1333,0.7143,0.8571
test,AESRC2020-INDIAN-ACCENT-G43359-G43359S3370,AESRC2020-INDIAN-ACCENT-G43359,2.68,INDIAN,tiny,whisper_norm,gold,nobody is in the house turn it off,nobody is in the house turn it off,"Nobody is in the house, turn it off.",nobody is in the house turn it off,0.0,0.0,1.0,1.0
test,AESRC2020-INDIAN-ACCENT-G43364-G43364S1300,AESRC2020-INDIAN-ACCENT-G43364,4.115,INDIAN,tiny,whisper_norm,gold,our family picture is hung on the wall of the inner room,our family picture is hung on the wall of the inner room,Our family picture is hung on the wall of the inner room.,our family picture is hung on the wall of the inner room,0.0,0.0,1.0,1.0
test,AESRC2020-INDIAN-ACCENT-G43364-G43364S2355,AESRC2020-INDIAN-ACCENT-G43364,2.707,INDIAN,tiny,whisper_norm,gold,what is the pressure in thorold,what is the pressure in thorold,What is the pressure in Thorold?,what is the pressure in thorold,0.0,0.0,1.0,1.0
test,AESRC2020-INDIAN-ACCENT-G43367-G43367S1299,AESRC2020-INDIAN-ACCENT-G43367,4.127,INDIAN,tiny,whisper_norm,gold,they lead separate lives ie do not live or do things together,they lead separate lives ie do not live or do things together,"the lead separate lives, I eat, do not leave or do things together.",the lead separate lives i eat do not leave or do things together,0.3333,0.0984,0.7273,1.0833
test,AESRC2020-INDIAN-ACCENT-G43367-G43367S1300,AESRC2020-INDIAN-ACCENT-G43367,4.39,INDIAN,tiny,whisper_norm,gold,her eyes were large and brown and fringed with incredibly long lashes,her eyes were large and brown and fringed with incredibly long lashes,Her eyes were large and brown and fringed with incredibly long lashes.,her eyes were large and brown and fringed with incredibly long lashes,0.0,0.0,1.0,1.0
test,AESRC2020-INDIAN-ACCENT-G43367-G43367S2354,AESRC2020-INDIAN-ACCENT-G43367,2.69,INDIAN,tiny,whisper_norm,gold,i want to watch the movie whose fault,i want to watch the movie whose fault,I want to watch the movie whose fault.,i want to watch the movie whose fault,0.0,0.0,1.0,1.0
test,AESRC2020-INDIAN-ACCENT-G43367-G43367S3370,AESRC2020-INDIAN-ACCENT-G43367,2.29,INDIAN,tiny,whisper_norm,gold,the room is freezing switch the heater,the room is freezing switch the heater,"The room is freezing, switch the heater.",the room is freezing switch the heater,0.0,0.0,1.0,1.0
test,AESRC2020-INDIAN-ACCENT-G43421-G43421S1299,AESRC2020-INDIAN-ACCENT-G43421,4.509,INDIAN,tiny,whisper_norm,gold,each of us is boxed off from the others in his own little office,each of us is boxed off from the others in his own little office,Each of us is boxed off from the others in his own little office.,each of us is boxed off from the others in his own little office,0.0,0.0,1.0,1.0
test,AESRC2020-INDIAN-ACCENT-G43421-G43421S1300,AESRC2020-INDIAN-ACCENT-G43421,4.33,INDIAN,tiny,whisper_norm,gold,it was his understanding that have been around a lot of big stocks,it was his understanding that have been around a lot of big stocks,It was his understanding that have been around a lot of big stocks.,it was his understanding that have been around a lot of big stocks,0.0,0.0,1.0,1.0
test,AESRC2020-INDIAN-ACCENT-G43421-G43421S2354,AESRC2020-INDIAN-ACCENT-G43421,3.255,INDIAN,tiny,whisper_norm,gold,change the song to i sing ammore,change the song to i sing ammore,"Change the song to icing, and more.",change the song to icing and more,0.4286,0.1562,0.5714,1.0
test,AESRC2020-INDIAN-ACCENT-G43421-G43421S2355,AESRC2020-INDIAN-ACCENT-G43421,3.32,INDIAN,tiny,whisper_norm,gold,does the movie the bride of god have subtitles,does the movie the bride of god have subtitles,Tell the movie the bride of God have subtitles.,tell the movie the bride of god have subtitles,0.1111,0.087,0.875,1.0
test,AESRC2020-INDIAN-ACCENT-G43421-G43421S3370,AESRC2020-INDIAN-ACCENT-G43421,2.66,INDIAN,tiny,whisper_norm,gold,slow down the air purifier,slow down the air purifier,Slow down the air purifier.,slow down the air purifier,0.0,0.0,1.0,1.0
test,AESRC2020-INDIAN-ACCENT-G43447-G43447S1300,AESRC2020-INDIAN-ACCENT-G43447,6.245,INDIAN,tiny,whisper_norm,gold,laugh to let it go and move on literally laugh it off you'll feel better,laugh to let it go and move on literally laugh it off you will feel better,Love to let it go and move on. They really love it off. You will feel better.,love to let it go and move on they really love it off you will feel better,0.25,0.1892,0.8571,1.0625
test,AESRC2020-INDIAN-ACCENT-G43447-G43447S2355,AESRC2020-INDIAN-ACCENT-G43447,4.895,INDIAN,tiny,whisper_norm,gold,how much money did the movie emperor ashok make in the box office,how much money did the movie emperor ashok make in the box office,How much money did the movie Emperor Ashok make in the box office?,how much money did the movie emperor ashok make in the box office,0.0,0.0,1.0,1.0
test,AESRC2020-INDIAN-ACCENT-G43468-G43468S1299,AESRC2020-INDIAN-ACCENT-G43468,7.005,INDIAN,tiny,whisper_norm,gold,your kitchen should not be a main thoroughfare to the rest of your home,your kitchen should not be a main thoroughfare to the rest of your home,Your question should not be a main thoroughfare to the rest of your home.,your question should not be a main thoroughfare to the rest of your home,0.0714,0.0986,0.9231,1.0
test,AESRC2020-INDIAN-ACCENT-G43468-G43468S1300,AESRC2020-INDIAN-ACCENT-G43468,5.544,INDIAN,tiny,whisper_norm,gold,what did you i breathed out barely able to hear my own words,what did you i breathed out barely able to hear my own words,What did you vibrate out barely able to hear my own words?,what did you vibrate out barely able to hear my own words,0.1538,0.0833,0.8462,0.9231
test,AESRC2020-INDIAN-ACCENT-G43468-G43468S2353,AESRC2020-INDIAN-ACCENT-G43468,3.63,INDIAN,tiny,whisper_norm,gold,what is the wind direction in bareilly,what is the wind direction in bareilly,What is the wind direction in Barrioli?,what is the wind direction in barrioli,0.1429,0.0789,0.8571,1.0
test,AESRC2020-INDIAN-ACCENT-G43468-G43468S2354,AESRC2020-INDIAN-ACCENT-G43468,5.895,INDIAN,tiny,whisper_norm,gold,how much time will it take me to visit indus university,how much time will it take me to visit indus university,How much time will it take me to visit India's University?,how much time will it take me to visit india is university,0.1818,0.0727,0.9091,1.0909
test,AESRC2020-INDIAN-ACCENT-G43633-G43633S1299,AESRC2020-INDIAN-ACCENT-G43633,4.562,INDIAN,tiny,whisper_norm,gold,the death of her husband left a big blank in her life,the death of her husband left a big blank in her life,The death of a husband left a big blank in her life.,the death of a husband left a big blank in her life,0.0833,0.0566,1.0,1.0
test,AESRC2020-INDIAN-ACCENT-G43633-G43633S1300,AESRC2020-INDIAN-ACCENT-G43633,6.076,INDIAN,tiny,whisper_norm,gold,some of them you just grow tired of and then you sell them on,some of them you just grow tired of and then you sell them on,"Remove them, you just grow tired of and then you sell them on.",remove them you just grow tired of and then you sell them on,0.1429,0.0984,0.9091,0.9286
test,AESRC2020-INDIAN-ACCENT-G43633-G43633S2365,AESRC2020-INDIAN-ACCENT-G43633,4.467,INDIAN,tiny,whisper_norm,gold,what is the average cost of flight to baie saint paul,what is the average cost of flight to baie saint paul,What is the average cost of flight to Bay St. Paul?,what is the average cost of flight to bay saint paul,0.0909,0.0377,0.9091,1.0
test,AESRC2020-INDIAN-ACCENT-G43633-G43633S2366,AESRC2020-INDIAN-ACCENT-G43633,4.291,INDIAN,tiny,whisper_norm,gold,help me order delivery from pongal unavagam,help me order delivery from pongal unavagam,"Help me order delivery from Pongal, Unova Gham.",help me order delivery from pongal unova gham,0.2857,0.0698,0.8571,1.1429
test,AESRC2020-INDIAN-ACCENT-G43633-G43633S3375,AESRC2020-INDIAN-ACCENT-G43633,2.582,INDIAN,tiny,whisper_norm,gold,turn on the video recording,turn on the video recording,Turn on the video recording.,turn on the video recording,0.0,0.0,1.0,1.0
test,AESRC2020-INDIAN-ACCENT-G43652-G43652S1299,AESRC2020-INDIAN-ACCENT-G43652,3.705,INDIAN,tiny,whisper_norm,gold,i haven't got a penny i'm quite cleaned out,i have not got a penny i am quite cleaned out,"I haven't got a penny, I am quite cleaned out.",i have not got a penny i am quite cleaned out,0.0,0.0,1.0,1.0
test,AESRC2020-INDIAN-ACCENT-G43652-G43652S1300,AESRC2020-INDIAN-ACCENT-G43652,3.54,INDIAN,tiny,whisper_norm,gold,that gives us the scale of what we are looking at,that gives us the scale of what we are looking at,That gives us the scale of what we are looking at.,that gives us the scale of what we are looking at,0.0,0.0,1.0,1.0
test,AESRC2020-INDIAN-ACCENT-G43652-G43652S2365,AESRC2020-INDIAN-ACCENT-G43652,3.42,INDIAN,tiny,whisper_norm,gold,what is friends fast food restaurant speciality,what is friends fast food restaurant speciality,What is friends fast food restaurant and specialty?,what is friends fast food restaurant and specialty,0.2857,0.1064,0.8571,1.1429
test,AESRC2020-INDIAN-ACCENT-G43652-G43652S2366,AESRC2020-INDIAN-ACCENT-G43652,2.09,INDIAN,tiny,whisper_norm,gold,skip apni mitti,skip apni mitti,Okay.,okay,1.0,0.8667,0.0,0.3333
test,AESRC2020-INDIAN-ACCENT-G43652-G43652S3376,AESRC2020-INDIAN-ACCENT-G43652,2.685,INDIAN,tiny,whisper_norm,gold,time should not exceed two minutes,time should not exceed 2 minutes,time should not exceed 2 minutes.,time should not exceed 2 minutes,0.0,0.0,1.0,1.0
test,AESRC2020-INDIAN-ACCENT-G43680-G43680S1293,AESRC2020-INDIAN-ACCENT-G43680,6.255,INDIAN,tiny,whisper_norm,gold,it's not an easy book to read yet i return to it again and again,it is not an easy book to read yet i return to it again and again,It's not an easy book to read yet I return to it again and again.,it is not an easy book to read yet i return to it again and again,0.0,0.0,1.0,1.0
test,AESRC2020-INDIAN-ACCENT-G43680-G43680S1296,AESRC2020-INDIAN-ACCENT-G43680,3.712,INDIAN,tiny,whisper_norm,gold,this is an effective way of pushing the work forward,this is an effective way of pushing the work forward,This is an effective way of pushing the work forward.,this is an effective way of pushing the work forward,0.0,0.0,1.0,1.0
test,AESRC2020-INDIAN-ACCENT-G43680-G43680S2361,AESRC2020-INDIAN-ACCENT-G43680,3.11,INDIAN,tiny,whisper_norm,gold,when will the sunset in nadiad,when will the sunset in nadiad,When will the sunset in Nadia?,when will the sunset in nadia,0.1667,0.0333,0.8333,1.0
test,AESRC2020-INDIAN-ACCENT-G43680-G43680S2365,AESRC2020-INDIAN-ACCENT-G43680,2.96,INDIAN,tiny,whisper_norm,gold,what year did oceans come out,what year did oceans come out,What year did Oceans come out?,what year did oceans come out,0.0,0.0,1.0,1.0
test,AESRC2020-INDIAN-ACCENT-G43810-G43810S1298,AESRC2020-INDIAN-ACCENT-G43810,6.955,INDIAN,tiny,whisper_norm,gold,the doors here are really something all made of good wood like mahogany,the doors here are really something all made of good wood like mahogany,The doors here are really something. All made of good work like mehogani.,the doors here are really something all made of good work like mehogani,0.1538,0.0563,0.8462,1.0
test,AESRC2020-INDIAN-ACCENT-G43810-G43810S1300,AESRC2020-INDIAN-ACCENT-G43810,5.37,INDIAN,tiny,whisper_norm,gold,there is not a job of evidence to say it does them any good,there is not a job of evidence to say it does them any good,There is not a job of evidence to say it does them any good.,there is not a job of evidence to say it does them any good,0.0,0.0,1.0,1.0
test,AESRC2020-INDIAN-ACCENT-G43810-G43810S2372,AESRC2020-INDIAN-ACCENT-G43810,4.615,INDIAN,tiny,whisper_norm,gold,are there any must try local snacks in burbank,are there any must try local snacks in burbank,Are there any must-trial local snacks in Berbank?,are there any must trial local snacks in berbank,0.2222,0.087,0.7778,1.0
test,AESRC2020-INDIAN-ACCENT-G43810-G43810S2373,AESRC2020-INDIAN-ACCENT-G43810,4.245,INDIAN,tiny,whisper_norm,gold,show me i hurt on the other side lyrics,show me i hurt on the other side lyrics,Show me I hurt on the other side lyrics.,show me i hurt on the other side lyrics,0.0,0.0,1.0,1.0
test,AESRC2020-INDIAN-ACCENT-G43935-G43935S1299,AESRC2020-INDIAN-ACCENT-G43935,6.07,INDIAN,tiny,whisper_norm,gold,now we can't just leave the space station up to the russians or something,now we can not just leave the space station up to the russians or something,Now we can't just leave the space station up to Russian or something.,now we can not just leave the space station up to russian or something,0.1333,0.0667,0.9286,0.9333
test,AESRC2020-INDIAN-ACCENT-G43935-G43935S1300,AESRC2020-INDIAN-ACCENT-G43935,5.265,INDIAN,tiny,whisper_norm,gold,there is no doubt that it is a welcome development to our whole society,there is no doubt that it is a welcome development to our whole society,There is no doubt that it is a welcome development to our whole society.,there is no doubt that it is a welcome development to our whole society,0.0,0.0,1.0,1.0
test,AESRC2020-INDIAN-ACCENT-G43935-G43935S2372,AESRC2020-INDIAN-ACCENT-G43935,3.167,INDIAN,tiny,whisper_norm,gold,will the charmers have a live concert soon,will the charmers have a live concert soon,Will the charmers have a life concert soon?,will the charmers have a life concert soon,0.125,0.0238,0.875,1.0
test,AESRC2020-INDIAN-ACCENT-G43935-G43935S2373,AESRC2020-INDIAN-ACCENT-G43935,3.74,INDIAN,tiny,whisper_norm,gold,does battle breakers have a computer version,does battle breakers have a computer version,This battle breakers have a computer version,this battle breakers have a computer version,0.1429,0.0682,0.8571,1.0
test,AESRC2020-INDIAN-ACCENT-G44003-G44003S1298,AESRC2020-INDIAN-ACCENT-G44003,7.68,INDIAN,tiny,whisper_norm,gold,the rain doesn't holler wind and it move hard the body enter the world,the rain does not holler wind and it move hard the body enter the world,The rain doesn't hauler wind and it moves hard the body into the world.,the rain does not hauler wind and it moves hard the body into the world,0.2,0.0845,0.7692,1.0
test,AESRC2020-INDIAN-ACCENT-G44003-G44003S1299,AESRC2020-INDIAN-ACCENT-G44003,6.895,INDIAN,tiny,whisper_norm,gold,one of them should have been used in this article but sadly wasn't,one of them should have been used in this article but sadly was not,"One of them should have been used in this article, but sadly wasn't.",one of them should have been used in this article but sadly was not,0.0,0.0,1.0,1.0
test,AESRC2020-INDIAN-ACCENT-G44003-G44003S2372,AESRC2020-INDIAN-ACCENT-G44003,4.72,INDIAN,tiny,whisper_norm,gold,how hot is it in cold lake right now,how hot is it in cold lake right now,How hot is it in cold lake right now?,how hot is it in cold lake right now,0.0,0.0,1.0,1.0
test,AESRC2020-INDIAN-ACCENT-G44003-G44003S2373,AESRC2020-INDIAN-ACCENT-G44003,6.269,INDIAN,tiny,whisper_norm,gold,what other artists has womack made music with,what other artists has womack made music with,What other artists has Womack made music with?,what other artists has womack made music with,0.0,0.0,1.0,1.0
test,AESRC2020-INDIAN-ACCENT-G44052-G44052S1299,AESRC2020-INDIAN-ACCENT-G44052,5.124,INDIAN,tiny,whisper_norm,gold,nearly all of the people believed him because he was a very good man,nearly all of the people believed him because he was a very good man,Nearly all of the people believed him because he was a very good man.,nearly all of the people believed him because he was a very good man,0.0,0.0,1.0,1.0
test,AESRC2020-INDIAN-ACCENT-G44052-G44052S1300,AESRC2020-INDIAN-ACCENT-G44052,6.105,INDIAN,tiny,whisper_norm,gold,there is no air on the moon people wear spacesuits and carry their own air,there is no air on the moon people wear spacesuits and carry their own air,"There is no air on the moon, people wear spacesuits and carry their own air.",there is no air on the moon people wear spacesuits and carry their own air,0.0,0.0,1.0,1.0
test,AESRC2020-INDIAN-ACCENT-G44052-G44052S3378,AESRC2020-INDIAN-ACCENT-G44052,2.831,INDIAN,tiny,whisper_norm,gold,please put it on dry mode,please put it on dry mode,Please put it on dry mode.,please put it on dry mode,0.0,0.0,1.0,1.0
test,AESRC2020-INDIAN-ACCENT-G51201-G51201S1299,AESRC2020-INDIAN-ACCENT-G51201,4.427,INDIAN,tiny,whisper_norm,gold,we found the drain block already and the yard full of water,we found the drain block already and the yard full of water,We found the drain block already and the yard full of water.,we found the drain block already and the yard full of water,0.0,0.0,1.0,1.0
test,AESRC2020-INDIAN-ACCENT-G51201-G51201S1300,AESRC2020-INDIAN-ACCENT-G51201,4.153,INDIAN,tiny,whisper_norm,gold,how often did i pound into you that you must ask permission first,how often did i pound into you that you must ask permission 1st,her often did a bounding to you that you must ask permission first.,her often did a bounding to you that you must ask permission 1st,0.3077,0.1111,0.6667,1.0
test,AESRC2020-INDIAN-ACCENT-G51201-G51201S2354,AESRC2020-INDIAN-ACCENT-G51201,2.314,INDIAN,tiny,whisper_norm,gold,i want to watch the movie love angle,i want to watch the movie love angle,I want to watch the movie Love Angel.,i want to watch the movie love angel,0.125,0.0556,0.875,1.0
test,AESRC2020-INDIAN-ACCENT-G51201-G51201S2355,AESRC2020-INDIAN-ACCENT-G51201,2.957,INDIAN,tiny,whisper_norm,gold,i want to know recent news about joseph vijay,i want to know recent news about joseph vijay,I want to know recent news about Joseph Ej.,i want to know recent news about joseph ej,0.1111,0.0889,0.8889,1.0
test,AESRC2020-INDIAN-ACCENT-G52090-G52090S1298,AESRC2020-INDIAN-ACCENT-G52090,5.213,INDIAN,tiny,whisper_norm,gold,no and it never have done which person do you most admire,no and it never have done which person do you most admire,"No, and it never have done which person do you most admire.",no and it never have done which person do you most admire,0.0,0.0,1.0,1.0
test,AESRC2020-INDIAN-ACCENT-G52090-G52090S1299,AESRC2020-INDIAN-ACCENT-G52090,4.945,INDIAN,tiny,whisper_norm,gold,i'm just killing time until i can talk to the other witnesses,i am just killing time until i can talk to the other witnesses,I'm just killing time until I can talk to the other witnesses.,i am just killing time until i can talk to the other witnesses,0.0,0.0,1.0,1.0
test,AESRC2020-INDIAN-ACCENT-G52090-G52090S2364,AESRC2020-INDIAN-ACCENT-G52090,4.165,INDIAN,tiny,whisper_norm,gold,what is a recommended dish at bismillah gul mahal,what is a recommended dish at bismillah gul mahal,What is Turkey meant that this is at Bismillah Gulmuhal?,what is turkey meant that this is at bismillah gulmuhal,0.7778,0.4082,0.4444,1.1111
test,AESRC2020-INDIAN-ACCENT-G52090-G52090S3374,AESRC2020-INDIAN-ACCENT-G52090,2.415,INDIAN,tiny,whisper_norm,gold,play the next song,play the next song,Play the next song.,play the next song,0.0,0.0,1.0,1.0
test,AESRC2020-INDIAN-ACCENT-G52306-G52306S1300,AESRC2020-INDIAN-ACCENT-G52306,7.305,INDIAN,tiny,whisper_norm,gold,we apply his model to current pcs which just looks like that today,we apply his model to current pcs which just looks like that today,We apply his model to current PCs which just looks like that today.,we apply his model to current pcs which just looks like that today,0.0,0.0,1.0,1.0
test,AESRC2020-INDIAN-ACCENT-G52306-G52306S2355,AESRC2020-INDIAN-ACCENT-G52306,6.191,INDIAN,tiny,whisper_norm,gold,where can i buy the song i will si si ya in bahia,where can i buy the song i will si si ya in bahia,Where can I buy the song? I will CC ya in Vahia.,where can i buy the song i will cc ya in vahia,0.2308,0.1224,0.8182,0.9231
test,AESRC2020-INDIAN-ACCENT-G52632-G52632S1299,AESRC2020-INDIAN-ACCENT-G52632,5.95,INDIAN,tiny,whisper_norm,gold,do you have faith pres ma's command ability a disaster,do you have faith president ma is command ability a disaster,"Do you have faith, praise, mass command, ability, or disaster?",do you have faith praise mass command ability or disaster,0.3636,0.15,0.6364,0.9091
test,AESRC2020-INDIAN-ACCENT-G52632-G52632S1300,AESRC2020-INDIAN-ACCENT-G52632,5.536,INDIAN,tiny,whisper_norm,gold,i think there is an attempt to try and get to some kind of agreement,i think there is an attempt to try and get to some kind of agreement,I think there is an attempt to try and get to some kind of agreement.,i think there is an attempt to try and get to some kind of agreement,0.0,0.0,1.0,1.0
test,AESRC2020-INDIAN-ACCENT-G52632-G52632S2355,AESRC2020-INDIAN-ACCENT-G52632,4.962,INDIAN,tiny,whisper_norm,gold,what other movies are from the same producer as sainted devil,what other movies are from the same producer as sainted devil,What other movies are from the same producer as Sainte Dhevel?,what other movies are from the same producer as sainte dhevel,0.1818,0.0492,0.8182,1.0
test,AESRC2020-INDIAN-ACCENT-G52632-G52632S3370,AESRC2020-INDIAN-ACCENT-G52632,2.613,INDIAN,tiny,whisper_norm,gold,please turn on the music,please turn on the music,Please turn on the music.,please turn on the music,0.0,0.0,1.0,1.0
test,AESRC2020-INDIAN-ACCENT-G52640-G52640S1299,AESRC2020-INDIAN-ACCENT-G52640,4.052,INDIAN,tiny,whisper_norm,gold,that's a worry he says because it's a key business risk,that is a worry he says because it is a key business risk,That's a worry he says because it's a key business risk.,that is a worry he says because it is a key business risk,0.0,0.0,1.0,1.0
test,AESRC2020-INDIAN-ACCENT-G52640-G52640S1300,AESRC2020-INDIAN-ACCENT-G52640,4.878,INDIAN,tiny,whisper_norm,gold,when the show was recorded the nice were only weeks away from breaking up,when the show was recorded the nice were only weeks away from breaking up,"When this show was recorded, the knives were only weeks away from breaking up.",when this show was recorded the knives were only weeks away from breaking up,0.1429,0.0685,0.9231,1.0
test,AESRC2020-INDIAN-ACCENT-G52640-G52640S2354,AESRC2020-INDIAN-ACCENT-G52640,2.959,INDIAN,tiny,whisper_norm,gold,what is the uv index in kanpur,what is the uv index in kanpur,What is the UV index in Kanpur?,what is the uv index in kanpur,0.0,0.0,1.0,1.0
test,AESRC2020-INDIAN-ACCENT-G52640-G52640S2355,AESRC2020-INDIAN-ACCENT-G52640,5.023,INDIAN,tiny,whisper_norm,gold,what other movies are from the same director as prophecy,what other movies are from the same director as prophecy,What other movies are from the same director as Prophecy?,what other movies are from the same director as prophecy,0.0,0.0,1.0,1.0
test,AESRC2020-INDIAN-ACCENT-G52739-G52739S1299,AESRC2020-INDIAN-ACCENT-G52739,7.457,INDIAN,tiny,whisper_norm,gold,he sponged some money from his friend and went to the bar,he sponged some money from his friend and went to the bar,He sponked some money from his friend and went to the bar.,he sponked some money from his friend and went to the bar,0.0833,0.0175,0.9167,1.0
test,AESRC2020-INDIAN-ACCENT-G52739-G52739S1300,AESRC2020-INDIAN-ACCENT-G52739,7.98,INDIAN,tiny,whisper_norm,gold,life is a circle from cradle to grave and from death to birth,life is a circle from cradle to grave and from death to birth,Life is a circle from cradle to grave and from death to birth.,life is a circle from cradle to grave and from death to birth,0.0,0.0,1.0,1.0
test,AESRC2020-INDIAN-ACCENT-G52739-G52739S2354,AESRC2020-INDIAN-ACCENT-G52739,4.993,INDIAN,tiny,whisper_norm,gold,what is the uv index in the desbiens,what is the uv index in the desbiens,What is the UV index in a desk bn's?,what is the uv index in a desk bn is,0.5,0.2222,0.8571,1.25
test,AESRC2020-INDIAN-ACCENT-G52739-G52739S2355,AESRC2020-INDIAN-ACCENT-G52739,3.946,INDIAN,tiny,whisper_norm,gold,what is the pressure in memphis,what is the pressure in memphis,What is the pressure in Memphis?,what is the pressure in memphis,0.0,0.0,1.0,1.0
test,AESRC2020-INDIAN-ACCENT-G52843-G52843S1299,AESRC2020-INDIAN-ACCENT-G52843,5.585,INDIAN,tiny,whisper_norm,gold,it is this sense of unity that is so much a part of lincoln legacy,it is this sense of unity that is so much a part of lincoln legacy,It is this sense of unity that is so much a part of Linkon Legacy.,it is this sense of unity that is so much a part of linkon legacy,0.0667,0.0303,0.9231,1.0
test,AESRC2020-INDIAN-ACCENT-G52843-G52843S1300,AESRC2020-INDIAN-ACCENT-G52843,4.555,INDIAN,tiny,whisper_norm,gold,for all his years he was none the less active and energetic,for all his years he was none the less active and energetic,for all his years he was nonetheless active and energetic.,for all his years he was nonetheless active and energetic,0.25,0.0339,0.75,0.8333
test,AESRC2020-INDIAN-ACCENT-G52843-G52843S2354,AESRC2020-INDIAN-ACCENT-G52843,4.12,INDIAN,tiny,whisper_norm,gold,i want to know how long it will snow in bareilly,i want to know how long it will snow in bareilly,I want to know how long it was no in Brely.,i want to know how long it was no in brely,0.2727,0.1667,0.7273,1.0
test,AESRC2020-INDIAN-ACCENT-G52843-G52843S2355,AESRC2020-INDIAN-ACCENT-G52843,3.56,INDIAN,tiny,whisper_norm,gold,who are the main actors in the show dead man,who are the main actors in the show dead man,"Who are the main actress in the show, Deadman?",who are the main actress in the show deadman,0.3,0.0909,0.6667,0.9
test,AESRC2020-INDIAN-ACCENT-G52843-G52843S3370,AESRC2020-INDIAN-ACCENT-G52843,3.95,INDIAN,tiny,whisper_norm,gold,increase the temperature of the fridge after one hour,increase the temperature of the fridge after one hour,increase the temperature of the fridge after 1 over.,increase the temperature of the fridge after one over,0.1111,0.0566,0.875,1.0
test,AESRC2020-INDIAN-ACCENT-G53025-G53025S1297,AESRC2020-INDIAN-ACCENT-G53025,3.215,INDIAN,tiny,whisper_norm,gold,we must work out a plan for every game,we must work out a plan for every game,We must work out a plan for every game.,we must work out a plan for every game,0.0,0.0,1.0,1.0
test,AESRC2020-INDIAN-ACCENT-G53025-G53025S1299,AESRC2020-INDIAN-ACCENT-G53025,3.7,INDIAN,tiny,whisper_norm,gold,he stood on the curb till a car shot by,he stood on the curb till a car shot by,He stood on the curve till a car sought by.,he stood on the curve till a car sought by,0.2,0.1538,0.8,1.0
test,AESRC2020-INDIAN-ACCENT-G53025-G53025S2364,AESRC2020-INDIAN-ACCENT-G53025,2.41,INDIAN,tiny,whisper_norm,gold,put i'm the shit on next,put i am the shit on next,Put the seed on next.,put the seed on next,0.4286,0.32,0.5714,0.7143
test,AESRC2020-INDIAN-ACCENT-G53025-G53025S2365,AESRC2020-INDIAN-ACCENT-G53025,3.417,INDIAN,tiny,whisper_norm,gold,will there be rain in stanstead today,will there be rain in stanstead today,Will there be rain in a tanestate today?,will there be rain in a tanestate today,0.2857,0.1622,0.8571,1.1429
test,AESRC2020-INDIAN-ACCENT-G53117-G53117S1300,AESRC2020-INDIAN-ACCENT-G53117,5.131,INDIAN,tiny,whisper_norm,gold,the jury's out on what might sit under that car's hood,the jury is out on what might sit under that car is hood,The jury is out on what might sit under that car's hood.,the jury is out on what might sit under that car is hood,0.0,0.0,1.0,1.0
test,AESRC2020-INDIAN-ACCENT-G53117-G53117S2365,AESRC2020-INDIAN-ACCENT-G53117,3.912,INDIAN,tiny,whisper_norm,gold,what's the cheapest flight to southampton,what is the cheapest flight to southampton,What is the cheapest flight to South Hampton?,what is the cheapest flight to south hampton,0.2857,0.0476,0.8571,1.1429
test,AESRC2020-INDIAN-ACCENT-G53371-G53371S1299,AESRC2020-INDIAN-ACCENT-G53371,6.86,INDIAN,tiny,whisper_norm,gold,well don't go making rules about how we'll feel safe on our turf,well do not go making rules about how we will feel safe on our turf,"Well, don't go making rules about how we'll feel safe on our turf.",well do not go making rules about how we will feel safe on our turf,0.0,0.0,1.0,1.0
test,AESRC2020-INDIAN-ACCENT-G53371-G53371S1300,AESRC2020-INDIAN-ACCENT-G53371,5.046,INDIAN,tiny,whisper_norm,gold,i explained the situation and he said where haven't you tried,i explained the situation and he said where have not you tried,"I explained the situation and he said, where haven't you tried?",i explained the situation and he said where have not you tried,0.0,0.0,1.0,1.0
test,AESRC2020-INDIAN-ACCENT-G53371-G53371S2354,AESRC2020-INDIAN-ACCENT-G53371,3.58,INDIAN,tiny,whisper_norm,gold,restart this episode of rukawat ke liye khed hai,restart this episode of rukawat ke liye khed hai,restart this episode of recovery.,restart this episode of recovery,0.5556,0.4375,0.4444,0.5556
test,AESRC2020-INDIAN-ACCENT-G53371-G53371S2355,AESRC2020-INDIAN-ACCENT-G53371,6.505,INDIAN,tiny,whisper_norm,gold,is the movie belgian emperor's visit to india original,is the movie belgian emperor is visit to india original,"is the movie, Belle Gian Emperors, was set to India original.",is the movie belle gian emperors was set to india original,0.5,0.1636,0.6667,1.1
test,AESRC2020-INDIAN-ACCENT-G53371-G53371S3370,AESRC2020-INDIAN-ACCENT-G53371,2.215,INDIAN,tiny,whisper_norm,gold,speed up the air purifier,speed up the air purifier,Speed up the air purifier.,speed up the air purifier,0.0,0.0,1.0,1.0
test,AESRC2020-INDIAN-ACCENT-G53397-G53397S1299,AESRC2020-INDIAN-ACCENT-G53397,6.511,INDIAN,tiny,whisper_norm,gold,used as a title of respect for a learned man in india,used as a title of respect for a learned man in india,used as a title of respect for a learned main in India.,used as a title of respect for a learned main in india,0.0833,0.0189,0.9091,1.0
test,AESRC2020-INDIAN-ACCENT-G53397-G53397S1300,AESRC2020-INDIAN-ACCENT-G53397,5.42,INDIAN,tiny,whisper_norm,gold,i expect the book is a bit too difficult for you,i expect the book is a bit too difficult for you,I expect the book is a bit too difficult for you.,i expect the book is a bit too difficult for you,0.0,0.0,1.0,1.0
test,AESRC2020-INDIAN-ACCENT-G53397-G53397S2354,AESRC2020-INDIAN-ACCENT-G53397,5.595,INDIAN,tiny,whisper_norm,gold,i want to skip the next episode of st elsewhere,i want to skip the next episode of saint elsewhere,I want to skip the next episode of ST Elsewhere.,i want to skip the next episode of saint elsewhere,0.0,0.0,1.0,1.0
test,AESRC2020-INDIAN-ACCENT-G53397-G53397S2355,AESRC2020-INDIAN-ACCENT-G53397,4.482,INDIAN,tiny,whisper_norm,gold,skip to the next episode of st elsewhere,skip to the next episode of saint elsewhere,skip to the next episode of ST elsewhere.,skip to the next episode of saint elsewhere,0.0,0.0,1.0,1.0
test,AESRC2020-INDIAN-ACCENT-G53472-G53472S1299,AESRC2020-INDIAN-ACCENT-G53472,5.632,INDIAN,tiny,whisper_norm,gold,most of us have not begun to tap our own potential for happiness,most of us have not begun to tap our own potential for happiness,Most of us have not begun to tap our own potential for happiness.,most of us have not begun to tap our own potential for happiness,0.0,0.0,1.0,1.0
test,AESRC2020-INDIAN-ACCENT-G53472-G53472S1300,AESRC2020-INDIAN-ACCENT-G53472,4.46,INDIAN,tiny,whisper_norm,gold,this is one of the essential summer sounds of the year,this is one of the essential summer sounds of the year,This is one of the essential summer sounds of the year.,this is one of the essential summer sounds of the year,0.0,0.0,1.0,1.0
test,AESRC2020-INDIAN-ACCENT-G53472-G53472S2354,AESRC2020-INDIAN-ACCENT-G53472,3.881,INDIAN,tiny,whisper_norm,gold,help me order delivery from anr hotel,help me order delivery from anr hotel,Help me order delivery from ANR Hotel.,help me order delivery from anr hotel,0.0,0.0,1.0,1.0
test,AESRC2020-INDIAN-ACCENT-G53472-G53472S2355,AESRC2020-INDIAN-ACCENT-G53472,5.12,INDIAN,tiny,whisper_norm,gold,can i use the app balloon bow and arrow game for free,can i use the app balloon bow and arrow game for free,"Can I use the Abelun Ball and Arrow, Dem43?",can i use the abelun ball and arrow dem 43,0.5,0.3962,0.5,0.8333
test,AESRC2020-INDIAN-ACCENT-G53668-G53668S1299,AESRC2020-INDIAN-ACCENT-G53668,7.75,INDIAN,tiny,whisper_norm,gold,there are other craters too and what lies at the moon's north pole,there are other craters too and what lies at the moon is north pole,"There are other creators too, and what lies at the moon's not poll.",there are other creators too and what lies at the moon is not poll,0.2143,0.0746,0.7857,1.0
test,AESRC2020-INDIAN-ACCENT-G53668-G53668S1300,AESRC2020-INDIAN-ACCENT-G53668,5.215,INDIAN,tiny,whisper_norm,gold,mom's handbag is very pretty she made it herself,mom is handbag is very pretty she made it herself,"Mom's handbag is very pretty, she made it herself.",mom is handbag is very pretty she made it herself,0.0,0.0,1.0,1.0
test,AESRC2020-INDIAN-ACCENT-G53668-G53668S2365,AESRC2020-INDIAN-ACCENT-G53668,3.456,INDIAN,tiny,whisper_norm,gold,switch to malgudi subha songs,switch to malgudi subha songs,Switch to Malguri Shubha song.,switch to malguri shubha song,0.6,0.1034,0.4,1.0
test,AESRC2020-INDIAN-ACCENT-G53668-G53668S2366,AESRC2020-INDIAN-ACCENT-G53668,4.42,INDIAN,tiny,whisper_norm,gold,dreaming with you is the soundtrack to what film,dreaming with you is the soundtrack to what film,Dreaming with you is the soundtrack to what film.,dreaming with you is the soundtrack to what film,0.0,0.0,1.0,1.0
test,AESRC2020-INDIAN-ACCENT-G53709-G53709S1300,AESRC2020-INDIAN-ACCENT-G53709,6.59,INDIAN,tiny,whisper_norm,gold,the problem is that the medical profession do not like the threat to their jobs,the problem is that the medical profession do not like the threat to their jobs,The problem is that the medical profession do not like the threat to their jobs.,the problem is that the medical profession do not like the threat to their jobs,0.0,0.0,1.0,1.0
test,AESRC2020-INDIAN-ACCENT-G53709-G53709S2373,AESRC2020-INDIAN-ACCENT-G53709,4.96,INDIAN,tiny,whisper_norm,gold,how large is splashtop wired xd is play free,how large is splashtop wired xd is play free,How large is splash top wire? Accid display free.,how large is splash top wire accid display free,0.5556,0.1818,0.5,1.0
test,AESRC2020-INDIAN-ACCENT-G53769-G53769S1299,AESRC2020-INDIAN-ACCENT-G53769,5.395,INDIAN,tiny,whisper_norm,gold,i want to travel all over the world so i need to master english first,i want to travel all over the world so i need to master english 1st,I want to travel all over the world so I need to master English first.,i want to travel all over the world so i need to master english 1st,0.0,0.0,1.0,1.0
test,AESRC2020-INDIAN-ACCENT-G53769-G53769S1300,AESRC2020-INDIAN-ACCENT-G53769,5.1,INDIAN,tiny,whisper_norm,gold,he was filled with consternation to hear that his friend was so ill,he was filled with consternation to hear that his friend was so ill,He was filled with consternation to hear that his friend was so ill.,he was filled with consternation to hear that his friend was so ill,0.0,0.0,1.0,1.0
test,AESRC2020-INDIAN-ACCENT-G53769-G53769S2372,AESRC2020-INDIAN-ACCENT-G53769,3.87,INDIAN,tiny,whisper_norm,gold,what is art garfunkel most famous song,what is art garfunkel most famous song,What is Ad Garfunkel most famous song?,what is ad garfunkel most famous song,0.1429,0.0526,0.8571,1.0
test,AESRC2020-INDIAN-ACCENT-G53769-G53769S2373,AESRC2020-INDIAN-ACCENT-G53769,4.175,INDIAN,tiny,whisper_norm,gold,when was harry potter and the goblet of fire released,when was harry potter and the goblet of fire released,When was Harry Potter and the Goblet of Fire released?,when was harry potter and the goblet of fire released,0.0,0.0,1.0,1.0
test,AESRC2020-INDIAN-ACCENT-G53975-G53975S1299,AESRC2020-INDIAN-ACCENT-G53975,7.7,INDIAN,tiny,whisper_norm,gold,their skin is thick and grey with a generous layer of fa fat underneath,their skin is thick and gray with a generous layer of fa fat underneath,"Their skin is thick and gray, with a generous layer of fat underneath.",their skin is thick and gray with a generous layer of fat underneath,0.0714,0.0423,0.9286,0.9286
test,AESRC2020-INDIAN-ACCENT-G53975-G53975S1300,AESRC2020-INDIAN-ACCENT-G53975,8.24,INDIAN,tiny,whisper_norm,gold,sometimes there is no evidence of infection and it isn't possible to find a cause,sometimes there is no evidence of infection and it is not possible to find a cause,Sometimes there is no evidence of infection and it isn't possible to find a cause.,sometimes there is no evidence of infection and it is not possible to find a cause,0.0,0.0,1.0,1.0
test,AESRC2020-INDIAN-ACCENT-G53975-G53975S2370,AESRC2020-INDIAN-ACCENT-G53975,4.36,INDIAN,tiny,whisper_norm,gold,does pressure cracks have an upcoming release,does pressure cracks have an upcoming release,Does pressure cracks have an upcoming release?,does pressure cracks have an upcoming release,0.0,0.0,1.0,1.0
test,AESRC2020-INDIAN-ACCENT-G54022-G54022S1299,AESRC2020-INDIAN-ACCENT-G54022,6.036,INDIAN,tiny,whisper_norm,gold,whisk the egg whites in a large mixing bowl until stiff but not dry,whisk the egg whites in a large mixing bowl until stiff but not dry,risk the egg whites in large mixing bowl until stiff but not dry.,risk the egg whites in large mixing bowl until stiff but not dry,0.1429,0.0597,0.8571,0.9286
test,AESRC2020-INDIAN-ACCENT-G54022-G54022S2368,AESRC2020-INDIAN-ACCENT-G54022,3.008,INDIAN,tiny,whisper_norm,gold,will it be sunny tomorrow in jomala,will it be sunny tomorrow in jomala,Will it be sunny tomorrow in Jomada?,will it be sunny tomorrow in jomada,0.1429,0.0286,0.8571,1.0
test,AESRC2020-INDIAN-ACCENT-G62347-G62347S1296,AESRC2020-INDIAN-ACCENT-G62347,5.724,INDIAN,tiny,whisper_norm,gold,the village has changed a great deal since we last visited it,the village has changed a great deal since we last visited it,The blade has sensed a great deal since we last visited it.,the blade has sensed a great deal since we last visited it,0.1667,0.1311,0.8333,1.0
test,AESRC2020-INDIAN-ACCENT-G62347-G62347S1297,AESRC2020-INDIAN-ACCENT-G62347,7.972,INDIAN,tiny,whisper_norm,gold,add cost of marketing and cost of sales divide by the number of customers,add cost of marketing and cost of sales divide by the number of customers,and cost of marketing and cost of sales. Divide by the number of customers.,and cost of marketing and cost of sales divide by the number of customers,0.0714,0.0137,0.9091,1.0
test,AESRC2020-INDIAN-ACCENT-G62347-G62347S2350,AESRC2020-INDIAN-ACCENT-G62347,5.049,INDIAN,tiny,whisper_norm,gold,i want to watch episode three of the lost weekend,i want to watch episode 3 of the lost weekend,I want to watch episode 3 of the Lost Weekend.,i want to watch episode 3 of the lost weekend,0.0,0.0,1.0,1.0
test,AESRC2020-INDIAN-ACCENT-G62347-G62347S2351,AESRC2020-INDIAN-ACCENT-G62347,5.528,INDIAN,tiny,whisper_norm,gold,i want to remove fifteen minuter fame from the queue,i want to remove 15 minuter fame from the queue,I want to remove pep 10 minutes from the crew.,i want to remove pep 10 minutes from the crew,0.4,0.3191,0.6,1.0
test,AESRC2020-INDIAN-ACCENT-G62432-G62432S1299,AESRC2020-INDIAN-ACCENT-G62432,6.317,INDIAN,tiny,whisper_norm,gold,reporter about now does she a still have the urge to get married,reporter about now does she a still have the urge to get married,Reporter about now does see still have the urge to get married.,reporter about now does see still have the urge to get married,0.1538,0.0469,0.8462,0.9231
test,AESRC2020-INDIAN-ACCENT-G62432-G62432S2354,AESRC2020-INDIAN-ACCENT-G62432,4.0,INDIAN,tiny,whisper_norm,gold,i want to listen to more songs like elephant,i want to listen to more songs like elephant,I want to listen to more songs like Elephant.,i want to listen to more songs like elephant,0.0,0.0,1.0,1.0
test,AESRC2020-INDIAN-ACCENT-G62432-G62432S2355,AESRC2020-INDIAN-ACCENT-G62432,3.3,INDIAN,tiny,whisper_norm,gold,what time is sunrise in fremont,what time is sunrise in fremont,What time is sunrise in Fremont?,what time is sunrise in fremont,0.0,0.0,1.0,1.0
test,AESRC2020-INDIAN-ACCENT-G62432-G62432S3370,AESRC2020-INDIAN-ACCENT-G62432,2.513,INDIAN,tiny,whisper_norm,gold,stop a smart light,stop a smart light,Stop a smart light.,stop a smart light,0.0,0.0,1.0,1.0
test,AESRC2020-INDIAN-ACCENT-G63002-G63002S1299,AESRC2020-INDIAN-ACCENT-G63002,5.145,INDIAN,tiny,whisper_norm,gold,the mother saw her son come home from the gym with his hair wet,the mother saw her son come home from the gym with his hair wet,The mother so her son come home from the gym with his hair weight.,the mother so her son come home from the gym with his hair weight,0.1429,0.0794,0.8462,1.0
test,AESRC2020-INDIAN-ACCENT-G63002-G63002S2363,AESRC2020-INDIAN-ACCENT-G63002,4.18,INDIAN,tiny,whisper_norm,gold,does best jumbo wada pav center have takeaway,does best jumbo wada pav center have takeaway,The Dutch based jump-up power center have taken away.,the dutch based jump up power center have taken away,1.0,0.5111,0.25,1.25
test,AESRC2020-INDIAN-ACCENT-G63002-G63002S2365,AESRC2020-INDIAN-ACCENT-G63002,3.69,INDIAN,tiny,whisper_norm,gold,how hot will it get in bunnell this week,how hot will it get in bunnell this week,How how to feel it get in vanilla this week?,how how to feel it get in vanilla this week,0.4444,0.275,0.6667,1.1111
test,AESRC2020-INDIAN-ACCENT-G63002-G63002S3375,AESRC2020-INDIAN-ACCENT-G63002,2.488,INDIAN,tiny,whisper_norm,gold,select and play music randomly,select and play music randomly,Select and play music randomly.,select and play music randomly,0.0,0.0,1.0,1.0
test,AESRC2020-INDIAN-ACCENT-G63356-G63356S1299,AESRC2020-INDIAN-ACCENT-G63356,4.009,INDIAN,tiny,whisper_norm,gold,i have a soft spot for my old school,i have a soft spot for my old school,I have a soft spot for my old school.,i have a soft spot for my old school,0.0,0.0,1.0,1.0
test,AESRC2020-INDIAN-ACCENT-G63356-G63356S1300,AESRC2020-INDIAN-ACCENT-G63356,6.247,INDIAN,tiny,whisper_norm,gold,once a man lived on the juice expressed from potatoes for over a year,once a man lived on the juice expressed from potatoes for over a year,Once a man lived on the juice expressed from potatoes for over a year.,once a man lived on the juice expressed from potatoes for over a year,0.0,0.0,1.0,1.0
test,AESRC2020-INDIAN-ACCENT-G63356-G63356S2354,AESRC2020-INDIAN-ACCENT-G63356,4.252,INDIAN,tiny,whisper_norm,gold,are there other versions of mundiyan,are there other versions of mundiyan,are there other versions of Mundian?,are there other versions of mundian,0.1667,0.0278,0.8333,1.0
test,AESRC2020-INDIAN-ACCENT-G63356-G63356S2355,AESRC2020-INDIAN-ACCENT-G63356,5.475,INDIAN,tiny,whisper_norm,gold,remove all songs by drcarlsonalbion from the queue,remove all songs by drcarlsonalbion from the queue,Remove all songs by Dr. Carl Sinalbian from the queue.,remove all songs by doctor carl sinalbian from the queue,0.375,0.16,0.875,1.25
test,AESRC2020-INDIAN-ACCENT-G64015-G64015S1299,AESRC2020-INDIAN-ACCENT-G64015,6.395,INDIAN,tiny,whisper_norm,gold,my tooth really hurts my wool mouth hurts i have to go to the dentist,my tooth really hurts my wool mouth hurts i have to go to the dentist,"My two really hurt, my whole mouth hurts, I have to go to the dentist.",my 2 really hurt my whole mouth hurts i have to go to the dentist,0.2,0.1159,0.8333,1.0
test,AESRC2020-INDIAN-ACCENT-G64015-G64015S1300,AESRC2020-INDIAN-ACCENT-G64015,6.085,INDIAN,tiny,whisper_norm,gold,it is been a long and arduous process though to bring it to completion,it is been a long and arduous process though to bring it to completion,It is been a long and odd world process though to bring a 2 completion.,it is been a long and odd world process though to bring a 2 completion,0.2857,0.1571,0.9167,1.0714
test,AESRC2020-INDIAN-ACCENT-G64015-G64015S2373,AESRC2020-INDIAN-ACCENT-G64015,3.125,INDIAN,tiny,whisper_norm,gold,when will the sunset in kampala,when will the sunset in kampala,When will the sunset in Kampala?,when will the sunset in kampala,0.0,0.0,1.0,1.0
test,AESRC2020-INDIAN-ACCENT-G64015-G64015S3378,AESRC2020-INDIAN-ACCENT-G64015,2.84,INDIAN,tiny,whisper_norm,gold,decrease the volume to thirty,decrease the volume to 30,decrease the volume to 30.,decrease the volume to 30,0.0,0.0,1.0,1.0
test,AESRC2020-INDIAN-ACCENT-G72570-G72570S1300,AESRC2020-INDIAN-ACCENT-G72570,4.855,INDIAN,tiny,whisper_norm,gold,i can't sit across the table from someone who sweeps my floors,i can not sit across the table from someone who sweeps my floors,I can't sit across the table from someone who sweeps my floors.,i can not sit across the table from someone who sweeps my floors,0.0,0.0,1.0,1.0
test,AESRC2020-INDIAN-ACCENT-G72570-G72570S2354,AESRC2020-INDIAN-ACCENT-G72570,4.84,INDIAN,tiny,whisper_norm,gold,what will the temperature be at eight pm tonight in jammu,what will the temperature be at 8 pm tonight in jammu,What will the temperature be at 8pm tonight in Jammu?,what will the temperature be at 8 pm tonight in jammu,0.0,0.0,1.0,1.0
test,AESRC2020-INDIAN-ACCENT-G72570-G72570S3370,AESRC2020-INDIAN-ACCENT-G72570,3.615,INDIAN,tiny,whisper_norm,gold,i always want my music player on,i always want my music player on,I always want my music player on.,i always want my music player on,0.0,0.0,1.0,1.0
test,AESRC2020-INDIAN-ACCENT-G72678-G72678S1300,AESRC2020-INDIAN-ACCENT-G72678,7.372,INDIAN,tiny,whisper_norm,gold,however there will be a major consciousness shift at the end of the year,however there will be a major consciousness shift at the end of the year,"However, there will be a major consciousness shift at the end of the year.",however there will be a major consciousness shift at the end of the year,0.0,0.0,1.0,1.0
test,AESRC2020-INDIAN-ACCENT-G72678-G72678S2355,AESRC2020-INDIAN-ACCENT-G72678,3.358,INDIAN,tiny,whisper_norm,gold,when was the show yes boss made,when was the show yes boss made,Rene was the Soak Yes Boss Meide,rene was the soak yes boss meide,0.4286,0.2581,0.5714,1.0
test,AESRC2020-INDIAN-ACCENT-G73344-G73344S1299,AESRC2020-INDIAN-ACCENT-G73344,3.075,INDIAN,tiny,whisper_norm,gold,a dog needs to be taken out for a walk every day,a dog needs to be taken out for a walk every day,A dog needs to be taken out for a walk every day.,a dog needs to be taken out for a walk every day,0.0,0.0,1.0,1.0
test,AESRC2020-INDIAN-ACCENT-G73344-G73344S1300,AESRC2020-INDIAN-ACCENT-G73344,4.752,INDIAN,tiny,whisper_norm,gold,he meant to get up and ready and take a walk before breakfast,he meant to get up and ready and take a walk before breakfast,He meant to get up and ready and take a walk before a break fast.,he meant to get up and ready and take a walk before a break fast,0.2308,0.0492,0.9167,1.1538
test,AESRC2020-INDIAN-ACCENT-G73344-G73344S2354,AESRC2020-INDIAN-ACCENT-G73344,2.614,INDIAN,tiny,whisper_norm,gold,i don't want to listen to the autumnal sessions,i do not want to listen to the autumnal sessions,I don't want to listen to the R terminal sessions.,i do not want to listen to the r terminal sessions,0.2,0.1042,0.8889,1.1
test,AESRC2020-INDIAN-ACCENT-G73344-G73344S2355,AESRC2020-INDIAN-ACCENT-G73344,3.27,INDIAN,tiny,whisper_norm,gold,what awards has the song acrobat won,what awards has the song acrobat won,What are what has the song aggravate one?,what are what has the song aggravate one,0.5714,0.3889,0.5714,1.1429
test,AESRC2020-INDIAN-ACCENT-G73345-G73345S1299,AESRC2020-INDIAN-ACCENT-G73345,4.732,INDIAN,tiny,whisper_norm,gold,he says a combination of issues is posing a threat to consumers,he says a combination of issues is posing a threat to consumers,He says a combination of issues is posing a threat to consumers.,he says a combination of issues is posing a threat to consumers,0.0,0.0,1.0,1.0
test,AESRC2020-INDIAN-ACCENT-G73345-G73345S1300,AESRC2020-INDIAN-ACCENT-G73345,5.129,INDIAN,tiny,whisper_norm,gold,why on earth don't they and apologize for taking wrong bags,why on earth do not they and apologize for taking wrong bags,"Why or not, don't get and apologize for taking wrong backs.",why or not do not get and apologize for taking wrong backs,0.3333,0.1667,0.6667,1.0
test,AESRC2020-INDIAN-ACCENT-G73345-G73345S2354,AESRC2020-INDIAN-ACCENT-G73345,3.902,INDIAN,tiny,whisper_norm,gold,what kind of payments do they take at pronto,what kind of payments do they take at pronto,What kind of payments do they take at Pronto?,what kind of payments do they take at pronto,0.0,0.0,1.0,1.0
test,AESRC2020-INDIAN-ACCENT-G73345-G73345S2355,AESRC2020-INDIAN-ACCENT-G73345,3.276,INDIAN,tiny,whisper_norm,gold,what kind of movie is whose fault,what kind of movie is whose fault,What kind of movies who's fault?,what kind of movies who is fault,0.4286,0.1515,0.7143,1.0
test,AESRC2020-INDIAN-ACCENT-G73961-G73961S1300,AESRC2020-INDIAN-ACCENT-G73961,4.67,INDIAN,tiny,whisper_norm,gold,but we do have a choice about whether we should go on holiday,but we do have a choice about whether we should go on holiday,But we do have a choice about whether we should go on holiday.,but we do have a choice about whether we should go on holiday,0.0,0.0,1.0,1.0
test,AESRC2020-INDIAN-ACCENT-G73961-G73961S2373,AESRC2020-INDIAN-ACCENT-G73961,3.945,INDIAN,tiny,whisper_norm,gold,what is the day i became a woman about,what is the day i became a woman about,What is the day I became a woman about?,what is the day i became a woman about,0.0,0.0,1.0,1.0
test,AESRC2020-INDIAN-ACCENT-G83700-G83700S1299,AESRC2020-INDIAN-ACCENT-G83700,4.76,INDIAN,tiny,whisper_norm,gold,place three washed fresh basil leaves in a cup of hot water,place 3 washed fresh basil leaves in a cup of hot water,Place 3 washed fresh basil leaves in a cup of hot water.,place 3 washed fresh basil leaves in a cup of hot water,0.0,0.0,1.0,1.0
test,AESRC2020-INDIAN-ACCENT-G83700-G83700S1300,AESRC2020-INDIAN-ACCENT-G83700,4.783,INDIAN,tiny,whisper_norm,gold,you could stuff the hole in the widow up with old newspapers,you could stuff the hole in the widow up with old newspapers,You could stuff the hole in the video up with old newspapers.,you could stuff the hole in the video up with old newspapers,0.0833,0.05,0.9091,1.0
test,AESRC2020-INDIAN-ACCENT-G83700-G83700S2365,AESRC2020-INDIAN-ACCENT-G83700,3.547,INDIAN,tiny,whisper_norm,gold,i want to call a taxi to abg shipyard,i want to call a taxi to abg shipyard,I want to call it taxi to ABG Shipyard.,i want to call it taxi to abg shipyard,0.1111,0.0541,0.875,1.0
test,AESRC2020-INDIAN-ACCENT-G83700-G83700S2366,AESRC2020-INDIAN-ACCENT-G83700,3.75,INDIAN,tiny,whisper_norm,gold,do they have discount at kadimi foods private limited,do they have discount at kadimi foods private limited,Do they have discounted Kathemi foods private limited?,do they have discounted kathemi foods private limited,0.3333,0.1132,0.6667,0.8889
test,AESRC2020-INDIAN-ACCENT-G83700-G83700S3376,AESRC2020-INDIAN-ACCENT-G83700,4.106,INDIAN,tiny,whisper_norm,gold,change the refrigerator temperature according to the room,change the refrigerator temperature according to the room,Change the refrigerator at the temperature according to the room.,change the refrigerator at the temperature according to the room,0.25,0.1228,1.0,1.25
test,AESRC2020-INDIAN-ACCENT-G90125-G90125S1299,AESRC2020-INDIAN-ACCENT-G90125,3.995,INDIAN,tiny,whisper_norm,gold,could we be looking at some other form of alien a possession,could we be looking at some other form of alien a possession,Could we be looking at some other form of alien opposition?,could we be looking at some other form of alien opposition,0.1667,0.1,0.8333,0.9167
test,AESRC2020-INDIAN-ACCENT-G90125-G90125S1300,AESRC2020-INDIAN-ACCENT-G90125,4.66,INDIAN,tiny,whisper_norm,gold,what was that the plane dropped suddenly it must have hit an air pocket,what was that the plane dropped suddenly it must have hit an air pocket,What was that? The plane drops suddenly it must have hit an air pocket.,what was that the plane drops suddenly it must have hit an air pocket,0.0714,0.0423,0.9286,1.0
test,AESRC2020-INDIAN-ACCENT-G90125-G90125S2354,AESRC2020-INDIAN-ACCENT-G90125,2.539,INDIAN,tiny,whisper_norm,gold,how much will it rain in denver,how much will it rain in denver,How much will it rain in Denver?,how much will it rain in denver,0.0,0.0,1.0,1.0
test,AESRC2020-INDIAN-ACCENT-G90125-G90125S2355,AESRC2020-INDIAN-ACCENT-G90125,2.98,INDIAN,tiny,whisper_norm,gold,what time is sunrise in guntakal,what time is sunrise in guntakal,What time is sunrise in Guntakul?,what time is sunrise in guntakul,0.1667,0.0312,0.8333,1.0
test,AESRC2020-INDIAN-ACCENT-G90125-G90125S3370,AESRC2020-INDIAN-ACCENT-G90125,2.694,INDIAN,tiny,whisper_norm,gold,switch off the machine after five minutes,switch off the machine after 5 minutes,switch off the machine after 5 minutes.,switch off the machine after 5 minutes,0.0,0.0,1.0,1.0
test,AESRC2020-INDIAN-ACCENT-G90143-G90143S1300,AESRC2020-INDIAN-ACCENT-G90143,5.07,INDIAN,tiny,whisper_norm,gold,we have done the country proud and this is my greatest moment,we have done the country proud and this is my greatest moment,We have done the country proud and this is my greatest moment.,we have done the country proud and this is my greatest moment,0.0,0.0,1.0,1.0
test,AESRC2020-INDIAN-ACCENT-G90143-G90143S2355,AESRC2020-INDIAN-ACCENT-G90143,3.834,INDIAN,tiny,whisper_norm,gold,is there a discount on twirlly whirlly turtle,is there a discount on twirlly whirlly turtle,Is there a discount on Tuali worldly total?,is there a discount on tuali worldly total,0.375,0.2667,0.625,1.0
test,AESRC2020-INDIAN-ACCENT-G90144-G90144S1299,AESRC2020-INDIAN-ACCENT-G90144,5.859,INDIAN,tiny,whisper_norm,gold,the lady was sitting upright in her chair stiff as a poker,the lady was sitting upright in her chair stiff as a poker,"The lady was sitting upright in her chair, stiff as a poker.",the lady was sitting upright in her chair stiff as a poker,0.0,0.0,1.0,1.0
test,AESRC2020-INDIAN-ACCENT-G90144-G90144S1300,AESRC2020-INDIAN-ACCENT-G90144,4.208,INDIAN,tiny,whisper_norm,gold,people come with lots of gifts to celebrate the day,people come with lots of gifts to celebrate the day,People come with lots of gifts to celebrate the day.,people come with lots of gifts to celebrate the day,0.0,0.0,1.0,1.0
test,AESRC2020-INDIAN-ACCENT-G90144-G90144S2353,AESRC2020-INDIAN-ACCENT-G90144,4.66,INDIAN,tiny,whisper_norm,gold,i want to know more about the places around sharani lodge,i want to know more about the places around sharani lodge,I want to know more about the places around China and the large.,i want to know more about the places around china and the large,0.3636,0.193,0.8182,1.1818
test,AESRC2020-INDIAN-ACCENT-G90144-G90144S2354,AESRC2020-INDIAN-ACCENT-G90144,4.318,INDIAN,tiny,whisper_norm,gold,do they have a breakfast menu at fish land restaurant,do they have a breakfast menu at fish land restaurant,Do they have a breakfast menu at Fishland Restaurant?,do they have a breakfast menu at fishland restaurant,0.2,0.0189,0.8,0.9
test,AESRC2020-INDIAN-ACCENT-G90144-G90144S3370,AESRC2020-INDIAN-ACCENT-G90144,2.6,INDIAN,tiny,whisper_norm,gold,stop cleaning anymore,stop cleaning anymore,Stop cleaning anymore.,stop cleaning anymore,0.0,0.0,1.0,1.0
test,AESRC2020-INDIAN-ACCENT-G90208-G90208S1300,AESRC2020-INDIAN-ACCENT-G90208,5.745,INDIAN,tiny,whisper_norm,gold,this is the malt that lay in the house that jack built,this is the malt that lay in the house that jack built,This is the malt that lay in the house that Jack built.,this is the malt that lay in the house that jack built,0.0,0.0,1.0,1.0
test,AESRC2020-INDIAN-ACCENT-G90208-G90208S2355,AESRC2020-INDIAN-ACCENT-G90208,5.9,INDIAN,tiny,whisper_norm,gold,how popular is the show armanon ka balidaan aarakshan,how popular is the show armanon ka balidaan aarakshan,"How popular is the show Armano Ka Balidan, Arakshen?",how popular is the show armano ka balidan arakshen,0.3333,0.0755,0.6667,1.0
test,AESRC2020-INDIAN-ACCENT-G90219-G90219S1299,AESRC2020-INDIAN-ACCENT-G90219,4.616,INDIAN,tiny,whisper_norm,gold,it's only through fishing that we have an idea how many fish are out there,it is only through fishing that we have an idea how many fish are out there,It's only though fishing that we have an idea how many fish are out there.,it is only though fishing that we have an idea how many fish are out there,0.0625,0.0133,0.9375,1.0
test,AESRC2020-INDIAN-ACCENT-G90219-G90219S1300,AESRC2020-INDIAN-ACCENT-G90219,3.839,INDIAN,tiny,whisper_norm,gold,i hope you not chop and change your mind so often,i hope you not chop and change your mind so often,I hope you not job and change your mind so often.,i hope you not job and change your mind so often,0.0909,0.0612,0.9091,1.0
test,AESRC2020-INDIAN-ACCENT-G90219-G90219S2354,AESRC2020-INDIAN-ACCENT-G90219,3.404,INDIAN,tiny,whisper_norm,gold,don't play the film the kingdom of woman,do not play the film the kingdom of woman,"Don't play the film, the Kingdom of Woman.",do not play the film the kingdom of woman,0.0,0.0,1.0,1.0
test,AESRC2020-INDIAN-ACCENT-G90219-G90219S2355,AESRC2020-INDIAN-ACCENT-G90219,3.436,INDIAN,tiny,whisper_norm,gold,how much will it rain in las cruces,how much will it rain in las cruces,How much will it rain in last cruise?,how much will it rain in last cruise,0.25,0.1143,0.75,1.0
test,AESRC2020-INDIAN-ACCENT-G90221-G90221S1300,AESRC2020-INDIAN-ACCENT-G90221,4.88,INDIAN,tiny,whisper_norm,gold,there is much much more than we have touched on so far,there is much much more than we have touched on so far,There is much more than we have touched on so far.,there is much more than we have touched on so far,0.0833,0.0926,1.0,0.9167
test,AESRC2020-INDIAN-ACCENT-G90221-G90221S2353,AESRC2020-INDIAN-ACCENT-G90221,5.236,INDIAN,tiny,whisper_norm,gold,i only want to listen to music by alka ajith,i only want to listen to music by alka ajith,I only want to listen to music by Alka Ajith.,i only want to listen to music by alka ajith,0.0,0.0,1.0,1.0
test,AESRC2020-INDIAN-ACCENT-G90222-G90222S1299,AESRC2020-INDIAN-ACCENT-G90222,5.676,INDIAN,tiny,whisper_norm,gold,the plane was returning to the airport soon after took off when it burst into flames,the plane was returning to the airport soon after took off when it burst into flames,The plane was returning to the airport soon after took off when it burst into flames.,the plane was returning to the airport soon after took off when it burst into flames,0.0,0.0,1.0,1.0
test,AESRC2020-INDIAN-ACCENT-G90222-G90222S1300,AESRC2020-INDIAN-ACCENT-G90222,5.513,INDIAN,tiny,whisper_norm,gold,there's at least one sale guaranteed if it's as good as the first volume,there is at least one sale guaranteed if it is as good as the 1st volume,There is at least one tail guaranteed if it's as good as the first volume.,there is at least one tail guaranteed if it is as good as the 1st volume,0.0625,0.0417,0.9286,1.0
test,AESRC2020-INDIAN-ACCENT-G90222-G90222S2354,AESRC2020-INDIAN-ACCENT-G90222,6.604,INDIAN,tiny,whisper_norm,gold,i want to know what other people said about stayfree sanitary pad secure ultra thn extra,i want to know what other people said about stayfree sanitary pad secure ultra thn extra,I want to know what other people said about Stiff is an entry pair secure ultra thin extra.,i want to know what other people said about stiff is an entry pair secure ultra thin extra,0.375,0.1477,0.75,1.125
test,AESRC2020-INDIAN-ACCENT-G90222-G90222S2355,AESRC2020-INDIAN-ACCENT-G90222,3.64,INDIAN,tiny,whisper_norm,gold,i want to listen to fledermausland again,i want to listen to fledermausland again,I want to listen to Fledder Mow's Land again.,i want to listen to fledder mow is land again,0.5714,0.175,0.8333,1.4286
test,AESRC2020-INDIAN-ACCENT-G90233-G90233S1299,AESRC2020-INDIAN-ACCENT-G90233,5.778,INDIAN,tiny,whisper_norm,gold,he pays a few dollars and then goes out onto the street,he pays a few dollars and then goes out onto the street,He pays a few dollars and then goes out onto the street.,he pays a few dollars and then goes out onto the street,0.0,0.0,1.0,1.0
test,AESRC2020-INDIAN-ACCENT-G90233-G90233S1300,AESRC2020-INDIAN-ACCENT-G90233,5.544,INDIAN,tiny,whisper_norm,gold,your free will is currently a danger to the solar system and to the planet,your free will is currently a danger to the solar system and to the planet,Your free will is currently a danger to the solar system and to the planet.,your free will is currently a danger to the solar system and to the planet,0.0,0.0,1.0,1.0
test,AESRC2020-INDIAN-ACCENT-G90233-G90233S2354,AESRC2020-INDIAN-ACCENT-G90233,4.081,INDIAN,tiny,whisper_norm,gold,what is the name of this episode of blade runner,what is the name of this episode of blade runner,But it's the name of this episode of Blade Runner.,but it is the name of this episode of blade runner,0.2,0.1042,0.8889,1.1
test,AESRC2020-INDIAN-ACCENT-G90233-G90233S2355,AESRC2020-INDIAN-ACCENT-G90233,3.799,INDIAN,tiny,whisper_norm,gold,are there other versions of done for me,are there other versions of done for me,are their other variants of Dunfomi.,are their other variants of dunfomi,0.625,0.3077,0.375,0.75
test,AESRC2020-INDIAN-ACCENT-G90235-G90235S2354,AESRC2020-INDIAN-ACCENT-G90235,2.685,INDIAN,tiny,whisper_norm,gold,tell me the temperature in boise,tell me the temperature in boise,Tell me the temperature in voice.,tell me the temperature in voice,0.1667,0.0625,0.8333,1.0
test,AESRC2020-INDIAN-ACCENT-G90235-G90235S2355,AESRC2020-INDIAN-ACCENT-G90235,3.977,INDIAN,tiny,whisper_norm,gold,what kind of operating system can quikr be used on,what kind of operating system can quikr be used on,What kind of operating system can cricket be used on?,what kind of operating system can cricket be used on,0.1,0.1,0.9,1.0
test,AESRC2020-INDIAN-ACCENT-G90235-G90235S3370,AESRC2020-INDIAN-ACCENT-G90235,3.402,INDIAN,tiny,whisper_norm,gold,i want you to turn on the story telling machine,i want you to turn on the story telling machine,I want you to turn on the story telling mission.,i want you to turn on the story telling mission,0.1,0.1064,0.9,1.0
test,AESRC2020-INDIAN-ACCENT-G90236-G90236S1299,AESRC2020-INDIAN-ACCENT-G90236,4.445,INDIAN,tiny,whisper_norm,gold,i must buy a hammer with which to nail down the box,i must buy a hammer with which to nail down the box,I must buy a hammer with which to nail down the box.,i must buy a hammer with which to nail down the box,0.0,0.0,1.0,1.0
test,AESRC2020-INDIAN-ACCENT-G90236-G90236S1300,AESRC2020-INDIAN-ACCENT-G90236,7.615,INDIAN,tiny,whisper_norm,gold,for if i build again the things which i destroyed i make myself a transgressor,for if i build again the things which i destroyed i make myself a transgressor,"For your fibrill, I can find the things which I destroyed, I make myself here transgressor.",for your fibrill i can find the things which i destroyed i make myself here transgressor,0.3333,0.2436,0.6923,1.0667
test,AESRC2020-INDIAN-ACCENT-G90236-G90236S2354,AESRC2020-INDIAN-ACCENT-G90236,3.42,INDIAN,tiny,whisper_norm,gold,how long has the snow gone girl been airing,how long has the snow gone girl been airing,How long has this snow gone gobby narrowing?,how long has this snow gone gobby narrowing,0.4444,0.2791,0.5556,0.8889
test,AESRC2020-INDIAN-ACCENT-G90236-G90236S2355,AESRC2020-INDIAN-ACCENT-G90236,3.115,INDIAN,tiny,whisper_norm,gold,play all episodes of aane wala pal,play all episodes of aane wala pal,please follow us on NAA imbalaur.,please follow us on naa imbalaur,1.0,0.6471,0.0,0.8571
test,AESRC2020-INDIAN-ACCENT-G90249-G90249S1299,AESRC2020-INDIAN-ACCENT-G90249,4.002,INDIAN,tiny,whisper_norm,gold,i knocked into an old friend of mine in the park,i knocked into an old friend of mine in the park,I note into an old friend of mine in the park.,i note into an old friend of mine in the park,0.0909,0.0833,0.9091,1.0
test,AESRC2020-INDIAN-ACCENT-G90249-G90249S1300,AESRC2020-INDIAN-ACCENT-G90249,4.957,INDIAN,tiny,whisper_norm,gold,so how does a parasitic fluke get from an ant to a sheep,so how does a parasitic fluke get from an ant to a sheep,So how does a parasitic flu get from an ant to a sheep?,so how does a parasitic flu get from an ant to a sheep,0.0769,0.0357,0.9167,1.0
test,AESRC2020-INDIAN-ACCENT-G90249-G90249S2354,AESRC2020-INDIAN-ACCENT-G90249,3.306,INDIAN,tiny,whisper_norm,gold,what is the humidity in martensville,what is the humidity in martensville,What is the humidity in Martensville?,what is the humidity in martensville,0.0,0.0,1.0,1.0
test,AESRC2020-INDIAN-ACCENT-G90249-G90249S2355,AESRC2020-INDIAN-ACCENT-G90249,3.493,INDIAN,tiny,whisper_norm,gold,are there other versions of la la la,are there other versions of la la la,Order other versions of Lala.,order other versions of lala,0.625,0.2778,0.5,0.625
test,AESRC2020-INDIAN-ACCENT-G90249-G90249S3370,AESRC2020-INDIAN-ACCENT-G90249,3.293,INDIAN,tiny,whisper_norm,gold,set the timer for fifteen minutes,set the timer for 15 minutes,Set the timer for 15 minutes.,set the timer for 15 minutes,0.0,0.0,1.0,1.0
test,AESRC2020-INDIAN-ACCENT-G90266-G90266S1299,AESRC2020-INDIAN-ACCENT-G90266,5.575,INDIAN,tiny,whisper_norm,gold,you don't except to hear such bad language from the gentle sex,you do not except to hear such bad language from the gentle sex,You don't accept to hear such bad language from the Gentle Six.,you do not accept to hear such bad language from the gentle 6,0.1538,0.0794,0.8462,1.0
test,AESRC2020-INDIAN-ACCENT-G90266-G90266S1300,AESRC2020-INDIAN-ACCENT-G90266,5.995,INDIAN,tiny,whisper_norm,gold,an important rule is to drink plenty of water during any flight,an important rule is to drink plenty of water during any flight,An important rule is to drink plenty of water during any flight.,an important rule is to drink plenty of water during any flight,0.0,0.0,1.0,1.0
test,AESRC2020-INDIAN-ACCENT-G90266-G90266S2354,AESRC2020-INDIAN-ACCENT-G90266,5.92,INDIAN,tiny,whisper_norm,gold,i want to know what the weather will be like tomorrow morning in ranchi,i want to know what the weather will be like tomorrow morning in ranchi,I want to know what the weather will be like tomorrow morning in Ranchi.,i want to know what the weather will be like tomorrow morning in ranchi,0.0,0.0,1.0,1.0
test,AESRC2020-INDIAN-ACCENT-G90266-G90266S2355,AESRC2020-INDIAN-ACCENT-G90266,3.855,INDIAN,tiny,whisper_norm,gold,is it rainy today in contrecoeur,is it rainy today in contrecoeur,is a trainy today in Country Core,is a trainy today in country core,0.6667,0.2812,0.5,1.1667
test,AESRC2020-INDIAN-ACCENT-G90277-G90277S1298,AESRC2020-INDIAN-ACCENT-G90277,5.736,INDIAN,tiny,whisper_norm,gold,it is used to indicate that the interaction with the service is via x m l,it is used to indicate that the interaction with the service is via x m l,It is used to indicate that the interaction with the service is where X and L.,it is used to indicate that the interaction with the service is where x and l,0.125,0.1096,0.8571,1.0
test,AESRC2020-INDIAN-ACCENT-G90277-G90277S2352,AESRC2020-INDIAN-ACCENT-G90277,2.902,INDIAN,tiny,whisper_norm,gold,how many songs has naima made,how many songs has naima made,How many songs has Neymar meet?,how many songs has neymar meet,0.3333,0.2069,0.6667,1.0
test,AESRC2020-INDIAN-ACCENT-G90277-G90277S2355,AESRC2020-INDIAN-ACCENT-G90277,2.75,INDIAN,tiny,whisper_norm,gold,add the show shanti to the quick,add the show shanti to the quick,Add the show shanti to the creek.,add the show shanti to the creek,0.1429,0.125,0.8333,1.0
test,AESRC2020-INDIAN-ACCENT-G90277-G90277S3370,AESRC2020-INDIAN-ACCENT-G90277,2.284,INDIAN,tiny,whisper_norm,gold,switch to one another,switch to one another,Switch to one another.,switch to one another,0.0,0.0,1.0,1.0
test,AESRC2020-INDIAN-ACCENT-G90279-G90279S1299,AESRC2020-INDIAN-ACCENT-G90279,3.503,INDIAN,tiny,whisper_norm,gold,i'm going to bring a bottle of booze to your party,i am going to bring a bottle of booze to your party,I'm going to bring a bottle of boost to your party.,i am going to bring a bottle of boost to your party,0.0833,0.0392,0.9091,1.0
test,AESRC2020-INDIAN-ACCENT-G90279-G90279S1300,AESRC2020-INDIAN-ACCENT-G90279,5.807,INDIAN,tiny,whisper_norm,gold,the best way of preparing the nuts is to rehydrate them by soaking overnight,the best way of preparing the nuts is to rehydrate them by soaking overnight,The best way of preparing the nuts is to rehydrate them by soaking overnight.,the best way of preparing the nuts is to rehydrate them by soaking overnight,0.0,0.0,1.0,1.0
test,AESRC2020-INDIAN-ACCENT-G90279-G90279S2354,AESRC2020-INDIAN-ACCENT-G90279,3.966,INDIAN,tiny,whisper_norm,gold,add songs by maria guleghina to my playlist,add songs by maria guleghina to my playlist,at songs by Mariah Gullegina to my playlist.,at songs by mariah gullegina to my playlist,0.375,0.1163,0.625,1.0
test,AESRC2020-INDIAN-ACCENT-G90279-G90279S2355,AESRC2020-INDIAN-ACCENT-G90279,4.027,INDIAN,tiny,whisper_norm,gold,where can i buy the song salsa elements,where can i buy the song salsa elements,Where can I buy the songs sometimes or elements?,where can i buy the songs sometimes or elements,0.375,0.2821,0.75,1.125
test,AESRC2020-INDIAN-ACCENT-G90279-G90279S3370,AESRC2020-INDIAN-ACCENT-G90279,3.59,INDIAN,tiny,whisper_norm,gold,turn on the television to see my favourite show,turn on the television to see my favorite show,Turn on the television to see my favorite show.,turn on the television to see my favorite show,0.0,0.0,1.0,1.0
test,AESRC2020-INDIAN-ACCENT-G90311-G90311S1299,AESRC2020-INDIAN-ACCENT-G90311,5.481,INDIAN,tiny,whisper_norm,gold,but at the same time the stock brought the heavy cost to enterprise,but at the same time the stock brought the heavy cost to enterprise,"But at the same time, the stock dropped the heavy cost to enterprise.",but at the same time the stock dropped the heavy cost to enterprise,0.0769,0.0746,0.9091,1.0
test,AESRC2020-INDIAN-ACCENT-G90311-G90311S1300,AESRC2020-INDIAN-ACCENT-G90311,3.982,INDIAN,tiny,whisper_norm,gold,she had the sauce to say she would never go there again,she had the sauce to say she would never go there again,She had the sauce to say she'd never go there again.,she had the sauce to say she would never go there again,0.0,0.0,1.0,1.0
test,AESRC2020-INDIAN-ACCENT-G90311-G90311S2354,AESRC2020-INDIAN-ACCENT-G90311,4.029,INDIAN,tiny,whisper_norm,gold,remove the show simply beautiful from the queue,remove the show simply beautiful from the queue,remove the show simply beautiful from the queue.,remove the show simply beautiful from the queue,0.0,0.0,1.0,1.0
test,AESRC2020-INDIAN-ACCENT-G90311-G90311S2355,AESRC2020-INDIAN-ACCENT-G90311,4.114,INDIAN,tiny,whisper_norm,gold,has the song we don't care won any awards,has the song we do not care won any awards,"has the song, we don't care one any awards.",has the song we do not care one any awards,0.1,0.0476,0.9,1.0
test,AESRC2020-INDIAN-ACCENT-G90384-G90384S1299,AESRC2020-INDIAN-ACCENT-G90384,6.631,INDIAN,tiny,whisper_norm,gold,i cannot descend to be tricked out of assurances that are not really wanted,i cannot descend to be tricked out of assurances that are not really wanted,I cannot descend to be tricked out of assurances that are not really wanted.,i cannot descend to be tricked out of assurances that are not really wanted,0.0,0.0,1.0,1.0
test,AESRC2020-INDIAN-ACCENT-G90384-G90384S1300,AESRC2020-INDIAN-ACCENT-G90384,4.507,INDIAN,tiny,whisper_norm,gold,if your car breaks down sit tight and wait for the police,if your car breaks down sit tight and wait for the police,"If you car breaks down, sit tight and wait for the police.",if you car breaks down sit tight and wait for the police,0.0833,0.0175,0.9167,1.0
test,AESRC2020-INDIAN-ACCENT-G90384-G90384S2354,AESRC2020-INDIAN-ACCENT-G90384,3.64,INDIAN,tiny,whisper_norm,gold,what soundtracks have music by innerstate like,what soundtracks have music by innerstate like,What soundtracks have music by inner state like?,what soundtracks have music by inner state like,0.2857,0.0217,0.8571,1.1429
test,AESRC2020-INDIAN-ACCENT-G90384-G90384S2355,AESRC2020-INDIAN-ACCENT-G90384,3.065,INDIAN,tiny,whisper_norm,gold,when was the show whale rider made,when was the show whale rider made,When was the show Will Rider made?,when was the show will rider made,0.1429,0.0882,0.8571,1.0
test,AESRC2020-INDIAN-ACCENT-G90384-G90384S3370,AESRC2020-INDIAN-ACCENT-G90384,3.92,INDIAN,tiny,whisper_norm,gold,i want to turn on my music player and dance,i want to turn on my music player and dance,I want to turn on my music player and returns.,i want to turn on my music player and returns,0.1,0.1628,0.9,1.0
test,AESRC2020-INDIAN-ACCENT-G90411-G90411S2350,AESRC2020-INDIAN-ACCENT-G90411,3.373,INDIAN,tiny,whisper_norm,gold,how is the air quality this week in etawah,how is the air quality this week in etawah,How is the air quality this week in Itava?,how is the air quality this week in itava,0.1111,0.0714,0.8889,1.0
test,AESRC2020-INDIAN-ACCENT-G90411-G90411S3367,AESRC2020-INDIAN-ACCENT-G90411,3.428,INDIAN,tiny,whisper_norm,gold,set up the auto mode to turn it on automatically,set up the auto mode to turn it on automatically,Set up the auto mode to turn it on automatically.,set up the auto mode to turn it on automatically,0.0,0.0,1.0,1.0
test,AESRC2020-INDIAN-ACCENT-G90441-G90441S1299,AESRC2020-INDIAN-ACCENT-G90441,7.041,INDIAN,tiny,whisper_norm,gold,i do not understand why he would sneeze at such a rare opportunity,i do not understand why he would sneeze at such a rare opportunity,I do not understand why he would sneeze at such a rare opportunity.,i do not understand why he would sneeze at such a rare opportunity,0.0,0.0,1.0,1.0
test,AESRC2020-INDIAN-ACCENT-G90441-G90441S2354,AESRC2020-INDIAN-ACCENT-G90441,2.303,INDIAN,tiny,whisper_norm,gold,where is pandu college,where is pandu college,Where is Pandu Goles?,where is pandu goles,0.25,0.1818,0.75,1.0
test,AESRC2020-INDIAN-ACCENT-G90496-G90496S1297,AESRC2020-INDIAN-ACCENT-G90496,5.531,INDIAN,tiny,whisper_norm,gold,by definition god is a being than which none greater can be imagined,by definition god is a being than which none greater can be imagined,"By definition, God is a being done which none greater can be measured.",by definition god is a being done which none greater can be measured,0.1538,0.1324,0.8462,1.0
test,AESRC2020-INDIAN-ACCENT-G90496-G90496S2353,AESRC2020-INDIAN-ACCENT-G90496,3.338,INDIAN,tiny,whisper_norm,gold,how can i say face to face in english,how can i say face to face in english,How can I say face to face in English?,how can i say face to face in english,0.0,0.0,1.0,1.0
test,AESRC2020-INDIAN-ACCENT-G90527-G90527S1299,AESRC2020-INDIAN-ACCENT-G90527,3.894,INDIAN,tiny,whisper_norm,gold,have to say it didn't sound too positive fingers crossed,have to say it did not sound too positive fingers crossed,have to say it didn't sound too positive fingers crossed.,have to say it did not sound too positive fingers crossed,0.0,0.0,1.0,1.0
test,AESRC2020-INDIAN-ACCENT-G90527-G90527S1300,AESRC2020-INDIAN-ACCENT-G90527,3.635,INDIAN,tiny,whisper_norm,gold,the book was old and it was not worth a cent,the book was old and it was not worth a cent,The book was old and it was not worth a cent.,the book was old and it was not worth a cent,0.0,0.0,1.0,1.0
test,AESRC2020-INDIAN-ACCENT-G90527-G90527S2354,AESRC2020-INDIAN-ACCENT-G90527,2.493,INDIAN,tiny,whisper_norm,gold,will it be sunny tomorrow in bhind,will it be sunny tomorrow in bhind,"Well, let me sunny tomorrow in Bind.",well let me sunny tomorrow in bind,0.5714,0.1471,0.4286,1.0
test,AESRC2020-INDIAN-ACCENT-G90527-G90527S2355,AESRC2020-INDIAN-ACCENT-G90527,4.361,INDIAN,tiny,whisper_norm,gold,is palmolive hand wash sea minerals bottle a reliable product,is palmolive hand wash sea minerals bottle a reliable product,This palm olive hand was seen in it as bottle air reliable product.,this palm olive hand was seen in it as bottle air reliable product,0.9,0.2295,0.4,1.3
test,AESRC2020-INDIAN-ACCENT-G90540-G90540S1300,AESRC2020-INDIAN-ACCENT-G90540,5.224,INDIAN,tiny,whisper_norm,gold,what have your fans told you that makes the song so special to them,what have your fans told you that makes the song so special to them,What have your fans told you that makes the songs so special to them?,what have your fans told you that makes the songs so special to them,0.0714,0.0149,0.9286,1.0
test,AESRC2020-INDIAN-ACCENT-G90540-G90540S2354,AESRC2020-INDIAN-ACCENT-G90540,3.753,INDIAN,tiny,whisper_norm,gold,has the song are you gonna be my girl won any awards,has the song are you going to be my girl won any awards,Has this song are you gonna be my girl one in your words?,has this song are you going to be my girl one in your words,0.3846,0.2,0.6923,1.0769
test,AESRC2020-INDIAN-ACCENT-G90567-G90567S1299,AESRC2020-INDIAN-ACCENT-G90567,4.532,INDIAN,tiny,whisper_norm,gold,wayne said what are you going to do cross or shoot,wayne said what are you going to do cross or shoot,"Why and said, what are you going to do? Cross or shoot?",why and said what are you going to do cross or shoot,0.1818,0.08,0.9091,1.0909
test,AESRC2020-INDIAN-ACCENT-G90567-G90567S1300,AESRC2020-INDIAN-ACCENT-G90567,5.262,INDIAN,tiny,whisper_norm,gold,as a human being one can hardly do without a friend,as a human being one can hardly do without a friend,"As a human being, one can hardly do without a friend.",as a human being one can hardly do without a friend,0.0,0.0,1.0,1.0
test,AESRC2020-INDIAN-ACCENT-G90567-G90567S2354,AESRC2020-INDIAN-ACCENT-G90567,3.697,INDIAN,tiny,whisper_norm,gold,how fast is the wind blowing in danapur,how fast is the wind blowing in danapur,How fast is the wind blowing in the napaura?,how fast is the wind blowing in the napaura,0.25,0.1538,0.875,1.125
test,AESRC2020-INDIAN-ACCENT-G90567-G90567S2355,AESRC2020-INDIAN-ACCENT-G90567,4.191,INDIAN,tiny,whisper_norm,gold,what time is ghetto restaurant and bar open,what time is ghetto restaurant and bar open,What time is Githo restaurant and war open?,what time is githo restaurant and war open,0.25,0.093,0.75,1.0
test,AESRC2020-INDIAN-ACCENT-G90567-G90567S3370,AESRC2020-INDIAN-ACCENT-G90567,2.726,INDIAN,tiny,whisper_norm,gold,do not take this call,do not take this call,Do not take this call.,do not take this call,0.0,0.0,1.0,1.0
test,AESRC2020-INDIAN-ACCENT-G90620-G90620S1300,AESRC2020-INDIAN-ACCENT-G90620,4.425,INDIAN,tiny,whisper_norm,gold,we will start with a description of how to collect data,we will start with a description of how to collect data,We will start with a description of how to connect data.,we will start with a description of how to connect data,0.0909,0.0364,0.9091,1.0
test,AESRC2020-INDIAN-ACCENT-G90620-G90620S2354,AESRC2020-INDIAN-ACCENT-G90620,2.775,INDIAN,tiny,whisper_norm,gold,i don't want to watch whale rider,i do not want to watch whale rider,I don't want to watch wheel rider.,i do not want to watch wheel rider,0.125,0.0882,0.875,1.0
test,AESRC2020-INDIAN-ACCENT-G90620-G90620S2355,AESRC2020-INDIAN-ACCENT-G90620,2.915,INDIAN,tiny,whisper_norm,gold,what is the altitude in dehradun,what is the altitude in dehradun,What is the altitude in the Harado?,what is the altitude in the harado,0.3333,0.1875,0.8333,1.1667
test,AESRC2020-INDIAN-ACCENT-G90620-G90620S3370,AESRC2020-INDIAN-ACCENT-G90620,2.22,INDIAN,tiny,whisper_norm,gold,something is burning,something is burning,Something is burning.,something is burning,0.0,0.0,1.0,1.0
test,AESRC2020-INDIAN-ACCENT-G90627-G90627S1300,AESRC2020-INDIAN-ACCENT-G90627,6.93,INDIAN,tiny,whisper_norm,gold,the a white cloth is me siting on that seat is not very comfortable,the a white cloth is me siting on that seat is not very comfortable,The white clothes is me sitting on that seat is not very comfortable.,the white clothes is me sitting on that seat is not very comfortable,0.2143,0.0746,0.7692,0.9286
test,AESRC2020-INDIAN-ACCENT-G90627-G90627S2354,AESRC2020-INDIAN-ACCENT-G90627,5.255,INDIAN,tiny,whisper_norm,gold,what time is tungareshwar sweet and farsan opens,what time is tungareshwar sweet and farsan opens,"What time is, Tungeshwara's sweet and for Sahan opens?",what time is tungeshwara is sweet and for sahan opens,0.5,0.2083,0.75,1.25
test,AESRC2020-INDIAN-ACCENT-G90627-G90627S2355,AESRC2020-INDIAN-ACCENT-G90627,5.825,INDIAN,tiny,whisper_norm,gold,i want to listen to the fast songs by babul supriyo,i want to listen to the fast songs by babul supriyo,I want to listen to the first songs by Babul Supriyo.,i want to listen to the 1st songs by babul supriyo,0.0909,0.0392,0.9,1.0
test,AESRC2020-INDIAN-ACCENT-G90627-G90627S3369,AESRC2020-INDIAN-ACCENT-G90627,3.655,INDIAN,tiny,whisper_norm,gold,turn the sweeping robot on please,turn the sweeping robot on please,"Turn the sweeping robot on, please.",turn the sweeping robot on please,0.0,0.0,1.0,1.0
test,AESRC2020-INDIAN-ACCENT-G90636-G90636S1300,AESRC2020-INDIAN-ACCENT-G90636,4.735,INDIAN,tiny,whisper_norm,gold,the more time we talk the more juice they waste up there,the more time we talk the more juice they waste up there,The more time we talk the more juice they waste up there.,the more time we talk the more juice they waste up there,0.0,0.0,1.0,1.0
test,AESRC2020-INDIAN-ACCENT-G90636-G90636S2355,AESRC2020-INDIAN-ACCENT-G90636,4.41,INDIAN,tiny,whisper_norm,gold,i don't want to listen to songs by thierry fervant,i do not want to listen to songs by thierry fervant,I don't want to list in two songs by 30F.,i do not want to list in 2 songs by 30 f,0.4545,0.3333,0.7,1.0909
test,AESRC2020-INDIAN-ACCENT-G90690-G90690S1299,AESRC2020-INDIAN-ACCENT-G90690,5.245,INDIAN,tiny,whisper_norm,gold,in the final of the still can not wish all a happy holiday,in the final of the still can not wish all a happy holiday,In the final of the steel can not be with all a happy holiday.,in the final of the steel can not be with all a happy holiday,0.2308,0.1034,0.8333,1.0769
test,AESRC2020-INDIAN-ACCENT-G90690-G90690S1300,AESRC2020-INDIAN-ACCENT-G90690,6.905,INDIAN,tiny,whisper_norm,gold,if it is low enough the oil and gas in the rock cannot be accessed,if it is low enough the oil and gas in the rock cannot be accessed,If it is low enough the oil and gas in the raw cannot be accessed.,if it is low enough the oil and gas in the raw cannot be accessed,0.0667,0.0455,0.9286,1.0
test,AESRC2020-INDIAN-ACCENT-G90690-G90690S2354,AESRC2020-INDIAN-ACCENT-G90690,3.935,INDIAN,tiny,whisper_norm,gold,has the song bumpy ride won any awards,has the song bumpy ride won any awards,Has the song Bumpy right won any awards?,has the song bumpy right won any awards,0.125,0.0789,0.875,1.0
test,AESRC2020-INDIAN-ACCENT-G90690-G90690S2355,AESRC2020-INDIAN-ACCENT-G90690,4.395,INDIAN,tiny,whisper_norm,gold,how do you pronounce keep track of correctly,how do you pronounce keep track of correctly,How do you pronounce keep track of correctly?,how do you pronounce keep track of correctly,0.0,0.0,1.0,1.0
test,AESRC2020-INDIAN-ACCENT-G90690-G90690S3370,AESRC2020-INDIAN-ACCENT-G90690,2.615,INDIAN,tiny,whisper_norm,gold,i want you to stop,i want you to stop,I want you to stop.,i want you to stop,0.0,0.0,1.0,1.0
test,AESRC2020-INDIAN-ACCENT-G90709-G90709S1198,AESRC2020-INDIAN-ACCENT-G90709,5.129,INDIAN,tiny,whisper_norm,gold,i have studied this device but have been unable to activate it,i have studied this device but have been unable to activate it,I have studied this device but have been unable to activate it.,i have studied this device but have been unable to activate it,0.0,0.0,1.0,1.0
test,AESRC2020-INDIAN-ACCENT-G90709-G90709S1199,AESRC2020-INDIAN-ACCENT-G90709,4.771,INDIAN,tiny,whisper_norm,gold,now when i play cds you hum and tap your feet,now when i play cds you hum and tap your feet,"Now, when I play CDs, you hum and tap your feet.",now when i play cds you hum and tap your feet,0.0,0.0,1.0,1.0
test,AESRC2020-INDIAN-ACCENT-G90709-G90709S2349,AESRC2020-INDIAN-ACCENT-G90709,4.492,INDIAN,tiny,whisper_norm,gold,what is the best brand of sensodyne toothpaste rapid relief,what is the best brand of sensodyne toothpaste rapid relief,What is the best brand of Sennso Dine to the Paste Rapid Relief?,what is the best brand of sennso dine to the paste rapid relief,0.5,0.1017,0.8,1.3
test,AESRC2020-INDIAN-ACCENT-G90709-G90709S2350,AESRC2020-INDIAN-ACCENT-G90709,4.06,INDIAN,tiny,whisper_norm,gold,how long has julius rudel been making music,how long has julius rudel been making music,How long has Julius Ruder been making music?,how long has julius ruder been making music,0.125,0.0233,0.875,1.0
test,AESRC2020-INDIAN-ACCENT-G90742-G90742S1196,AESRC2020-INDIAN-ACCENT-G90742,6.963,INDIAN,tiny,whisper_norm,gold,the old man was fooling himself if he was not fooling anybody else,the old man was fooling himself if he was not fooling anybody else,The old man was fooling himself if he was not fooling anybody else.,the old man was fooling himself if he was not fooling anybody else,0.0,0.0,1.0,1.0
test,AESRC2020-INDIAN-ACCENT-G90742-G90742S2349,AESRC2020-INDIAN-ACCENT-G90742,3.284,INDIAN,tiny,whisper_norm,gold,what is the altitude in howrah,what is the altitude in howrah,What is the altitude in her?,what is the altitude in her,0.1667,0.1333,0.8333,1.0
test,AESRC2020-INDIAN-ACCENT-G90742-G90742S3380,AESRC2020-INDIAN-ACCENT-G90742,2.831,INDIAN,tiny,whisper_norm,gold,could you please stop the smart fan,could you please stop the smart fan,Could you please stop this mad fan?,could you please stop this mad fan,0.2857,0.1429,0.7143,1.0
test,AESRC2020-INDIAN-ACCENT-G90786-G90786S1200,AESRC2020-INDIAN-ACCENT-G90786,5.065,INDIAN,tiny,whisper_norm,gold,he was ugly he had a large pointed nose and big bulging eyes,he was ugly he had a large pointed nose and big bulging eyes,"He was ugly, he had a large pointed nose and big bulging eyes.",he was ugly he had a large pointed nose and big bulging eyes,0.0,0.0,1.0,1.0
test,AESRC2020-INDIAN-ACCENT-G90786-G90786S2350,AESRC2020-INDIAN-ACCENT-G90786,3.976,INDIAN,tiny,whisper_norm,gold,i want to know the highest and lowest temperature today in pickering,i want to know the highest and lowest temperature today in pickering,I want to know the highest and lowest temperature today in Pickering.,i want to know the highest and lowest temperature today in pickering,0.0,0.0,1.0,1.0
test,AESRC2020-INDIAN-ACCENT-G91047-G91047S2354,AESRC2020-INDIAN-ACCENT-G91047,4.337,INDIAN,tiny,whisper_norm,gold,i want to make a playlist from the songs indiana,i want to make a playlist from the songs indiana,I want to make a playlist from the songs Indiana.,i want to make a playlist from the songs indiana,0.0,0.0,1.0,1.0
test,AESRC2020-INDIAN-ACCENT-G91177-G91177S1299,AESRC2020-INDIAN-ACCENT-G91177,5.053,INDIAN,tiny,whisper_norm,gold,in the pursuit of a good career he built up a good resume,in the pursuit of a good career he built up a good resume,in the pursuit of a good carrier he built up a good resume.,in the pursuit of a good carrier he built up a good resume,0.0769,0.0351,0.9091,1.0
test,AESRC2020-INDIAN-ACCENT-G91177-G91177S1300,AESRC2020-INDIAN-ACCENT-G91177,4.984,INDIAN,tiny,whisper_norm,gold,one revolution of the earth around the sun takes a year,one revolution of the earth around the sun takes a year,One revolution of the earth around this sun takes a year.,one revolution of the earth around this sun takes a year,0.0909,0.0364,1.0,1.0
test,AESRC2020-INDIAN-ACCENT-G91177-G91177S2354,AESRC2020-INDIAN-ACCENT-G91177,4.312,INDIAN,tiny,whisper_norm,gold,how can i say in tears in english,how can i say in tears in english,How can I say in tears in English?,how can i say in tears in english,0.0,0.0,1.0,1.0
test,AESRC2020-INDIAN-ACCENT-G91245-G91245S1299,AESRC2020-INDIAN-ACCENT-G91245,4.085,INDIAN,tiny,whisper_norm,gold,firstly i was not able to fix the asia financial crisis,firstly i was not able to fix the asia financial crisis,"Firstly, I was not able to fix the Asia financial crisis.",firstly i was not able to fix the asia financial crisis,0.0,0.0,1.0,1.0
test,AESRC2020-INDIAN-ACCENT-G91245-G91245S1300,AESRC2020-INDIAN-ACCENT-G91245,4.071,INDIAN,tiny,whisper_norm,gold,the bird that can sing and won't sing must be made to sing,the bird that can sing and will not sing must be made to sing,The bird that can sing and won't sing must be made to sing.,the bird that can sing and will not sing must be made to sing,0.0,0.0,1.0,1.0
test,AESRC2020-INDIAN-ACCENT-G91245-G91245S2354,AESRC2020-INDIAN-ACCENT-G91245,3.444,INDIAN,tiny,whisper_norm,gold,what platforms can i watch front of the class on,what platforms can i watch front of the class on,"But, let's play the form. Can I watch front of the class?",but let us play the form can i watch front of the class,0.7,0.375,0.7,1.3
test,AESRC2020-INDIAN-ACCENT-G91245-G91245S2355,AESRC2020-INDIAN-ACCENT-G91245,4.453,INDIAN,tiny,whisper_norm,gold,what t v station is the show hindustan ke hunarbaaz broadcast on,what t v station is the show hindustan ke hunarbaaz broadcast on,What TV station is the show in the Stankehunarbhaad broadcast on?,what tv station is the show in the stankehunarbhaad broadcast on,0.4167,0.1719,0.5833,0.9167
test,AESRC2020-INDIAN-ACCENT-G91245-G91245S3370,AESRC2020-INDIAN-ACCENT-G91245,2.86,INDIAN,tiny,whisper_norm,gold,i have to wake up at ten a m,i have to wake up at 10 a m,I have to wake up at 10am.,i have to wake up at 10 am,0.2222,0.037,0.7778,0.8889
test,AESRC2020-INDIAN-ACCENT-G91301-G91301S1298,AESRC2020-INDIAN-ACCENT-G91301,5.881,INDIAN,tiny,whisper_norm,gold,i think it must just be because i look as if i'm full of poise,i think it must just be because i look as if i am full of poise,I think it must just be because I look as if I am full of points.,i think it must just be because i look as if i am full of points,0.0625,0.0476,0.9286,1.0
test,AESRC2020-INDIAN-ACCENT-G91301-G91301S1299,AESRC2020-INDIAN-ACCENT-G91301,4.431,INDIAN,tiny,whisper_norm,gold,it's okay to let your upper body incline forward a bit,it is okay to let your upper body incline forward a bit,It is okay to let your upper body inclined forward a bit.,it is okay to let your upper body inclined forward a bit,0.0833,0.0182,0.9167,1.0
test,AESRC2020-INDIAN-ACCENT-G91301-G91301S2352,AESRC2020-INDIAN-ACCENT-G91301,2.665,INDIAN,tiny,whisper_norm,gold,what genre of music is priyadarshini,what genre of music is priyadarshini,one gender of mu-sliq is pre-editioned.,one gender of mu sliq is pre editioned,1.0,0.5278,0.3333,1.3333
test,AESRC2020-INDIAN-ACCENT-G91301-G91301S2355,AESRC2020-INDIAN-ACCENT-G91301,3.122,INDIAN,tiny,whisper_norm,gold,how humid is it today in richelieu,how humid is it today in richelieu,How human is it today in Richelieu?,how human is it today in richelieu,0.1429,0.0588,0.8571,1.0
test,AESRC2020-INDIAN-ACCENT-G91301-G91301S3370,AESRC2020-INDIAN-ACCENT-G91301,2.165,INDIAN,tiny,whisper_norm,gold,the fan could be off,the fan could be off,The fan could be off.,the fan could be off,0.0,0.0,1.0,1.0
test,AESRC2020-INDIAN-ACCENT-G91322-G91322S1298,AESRC2020-INDIAN-ACCENT-G91322,4.345,INDIAN,tiny,whisper_norm,gold,stir the pork about until it turns white all the way through,stir the pork about until it turns white all the way through,"Stir the pork about until it turns white, all the way through.",stir the pork about until it turns white all the way through,0.0,0.0,1.0,1.0
test,AESRC2020-INDIAN-ACCENT-G91322-G91322S1300,AESRC2020-INDIAN-ACCENT-G91322,4.875,INDIAN,tiny,whisper_norm,gold,we have always been at our best in this country when we aim high,we have always been at our best in this country when we aim high,We have always been at a best in this country when we aim high.,we have always been at a best in this country when we aim high,0.0714,0.0469,0.9231,1.0
test,AESRC2020-INDIAN-ACCENT-G91322-G91322S2354,AESRC2020-INDIAN-ACCENT-G91322,4.108,INDIAN,tiny,whisper_norm,gold,when did the show sanju mattu naanu first air,when did the show sanju mattu naanu 1st air,When did the show send you matuna no first ear?,when did the show send you matuna no 1st ear,0.5556,0.2558,0.5556,1.1111
test,AESRC2020-INDIAN-ACCENT-G91322-G91322S2355,AESRC2020-INDIAN-ACCENT-G91322,3.95,INDIAN,tiny,whisper_norm,gold,how can i use on sale in a sentence,how can i use on sale in a sentence,How can I use unseen in our sentence?,how can i use unseen in our sentence,0.3333,0.2286,0.6667,0.8889
test,AESRC2020-INDIAN-ACCENT-G91345-G91345S1299,AESRC2020-INDIAN-ACCENT-G91345,5.075,INDIAN,tiny,whisper_norm,gold,how can you bear to sleep and slumber when your true love is goin' away,how can you bear to sleep and slumber when your true love is goin away,How can you be here to sleep and slumber when your tool of is going away?,how can you be here to sleep and slumber when your tool of is going away,0.3333,0.1571,0.7333,1.0667
test,AESRC2020-INDIAN-ACCENT-G91345-G91345S1300,AESRC2020-INDIAN-ACCENT-G91345,3.95,INDIAN,tiny,whisper_norm,gold,come on try it even a shot in the dark may win,come on try it even a shot in the dark may win,Come on try it even a sword in the dark maze win.,come on try it even a sword in the dark maze win,0.1667,0.1087,0.8333,1.0
test,AESRC2020-INDIAN-ACCENT-G91345-G91345S2354,AESRC2020-INDIAN-ACCENT-G91345,2.96,INDIAN,tiny,whisper_norm,gold,i don't want the basics in my playlist,i do not want the basics in my playlist,I don't want the basics in my playlist.,i do not want the basics in my playlist,0.0,0.0,1.0,1.0
test,AESRC2020-INDIAN-ACCENT-G91345-G91345S2355,AESRC2020-INDIAN-ACCENT-G91345,3.065,INDIAN,tiny,whisper_norm,gold,what are the lyrics to i waited too long,what are the lyrics to i waited too long,What are the lyrics to Iwate 2 long?,what are the lyrics to iwate 2 long,0.3333,0.15,0.6667,0.8889
test,AESRC2020-INDIAN-ACCENT-G91400-G91400S1299,AESRC2020-INDIAN-ACCENT-G91400,5.056,INDIAN,tiny,whisper_norm,gold,he made a good fist of explaining why he needed pay raise,he made a good fist of explaining why he needed pay raise,He made a good face of explaining why he needed bearers.,he made a good face of explaining why he needed bearers,0.25,0.1754,0.7273,0.9167
test,AESRC2020-INDIAN-ACCENT-G91400-G91400S1300,AESRC2020-INDIAN-ACCENT-G91400,5.335,INDIAN,tiny,whisper_norm,gold,remove from the oven and leave to cool for five minutes in the tin,remove from the oven and leave to cool for 5 minutes in the tin,Remove from the oven and leave to cool for 5 minutes in the tin.,remove from the oven and leave to cool for 5 minutes in the tin,0.0,0.0,1.0,1.0
test,AESRC2020-INDIAN-ACCENT-G91400-G91400S2354,AESRC2020-INDIAN-ACCENT-G91400,3.897,INDIAN,tiny,whisper_norm,gold,help me order delivery from punjabi spice,help me order delivery from punjabi spice,Help me order delivery from Punjabi spice,help me order delivery from punjabi spice,0.0,0.0,1.0,1.0
test,AESRC2020-INDIAN-ACCENT-G91400-G91400S3370,AESRC2020-INDIAN-ACCENT-G91400,2.573,INDIAN,tiny,whisper_norm,gold,repeat this song twice,repeat this song twice,Repeat this song twice.,repeat this song twice,0.0,0.0,1.0,1.0
test,AESRC2020-INDIAN-ACCENT-G91446-G91446S1298,AESRC2020-INDIAN-ACCENT-G91446,4.801,INDIAN,tiny,whisper_norm,gold,good luck and stay safe to have tennis fun in the sun,good luck and stay safe to have tennis fun in the sun,Good luck and stay safe to have tennis fun in the sun.,good luck and stay safe to have tennis fun in the sun,0.0,0.0,1.0,1.0
test,AESRC2020-INDIAN-ACCENT-G91446-G91446S1299,AESRC2020-INDIAN-ACCENT-G91446,4.333,INDIAN,tiny,whisper_norm,gold,may use in many kinds of foods as the chemical additive,may use in many kinds of foods as the chemical additive,May use in many kinds of foods as the chemical additive.,may use in many kinds of foods as the chemical additive,0.0,0.0,1.0,1.0
test,AESRC2020-INDIAN-ACCENT-G91446-G91446S2354,AESRC2020-INDIAN-ACCENT-G91446,4.028,INDIAN,tiny,whisper_norm,gold,replay the song i will si si ya in bahia,replay the song i will si si ya in bahia,Replay the song I will see you in Bihya.,replay the song i will see you in bihya,0.4,0.2,0.6667,0.9
test,AESRC2020-INDIAN-ACCENT-G91476-G91476S1299,AESRC2020-INDIAN-ACCENT-G91476,9.025,INDIAN,tiny,whisper_norm,gold,the tests for the proteins in brain and in spinal cord fluid fluid,the tests for the proteins in brain and in spinal cord fluid fluid,The tests for the proteins in brain and spinal cord fluid fluid.,the tests for the proteins in brain and spinal cord fluid fluid,0.0769,0.0455,1.0,0.9231
test,AESRC2020-INDIAN-ACCENT-G91476-G91476S2355,AESRC2020-INDIAN-ACCENT-G91476,8.476,INDIAN,tiny,whisper_norm,gold,what platforms can i watch the movie temple bells on,what platforms can i watch the movie temple bells on,What plate forms can I watch the movie Temple Bales on?,what plate forms can i watch the movie temple bales on,0.3,0.0769,0.8,1.1
test,AESRC2020-INDIAN-ACCENT-G91476-G91476S3370,AESRC2020-INDIAN-ACCENT-G91476,6.027,INDIAN,tiny,whisper_norm,gold,turn on the switch of the washing machine,turn on the switch of the washing machine,turn on the switch of the washing machine.,turn on the switch of the washing machine,0.0,0.0,1.0,1.0
test,AESRC2020-INDIAN-ACCENT-G91526-G91526S1298,AESRC2020-INDIAN-ACCENT-G91526,4.327,INDIAN,tiny,whisper_norm,gold,that was a judgment i reach and it was a judgment ray reached,that was a judgment i reach and it was a judgment ray reached,That was a judgment I reached and it was a judgment I reached.,that was a judgment i reached and it was a judgment i reached,0.1538,0.082,0.8,1.0
test,AESRC2020-INDIAN-ACCENT-G91526-G91526S1300,AESRC2020-INDIAN-ACCENT-G91526,5.225,INDIAN,tiny,whisper_norm,gold,if the person who wrote this owns up i shall take on further action,if the person who wrote this owns up i shall take on further action,If the person who wrote this owns up Ishel Tick on further action.,if the person who wrote this owns up ishel tick on further action,0.2143,0.0896,0.7857,0.9286
test,AESRC2020-INDIAN-ACCENT-G91526-G91526S2354,AESRC2020-INDIAN-ACCENT-G91526,2.835,INDIAN,tiny,whisper_norm,gold,where is rajiv gandhi university,where is rajiv gandhi university,Where is Rajiv Gandhi University?,where is rajiv gandhi university,0.0,0.0,1.0,1.0
test,AESRC2020-INDIAN-ACCENT-G91526-G91526S2355,AESRC2020-INDIAN-ACCENT-G91526,3.355,INDIAN,tiny,whisper_norm,gold,where can i buy the movie lions claw,where can i buy the movie lions claw,"Where can I buy the movie, Lines Cloth?",where can i buy the movie lines cloth,0.25,0.1389,0.75,1.0
test,AESRC2020-INDIAN-ACCENT-G91682-G91682S1299,AESRC2020-INDIAN-ACCENT-G91682,5.17,INDIAN,tiny,whisper_norm,gold,i need to speak to my professor and apprise him of the change,i need to speak to my professor and apprise him of the change,I need to speak to my professor and apprise him of the change.,i need to speak to my professor and apprise him of the change,0.0,0.0,1.0,1.0
test,AESRC2020-INDIAN-ACCENT-G91682-G91682S1300,AESRC2020-INDIAN-ACCENT-G91682,5.44,INDIAN,tiny,whisper_norm,gold,we agree the border should be secure or we do not,we agree the border should be secure or we do not,We agree that water should be secured or we do not.,we agree that water should be secured or we do not,0.2727,0.1429,0.7,1.0
test,AESRC2020-INDIAN-ACCENT-G91682-G91682S2353,AESRC2020-INDIAN-ACCENT-G91682,3.715,INDIAN,tiny,whisper_norm,gold,is the movie lions claw based on a true story,is the movie lions claw based on a true story,As the movie lines claw based on a true story.,as the movie lines claw based on a true story,0.2,0.0667,0.8,1.0
test,AESRC2020-INDIAN-ACCENT-G91682-G91682S2354,AESRC2020-INDIAN-ACCENT-G91682,5.08,INDIAN,tiny,whisper_norm,gold,i want to listen to a different playlist with hermanas aguila,i want to listen to a different playlist with hermanas aguila,"I want to listen to what different playlists with hair manners, Aguilla.",i want to listen to what different playlists with hair manners aguilla,0.4545,0.1803,0.6,1.0909
test,AESRC2020-INDIAN-ACCENT-G91683-G91683S1299,AESRC2020-INDIAN-ACCENT-G91683,3.865,INDIAN,tiny,whisper_norm,gold,child as she was she was more than a match for her,child as she was she was more than a match for her,"child as she was, she was more than a match for her.",child as she was she was more than a match for her,0.0,0.0,1.0,1.0
test,AESRC2020-INDIAN-ACCENT-G91683-G91683S1300,AESRC2020-INDIAN-ACCENT-G91683,4.44,INDIAN,tiny,whisper_norm,gold,it was the first time the senate has passed a budget in four years,it was the 1st time the senate has passed a budget in 4 years,It was the first time the Senate has passed a budget in four years.,it was the 1st time the senate has passed a budget in 4 years,0.0,0.0,1.0,1.0
test,AESRC2020-INDIAN-ACCENT-G91683-G91683S2354,AESRC2020-INDIAN-ACCENT-G91683,3.45,INDIAN,tiny,whisper_norm,gold,i don't want to listen to music by kishore kumar,i do not want to listen to music by kishore kumar,I don't want to listen to music by Kishore Kumar.,i do not want to listen to music by kishore kumar,0.0,0.0,1.0,1.0
test,AESRC2020-INDIAN-ACCENT-G91683-G91683S2355,AESRC2020-INDIAN-ACCENT-G91683,4.75,INDIAN,tiny,whisper_norm,gold,how much time will it take me to visit assam don bosco university,how much time will it take me to visit assam don bosco university,How much time will it take me to visit Assam Donboska University?,how much time will it take me to visit assam donboska university,0.1538,0.0462,0.8462,0.9231
test,AESRC2020-INDIAN-ACCENT-G91683-G91683S3370,AESRC2020-INDIAN-ACCENT-G91683,2.975,INDIAN,tiny,whisper_norm,gold,can i take your pictures on another day,can i take your pictures on another day,Can I take your pictures on another day?,can i take your pictures on another day,0.0,0.0,1.0,1.0
test,AESRC2020-INDIAN-ACCENT-G91743-G91743S1198,AESRC2020-INDIAN-ACCENT-G91743,5.8,INDIAN,tiny,whisper_norm,gold,we could see lights blinking on the ships out in the bay,we could see lights blinking on the ships out in the bay,We could see lights blinking on the seats out in the bay.,we could see lights blinking on the seats out in the bay,0.0833,0.0536,0.9091,1.0
test,AESRC2020-INDIAN-ACCENT-G91743-G91743S1199,AESRC2020-INDIAN-ACCENT-G91743,5.372,INDIAN,tiny,whisper_norm,gold,e v e n in china a century is a long time to wait,e v e n in china a century is a long time to wait,"EV and in China, essential is a long time to wait.",ev and in china essential is a long time to wait,0.4286,0.2041,0.6667,0.7857
test,AESRC2020-INDIAN-ACCENT-G91743-G91743S2349,AESRC2020-INDIAN-ACCENT-G91743,4.191,INDIAN,tiny,whisper_norm,gold,what ways can i listen to are you gonna be my girl,what ways can i listen to are you going to be my girl,"What ways can I listen to, are you going to be my girl?",what ways can i listen to are you going to be my girl,0.0,0.0,1.0,1.0
test,AESRC2020-INDIAN-ACCENT-G91743-G91743S2350,AESRC2020-INDIAN-ACCENT-G91743,5.33,INDIAN,tiny,whisper_norm,gold,can i watch the movie alibaba and forty thieves in a different language,can i watch the movie alibaba and 40 thieves in a different language,Can I watch the movie Alibaba and 40th Hills in a different language?,can i watch the movie alibaba and 40th hills in a different language,0.1538,0.0882,0.8462,1.0
test,AESRC2020-INDIAN-ACCENT-G91747-G91747S1199,AESRC2020-INDIAN-ACCENT-G91747,5.841,INDIAN,tiny,whisper_norm,gold,the six friends talking about a book they are going to publish next month,the 6 friends talking about a book they are going to publish next month,The 6 friends talking about a book they are going to publish next month.,the 6 friends talking about a book they are going to publish next month,0.0,0.0,1.0,1.0
test,AESRC2020-INDIAN-ACCENT-G91747-G91747S1200,AESRC2020-INDIAN-ACCENT-G91747,6.274,INDIAN,tiny,whisper_norm,gold,the rib cage has a significant effect on the place of the axis,the rib cage has a significant effect on the place of the axis,The rib cage has a significant effect on the place of the axis.,the rib cage has a significant effect on the place of the axis,0.0,0.0,1.0,1.0
test,AESRC2020-INDIAN-ACCENT-G91747-G91747S2350,AESRC2020-INDIAN-ACCENT-G91747,5.304,INDIAN,tiny,whisper_norm,gold,i want to download all episodes of mtv splitsvilla,i want to download all episodes of mtv splitsvilla,I want to download all episodes of MTV's Split Svila.,i want to download all episodes of mtv is split svila,0.3333,0.1,0.8889,1.2222
test,AESRC2020-INDIAN-ACCENT-G91747-G91747S3380,AESRC2020-INDIAN-ACCENT-G91747,2.228,INDIAN,tiny,whisper_norm,gold,keep the oven on,keep the oven on,Keep the oven on.,keep the oven on,0.0,0.0,1.0,1.0
test,AESRC2020-INDIAN-ACCENT-G92148-G92148S1298,AESRC2020-INDIAN-ACCENT-G92148,6.918,INDIAN,tiny,whisper_norm,gold,everyone has are ashamed of afraid of or that they feel guilty about,everyone has are ashamed of afraid of or that they feel guilty about,Everyone has our ashamed of effort or that they feel guilty about.,everyone has our ashamed of effort or that they feel guilty about,0.2308,0.1618,0.8333,0.9231
test,AESRC2020-INDIAN-ACCENT-G92148-G92148S1299,AESRC2020-INDIAN-ACCENT-G92148,4.839,INDIAN,tiny,whisper_norm,gold,the teacher made me move my seat to the front of the classroom,the teacher made me move my seat to the front of the classroom,that teacher made me move my seat to the front of the classroom.,that teacher made me move my seat to the front of the classroom,0.0769,0.0323,1.0,1.0
test,AESRC2020-INDIAN-ACCENT-G92148-G92148S2354,AESRC2020-INDIAN-ACCENT-G92148,3.405,INDIAN,tiny,whisper_norm,gold,don't play the film young ascetic,do not play the film young ascetic,Don't play the film young as it takes.,do not play the film young as it takes,0.4286,0.2353,0.8571,1.2857
test,AESRC2020-INDIAN-ACCENT-G92148-G92148S2355,AESRC2020-INDIAN-ACCENT-G92148,5.034,INDIAN,tiny,whisper_norm,gold,i want to listen to slow songs by soham chakraborty,i want to listen to slow songs by soham chakraborty,I want to listen to slow songs by soham chakra burdi.,i want to listen to slow songs by soham chakra burdi,0.2,0.0784,0.8889,1.1
test,AESRC2020-INDIAN-ACCENT-G92148-G92148S3370,AESRC2020-INDIAN-ACCENT-G92148,2.748,INDIAN,tiny,whisper_norm,gold,i like the song play it again,i like the song play it again,I like this song play it again.,i like this song play it again,0.1429,0.069,0.8571,1.0
test,AESRC2020-INDIAN-ACCENT-G92275-G92275S1299,AESRC2020-INDIAN-ACCENT-G92275,5.5,INDIAN,tiny,whisper_norm,gold,i have received an invitation from john shall i accept or refuse it,i have received an invitation from john shall i accept or refuse it,"I have received any invitation from John, Schelle accept or refuse it.",i have received any invitation from john schelle accept or refuse it,0.2308,0.0746,0.8333,0.9231
test,AESRC2020-INDIAN-ACCENT-G92275-G92275S1300,AESRC2020-INDIAN-ACCENT-G92275,5.754,INDIAN,tiny,whisper_norm,gold,something has gone wrong with the railway that accounts for the delay of the train,something has gone wrong with the railway that accounts for the delay of the train,Something has gone wrong with the railway that accounts for the delay of the train.,something has gone wrong with the railway that accounts for the delay of the train,0.0,0.0,1.0,1.0
test,AESRC2020-INDIAN-ACCENT-G92275-G92275S2354,AESRC2020-INDIAN-ACCENT-G92275,3.55,INDIAN,tiny,whisper_norm,gold,what episode of high noon is most popular,what episode of high noon is most popular,What episode of high noon is most popular?,what episode of high noon is most popular,0.0,0.0,1.0,1.0
test,AESRC2020-INDIAN-ACCENT-G92275-G92275S2355,AESRC2020-INDIAN-ACCENT-G92275,3.344,INDIAN,tiny,whisper_norm,gold,change the movie to one like world and the world,change the movie to one like world and the world,change the movie to one like wealth and the world.,change the movie to one like wealth and the world,0.1,0.0833,1.0,1.0
test,AESRC2020-INDIAN-ACCENT-G92374-G92374S1255,AESRC2020-INDIAN-ACCENT-G92374,3.335,INDIAN,tiny,whisper_norm,gold,there will be a regular contact in the days and weeks ahead,there will be a regular contact in the days and weeks ahead,There will be a regular contact in the days and weeks ahead.,there will be a regular contact in the days and weeks ahead,0.0,0.0,1.0,1.0
test,AESRC2020-INDIAN-ACCENT-G92374-G92374S1256,AESRC2020-INDIAN-ACCENT-G92374,4.224,INDIAN,tiny,whisper_norm,gold,when i say talk i mean getting them to come in and invest with you,when i say talk i mean getting them to come in and invest with you,"When I say talk, I mean getting them to come in and invest with you.",when i say talk i mean getting them to come in and invest with you,0.0,0.0,1.0,1.0
test,AESRC2020-INDIAN-ACCENT-G92374-G92374S1257,AESRC2020-INDIAN-ACCENT-G92374,3.531,INDIAN,tiny,whisper_norm,gold,his mind was in such a turmoil that he couldn't get to sleep,his mind was in such a turmoil that he could not get to sleep,His mind was in such a turmoil that he couldn't get to sleep.,his mind was in such a turmoil that he could not get to sleep,0.0,0.0,1.0,1.0
test,AESRC2020-INDIAN-ACCENT-G92374-G92374S2342,AESRC2020-INDIAN-ACCENT-G92374,3.205,INDIAN,tiny,whisper_norm,gold,i don't want to watch rose of komalner,i do not want to watch rose of komalner,I don't want to watch rows of commoner.,i do not want to watch rows of commoner,0.2222,0.1282,0.7778,1.0
test,AESRC2020-INDIAN-ACCENT-G92381-G92381S1299,AESRC2020-INDIAN-ACCENT-G92381,3.966,INDIAN,tiny,whisper_norm,gold,we have always tried to put both sides of the story,we have always tried to put both sides of the story,We have always tried to put both sides of the story.,we have always tried to put both sides of the story,0.0,0.0,1.0,1.0
test,AESRC2020-INDIAN-ACCENT-G92381-G92381S2355,AESRC2020-INDIAN-ACCENT-G92381,3.079,INDIAN,tiny,whisper_norm,gold,what is the wind direction in baranagar,what is the wind direction in baranagar,What is the wind direction in barra nagar?,what is the wind direction in barra nagar,0.2857,0.0513,0.8571,1.1429
test,AESRC2020-INDIAN-ACCENT-G92539-G92539S1285,AESRC2020-INDIAN-ACCENT-G92539,4.831,INDIAN,tiny,whisper_norm,gold,dad said he was proposition by a call girl at the ritzy hotel,dad said he was proposition by a call girl at the ritzy hotel,Dad said he was pro-progitioned by a call at the Ritz 3 hotel.,dad said he was pro progitioned by a call at the ritz 3 hotel,0.3846,0.1967,0.7692,1.0769
test,AESRC2020-INDIAN-ACCENT-G92539-G92539S1299,AESRC2020-INDIAN-ACCENT-G92539,4.306,INDIAN,tiny,whisper_norm,gold,his eyes which were the same as his mother's were brilliant green,his eyes which were the same as his mother is were brilliant green,His eyes which were the same as his mothers were brilliant green.,his eyes which were the same as his mothers were brilliant green,0.1538,0.0303,0.8182,0.9231
test,AESRC2020-INDIAN-ACCENT-G92539-G92539S2320,AESRC2020-INDIAN-ACCENT-G92539,2.022,INDIAN,tiny,whisper_norm,gold,what is the humidity in nellore,what is the humidity in nellore,What is the humidity in Nellore?,what is the humidity in nellore,0.0,0.0,1.0,1.0
test,AESRC2020-INDIAN-ACCENT-G92539-G92539S2339,AESRC2020-INDIAN-ACCENT-G92539,3.213,INDIAN,tiny,whisper_norm,gold,help me order delivery from bombaysthan express,help me order delivery from bombaysthan express,Help me order delivery from Bombay's Tan Express.,help me order delivery from bombay is tan express,0.4286,0.0851,0.8571,1.2857
test,AESRC2020-INDIAN-ACCENT-G92539-G92539S3370,AESRC2020-INDIAN-ACCENT-G92539,2.751,INDIAN,tiny,whisper_norm,gold,it's cold today i want heater,it is cold today i want heater,"It's cool today, I want heater.",it is cool today i want heater,0.1429,0.0667,0.8571,1.0
test,AESRC2020-INDIAN-ACCENT-G92558-G92558S1299,AESRC2020-INDIAN-ACCENT-G92558,4.916,INDIAN,tiny,whisper_norm,gold,everything that we own i have purchased it in my name,everything that we own i have purchased it in my name,"Everything that we own, I have purchased it in my name.",everything that we own i have purchased it in my name,0.0,0.0,1.0,1.0
test,AESRC2020-INDIAN-ACCENT-G92558-G92558S1300,AESRC2020-INDIAN-ACCENT-G92558,4.434,INDIAN,tiny,whisper_norm,gold,i will allow no one to play in it but myself,i will allow no one to play in it but myself,I will allow no one to play in it but myself.,i will allow no one to play in it but myself,0.0,0.0,1.0,1.0
test,AESRC2020-INDIAN-ACCENT-G92558-G92558S2354,AESRC2020-INDIAN-ACCENT-G92558,3.364,INDIAN,tiny,whisper_norm,gold,what was the budget for the movie baby bridge,what was the budget for the movie baby bridge,But was the budget for the movie baby bridge.,but was the budget for the movie baby bridge,0.1111,0.0667,0.875,1.0
test,AESRC2020-INDIAN-ACCENT-G92558-G92558S2355,AESRC2020-INDIAN-ACCENT-G92558,3.616,INDIAN,tiny,whisper_norm,gold,is the movie foolish wisdom still playing in theaters,is the movie foolish wisdom still playing in theaters,Is the movie foolish with dumb still playing in theatres?,is the movie foolish with dumb still playing in theaters,0.2222,0.0943,0.8889,1.1111
test,AESRC2020-INDIAN-ACCENT-G92561-G92561S1299,AESRC2020-INDIAN-ACCENT-G92561,5.38,INDIAN,tiny,whisper_norm,gold,it was obvious to everyone that the child had been badly treated,it was obvious to everyone that the child had been badly treated,It was obvious to everyone that the child had been badly treated.,it was obvious to everyone that the child had been badly treated,0.0,0.0,1.0,1.0
test,AESRC2020-INDIAN-ACCENT-G92561-G92561S1300,AESRC2020-INDIAN-ACCENT-G92561,4.388,INDIAN,tiny,whisper_norm,gold,six people are on the trip if you count the children,6 people are on the trip if you count the children,Six people are on the trip if you count the children.,6 people are on the trip if you count the children,0.0,0.0,1.0,1.0
test,AESRC2020-INDIAN-ACCENT-G92561-G92561S2354,AESRC2020-INDIAN-ACCENT-G92561,3.578,INDIAN,tiny,whisper_norm,gold,what places should i visit in grenada,what places should i visit in grenada,What places should I visit in Granada?,what places should i visit in granada,0.1429,0.027,0.8571,1.0
test,AESRC2020-INDIAN-ACCENT-G92561-G92561S2355,AESRC2020-INDIAN-ACCENT-G92561,4.254,INDIAN,tiny,whisper_norm,gold,is spagettii on any movie soundtracks,is spagettii on any movie soundtracks,Is spaghetti on any movie sound tracks?,is spaghetti on any movie sound tracks,0.5,0.0811,0.6667,1.1667
test,AESRC2020-INDIAN-ACCENT-G92561-G92561S3370,AESRC2020-INDIAN-ACCENT-G92561,4.9,INDIAN,tiny,whisper_norm,gold,turn off the refrigerator when water bottles are cool,turn off the refrigerator when water bottles are cool,Turn off the refrigerator when water bottles are cooled.,turn off the refrigerator when water bottles are cooled,0.1111,0.0377,0.8889,1.0
test,AESRC2020-INDIAN-ACCENT-G92749-G92749S1200,AESRC2020-INDIAN-ACCENT-G92749,3.945,INDIAN,tiny,whisper_norm,gold,he got into trouble with the police eg was arrested,he got into trouble with the police eg was arrested,"He got into trouble with the police, easy was arrested.",he got into trouble with the police easy was arrested,0.1,0.0588,0.9,1.0
test,AESRC2020-INDIAN-ACCENT-G92749-G92749S2350,AESRC2020-INDIAN-ACCENT-G92749,3.222,INDIAN,tiny,whisper_norm,gold,who is the main actor in the movie husband wife,who is the main actor in the movie husband wife,Who is the main actor in the movie husband wife?,who is the main actor in the movie husband wife,0.0,0.0,1.0,1.0
test,AESRC2020-INDIAN-ACCENT-G93011-G93011S1299,AESRC2020-INDIAN-ACCENT-G93011,3.545,INDIAN,tiny,whisper_norm,gold,it is good to be curious about the world around you,it is good to be curious about the world around you,It is good to be curious about the world around you.,it is good to be curious about the world around you,0.0,0.0,1.0,1.0
test,AESRC2020-INDIAN-ACCENT-G93011-G93011S1300,AESRC2020-INDIAN-ACCENT-G93011,4.649,INDIAN,tiny,whisper_norm,gold,a friend of mine spent a week on an island off the connecticut coast,a friend of mine spent a week on an island off the connecticut coast,A friend of mine spent a week on an island of the Connecticut coast.,a friend of mine spent a week on an island of the connecticut coast,0.0714,0.0147,0.9231,1.0
test,AESRC2020-INDIAN-ACCENT-G93011-G93011S2354,AESRC2020-INDIAN-ACCENT-G93011,3.745,INDIAN,tiny,whisper_norm,gold,how high will the temperature get this week in pickering,how high will the temperature get this week in pickering,How high will the temperature get this week in Pickering?,how high will the temperature get this week in pickering,0.0,0.0,1.0,1.0
test,AESRC2020-INDIAN-ACCENT-G93011-G93011S2355,AESRC2020-INDIAN-ACCENT-G93011,3.255,INDIAN,tiny,whisper_norm,gold,who is the director of son of a shepherd,who is the director of son of a shepherd,Who is the Director of Son of a Shaford?,who is the director of son of a shaford,0.1111,0.1,0.875,1.0
test,AESRC2020-INDIAN-ACCENT-G93072-G93072S1299,AESRC2020-INDIAN-ACCENT-G93072,4.413,INDIAN,tiny,whisper_norm,gold,children let us love not in word or speech but in dead and truth,children let us love not in word or speech but in dead and truth,"Children, let us love not in water, speech, but in death and truth.",children let us love not in water speech but in death and truth,0.2143,0.1094,0.7692,0.9286
test,AESRC2020-INDIAN-ACCENT-G93072-G93072S1300,AESRC2020-INDIAN-ACCENT-G93072,4.249,INDIAN,tiny,whisper_norm,gold,and this effect has both active side and a negative side,and this effect has both active side and a negative side,And this effect has both active side and a negative side.,and this effect has both active side and a negative side,0.0,0.0,1.0,1.0
test,AESRC2020-INDIAN-ACCENT-G93072-G93072S2354,AESRC2020-INDIAN-ACCENT-G93072,3.531,INDIAN,tiny,whisper_norm,gold,add the show the sixth sense to my watch list,add the show the 6th sense to my watch list,Add the show the sixth sense to my watch list.,add the show the 6th sense to my watch list,0.0,0.0,1.0,1.0
test,AESRC2020-INDIAN-ACCENT-G93072-G93072S2355,AESRC2020-INDIAN-ACCENT-G93072,4.775,INDIAN,tiny,whisper_norm,gold,how much will it cost me to visit university school of biotechnology,how much will it cost me to visit university school of biotechnology,How much will it cost me to visit university school of biotechnology?,how much will it cost me to visit university school of biotechnology,0.0,0.0,1.0,1.0
test,AESRC2020-INDIAN-ACCENT-G93072-G93072S3370,AESRC2020-INDIAN-ACCENT-G93072,2.446,INDIAN,tiny,whisper_norm,gold,check time left for rice,check time left for rice,Check time left for eyes.,check time left for eyes,0.2,0.1667,0.8,1.0
test,AESRC2020-INDIAN-ACCENT-G93102-G93102S2354,AESRC2020-INDIAN-ACCENT-G93102,4.745,INDIAN,tiny,whisper_norm,gold,what is the best brand of whisper sanitary pad choice ultra,what is the best brand of whisper sanitary pad choice ultra,What is the best brand of Whisper's and it free-pad choice ultra?,what is the best brand of whisper is and it free pad choice ultra,0.3636,0.1356,0.9091,1.2727
test,AESRC2020-INDIAN-ACCENT-G93102-G93102S2355,AESRC2020-INDIAN-ACCENT-G93102,3.914,INDIAN,tiny,whisper_norm,gold,will babul supriyo have a live concert soon,will babul supriyo have a live concert soon,Will Babble Supriog have a life concert soon?,will babble supriog have a life concert soon,0.375,0.1163,0.625,1.0
test,AESRC2020-INDIAN-ACCENT-G93102-G93102S3370,AESRC2020-INDIAN-ACCENT-G93102,3.208,INDIAN,tiny,whisper_norm,gold,play stories randomly for ten minutes,play stories randomly for 10 minutes,Place to ease randomly for 10 minutes.,place to ease randomly for 10 minutes,0.5,0.1944,0.6667,1.1667
test,AESRC2020-INDIAN-ACCENT-G93215-G93215S1300,AESRC2020-INDIAN-ACCENT-G93215,5.638,INDIAN,tiny,whisper_norm,gold,i cannot imagine how much grief the affected families are going through,i cannot imagine how much grief the affected families are going through,I cannot imagine how much grief the affected families are going through.,i cannot imagine how much grief the affected families are going through,0.0,0.0,1.0,1.0
test,AESRC2020-INDIAN-ACCENT-G93215-G93215S2353,AESRC2020-INDIAN-ACCENT-G93215,4.874,INDIAN,tiny,whisper_norm,gold,is the revelation song on any movie soundtracks,is the revelation song on any movie soundtracks,It's the Revelation song on any movie soundtrack.,it is the revelation song on any movie soundtrack,0.25,0.0851,0.875,1.125
test,AESRC2020-INDIAN-ACCENT-G93215-G93215S2355,AESRC2020-INDIAN-ACCENT-G93215,3.433,INDIAN,tiny,whisper_norm,gold,what album is the song brown from,what album is the song brown from,What album is the song Brown from?,what album is the song brown from,0.0,0.0,1.0,1.0
test,AESRC2020-INDIAN-ACCENT-G93215-G93215S3370,AESRC2020-INDIAN-ACCENT-G93215,4.93,INDIAN,tiny,whisper_norm,gold,keep the temperature moderate when you want to keep the food fresh,keep the temperature moderate when you want to keep the food fresh,Keep the temperature moderate when you want to keep the food fresh.,keep the temperature moderate when you want to keep the food fresh,0.0,0.0,1.0,1.0
test,AESRC2020-INDIAN-ACCENT-G93251-G93251S1300,AESRC2020-INDIAN-ACCENT-G93251,5.423,INDIAN,tiny,whisper_norm,gold,it is the time for the young people to take the mandate to lead,it is the time for the young people to take the mandate to lead,It is the time for the young people to take the mandate to lead.,it is the time for the young people to take the mandate to lead,0.0,0.0,1.0,1.0
test,AESRC2020-INDIAN-ACCENT-G93251-G93251S2355,AESRC2020-INDIAN-ACCENT-G93251,3.838,INDIAN,tiny,whisper_norm,gold,will it snow this week in roberval,will it snow this week in roberval,Will it snow this week in Robert Wall?,will it snow this week in robert wall,0.2857,0.1176,0.8571,1.1429
test,AESRC2020-INDIAN-ACCENT-G93269-G93269S1299,AESRC2020-INDIAN-ACCENT-G93269,5.197,INDIAN,tiny,whisper_norm,gold,she was not in such repute for her practice as before,she was not in such repute for her practice as before,See what's not in search of beautiful her practice as before.,see what is not in search of beautiful her practice as before,0.5455,0.3208,0.5455,1.0909
test,AESRC2020-INDIAN-ACCENT-G93269-G93269S1300,AESRC2020-INDIAN-ACCENT-G93269,4.624,INDIAN,tiny,whisper_norm,gold,do you want us to make them a bunch or a basket,do you want us to make them a bunch or a basket,Do you want us to make them a bunch or a basket?,do you want us to make them a bunch or a basket,0.0,0.0,1.0,1.0
test,AESRC2020-INDIAN-ACCENT-G93269-G93269S2354,AESRC2020-INDIAN-ACCENT-G93269,5.278,INDIAN,tiny,whisper_norm,gold,i want to know other songs with the same name as dance for me,i want to know other songs with the same name as dance for me,I want to know other songs with the same name as dance forming.,i want to know other songs with the same name as dance forming,0.1429,0.0656,0.8571,0.9286
test,AESRC2020-INDIAN-ACCENT-G93269-G93269S2355,AESRC2020-INDIAN-ACCENT-G93269,3.469,INDIAN,tiny,whisper_norm,gold,where can i watch the show get out,where can i watch the show get out,Where can I watch the show get out?,where can i watch the show get out,0.0,0.0,1.0,1.0
test,AESRC2020-INDIAN-ACCENT-G93269-G93269S3370,AESRC2020-INDIAN-ACCENT-G93269,4.567,INDIAN,tiny,whisper_norm,gold,let's turn on the sweeping robot and clean the room,let us turn on the sweeping robot and clean the room,Let's turn on the Swipping Robot and clean the room.,let us turn on the swipping robot and clean the room,0.0909,0.0385,0.9,1.0
test,AESRC2020-INDIAN-ACCENT-G93380-G93380S1299,AESRC2020-INDIAN-ACCENT-G93380,4.891,INDIAN,tiny,whisper_norm,gold,the car engine has suffered wear and tear over the years,the car engine has suffered wear and tear over the years,The car engine has suffered via Antia over the years.,the car engine has suffered via antia over the years,0.2727,0.125,0.7,0.9091
test,AESRC2020-INDIAN-ACCENT-G93380-G93380S1300,AESRC2020-INDIAN-ACCENT-G93380,5.736,INDIAN,tiny,whisper_norm,gold,he will hammer some information in whether that child like it or not,he will hammer some information in whether that child like it or not,"He will hammer some information in weather, that I like it or not.",he will hammer some information in weather that i like it or not,0.1538,0.0882,0.8462,1.0
test,AESRC2020-INDIAN-ACCENT-G93380-G93380S2354,AESRC2020-INDIAN-ACCENT-G93380,3.038,INDIAN,tiny,whisper_norm,gold,are there other versions of brown,are there other versions of brown,Are their other versions of Brown.,are their other versions of brown,0.1667,0.0606,0.8333,1.0
test,AESRC2020-INDIAN-ACCENT-G93391-G93391S1299,AESRC2020-INDIAN-ACCENT-G93391,3.773,INDIAN,tiny,whisper_norm,gold,cut each cake in half and set aside to cool completely,cut each cake in half and set aside to cool completely,cut each cake in half and set aside to cool completely.,cut each cake in half and set aside to cool completely,0.0,0.0,1.0,1.0
test,AESRC2020-INDIAN-ACCENT-G93391-G93391S2354,AESRC2020-INDIAN-ACCENT-G93391,3.661,INDIAN,tiny,whisper_norm,gold,is there a warranty on fair and lovely skin baby cream,is there a warranty on fair and lovely skin baby cream,Is there a warranty on fair and lovely skin BB cream?,is there a warranty on fair and lovely skin bb cream,0.0909,0.037,0.9091,1.0
test,AESRC2020-INDIAN-ACCENT-G93391-G93391S2355,AESRC2020-INDIAN-ACCENT-G93391,2.848,INDIAN,tiny,whisper_norm,gold,i don't want to watch the killing of shishupal,i do not want to watch the killing of shishupal,I don't want to watch the killing of Shishupal.,i do not want to watch the killing of shishupal,0.0,0.0,1.0,1.0
test,AESRC2020-INDIAN-ACCENT-G93391-G93391S3370,AESRC2020-INDIAN-ACCENT-G93391,2.54,INDIAN,tiny,whisper_norm,gold,stop the timer after ten minutes,stop the timer after 10 minutes,"Stop the timer, have to 10 minutes.",stop the timer have to 10 minutes,0.3333,0.1935,0.8333,1.1667
test,AESRC2020-INDIAN-ACCENT-G93535-G93535S2354,AESRC2020-INDIAN-ACCENT-G93535,3.578,INDIAN,tiny,whisper_norm,gold,when was the movie dare devil released,when was the movie dare devil released,When was the movie Dare Devil Relieved?,when was the movie dare devil relieved,0.1429,0.0789,0.8571,1.0
test,AESRC2020-INDIAN-ACCENT-G93535-G93535S2355,AESRC2020-INDIAN-ACCENT-G93535,5.788,INDIAN,tiny,whisper_norm,gold,how long does it take to get the indusuniversity,how long does it take to get the indusuniversity,How long does it take to get the induced university?,how long does it take to get the induced university,0.2222,0.0833,0.8889,1.1111
test,AESRC2020-INDIAN-ACCENT-G93615-G93615S1299,AESRC2020-INDIAN-ACCENT-G93615,5.417,INDIAN,tiny,whisper_norm,gold,or is it just part of a cycle a temporary lull before a boom,or is it just part of a cycle a temporary lull before a boom,"Or is it just part of a cycle, a temporary lull before a boom?",or is it just part of a cycle a temporary lull before a boom,0.0,0.0,1.0,1.0
test,AESRC2020-INDIAN-ACCENT-G93615-G93615S1300,AESRC2020-INDIAN-ACCENT-G93615,4.739,INDIAN,tiny,whisper_norm,gold,you can see he's a rash and blunt guy at first sight,you can see he is a rash and blunt guy at 1st sight,You can see his arrest and blunt guy at first sight.,you can see his arrest and blunt guy at 1st sight,0.3077,0.098,0.6923,0.8462
test,AESRC2020-INDIAN-ACCENT-G93615-G93615S2354,AESRC2020-INDIAN-ACCENT-G93615,4.146,INDIAN,tiny,whisper_norm,gold,where can i buy the song othello era la notte,where can i buy the song othello era la notte,Where can I buy the song or the song or the song?,where can i buy the song or the song or the song,0.6,0.3333,0.6,1.2
test,AESRC2020-INDIAN-ACCENT-G93615-G93615S2355,AESRC2020-INDIAN-ACCENT-G93615,3.238,INDIAN,tiny,whisper_norm,gold,change the music to em sinfonia,change the music to em sinfonia,"Change the music to M, Sinfonia.",change the music to m sinfonia,0.1667,0.0323,0.8333,1.0
test,AESRC2020-INDIAN-ACCENT-G93639-G93639S2365,AESRC2020-INDIAN-ACCENT-G93639,4.32,INDIAN,tiny,whisper_norm,gold,where is the nearest chilly china restaurant branch,where is the nearest chilly china restaurant branch,Where is the nearest TV channel restaurant branch?,where is the nearest tv channel restaurant branch,0.25,0.1961,0.75,1.0
test,AESRC2020-INDIAN-ACCENT-G93639-G93639S2366,AESRC2020-INDIAN-ACCENT-G93639,4.465,INDIAN,tiny,whisper_norm,gold,find gorni kramer music collaborations,find gorni kramer music collaborations,Find Gourney Kramer Music Collaborations.,find gourney kramer music collaborations,0.2,0.0789,0.8,1.0
test,AESRC2020-INDIAN-ACCENT-G93639-G93639S3376,AESRC2020-INDIAN-ACCENT-G93639,4.365,INDIAN,tiny,whisper_norm,gold,i feel cold here turn the heater on,i feel cold here turn the heater on,"I will cord here, turn the heater on.",i will cord here turn the heater on,0.25,0.1143,0.75,1.0
test,AESRC2020-INDIAN-ACCENT-G94051-G94051S1300,AESRC2020-INDIAN-ACCENT-G94051,3.781,INDIAN,tiny,whisper_norm,gold,image can be enlarge fat but i do not know how,image can be enlarge fat but i do not know how,"image can be in last, fat but I do not know how.",image can be in last fat but i do not know how,0.1818,0.1087,0.9091,1.0909
test,AESRC2020-INDIAN-ACCENT-G94051-G94051S2354,AESRC2020-INDIAN-ACCENT-G94051,3.15,INDIAN,tiny,whisper_norm,gold,where is astoria hotel private limited,where is astoria hotel private limited,Where is Astoria Hotel Private Limited?,where is astoria hotel private limited,0.0,0.0,1.0,1.0
test,AESRC2020-INDIAN-ACCENT-G94274-G94274S1299,AESRC2020-INDIAN-ACCENT-G94274,4.77,INDIAN,tiny,whisper_norm,gold,chiefly the mould of a man's fortune is in his own hands,chiefly the mold of a man is fortune is in his own hands,"Kifli, the mold of immense fortune, is in his own hands.",kifli the mold of immense fortune is in his own hands,0.3077,0.1786,0.75,0.8462
test,AESRC2020-INDIAN-ACCENT-G94274-G94274S1300,AESRC2020-INDIAN-ACCENT-G94274,4.675,INDIAN,tiny,whisper_norm,gold,in their withdrawal much of the heavy equipment had to be left behind,in their withdrawal much of the heavy equipment had to be left behind,"In their withdrawal, much of the heavy acumen had to be left behind.",in their withdrawal much of the heavy acumen had to be left behind,0.0769,0.0725,0.9231,1.0
test,AESRC2020-INDIAN-ACCENT-G94274-G94274S2353,AESRC2020-INDIAN-ACCENT-G94274,2.63,INDIAN,tiny,whisper_norm,gold,change the music to david rovics,change the music to david rovics,changing music to David Roviks.,changing music to david roviks,0.5,0.1875,0.5,0.8333
test,AESRC2020-INDIAN-ACCENT-G94274-G94274S2355,AESRC2020-INDIAN-ACCENT-G94274,4.058,INDIAN,tiny,whisper_norm,gold,what episode of chakravartin ashoka samrat is most popular,what episode of chakravartin ashoka samrat is most popular,What episode of Chakra Vrthin Ashoka Samrath is most popular?,what episode of chakra vrthin ashoka samrath is most popular,0.3333,0.069,0.7778,1.1111
test,AESRC2020-INDIAN-ACCENT-G94287-G94287S1300,AESRC2020-INDIAN-ACCENT-G94287,5.295,INDIAN,tiny,whisper_norm,gold,i am a starting to think that i may never hire a man again,i am a starting to think that i may never hire a man again,I am starting to think that I may never hire a man again.,i am starting to think that i may never hire a man again,0.0714,0.0345,1.0,0.9286
test,AESRC2020-INDIAN-ACCENT-G94287-G94287S2355,AESRC2020-INDIAN-ACCENT-G94287,3.63,INDIAN,tiny,whisper_norm,gold,is it rainy today in neuville,is it rainy today in neuville,Is it rainy today in New Vela?,is it rainy today in new vela,0.3333,0.1724,0.8333,1.1667
test,AESRC2020-INDIAN-ACCENT-G94750-G94750S1199,AESRC2020-INDIAN-ACCENT-G94750,3.668,INDIAN,tiny,whisper_norm,gold,for so many years she had shown him a rare devotion,for so many years she had shown him a rare devotion,For so many years she had shown him a red devotion.,for so many years she had shown him a red devotion,0.0909,0.0588,0.9091,1.0
test,AESRC2020-INDIAN-ACCENT-G94750-G94750S2350,AESRC2020-INDIAN-ACCENT-G94750,2.948,INDIAN,tiny,whisper_norm,gold,how humid is it today in richelieu,how humid is it today in richelieu,How you may visit today in Rishal流.,how you may visit today in rishal流,0.5714,0.3529,0.4286,1.0
test,AESRC2020-INDIAN-ACCENT-G95609-G95609S1299,AESRC2020-INDIAN-ACCENT-G95609,5.817,INDIAN,tiny,whisper_norm,gold,the guard is sweating so much that the shirt is almost wet on this back,the guard is sweating so much that the shirt is almost wet on this back,The guard is waiting so much that the shirt is almost wet on his back.,the guard is waiting so much that the shirt is almost wet on his back,0.1333,0.0563,0.8462,1.0
test,AESRC2020-INDIAN-ACCENT-G95609-G95609S1300,AESRC2020-INDIAN-ACCENT-G95609,4.281,INDIAN,tiny,whisper_norm,gold,but before i could buy it i had to see a lawyer,but before i could buy it i had to see a lawyer,"But before I could buy it, I had to see a lawyer.",but before i could buy it i had to see a lawyer,0.0,0.0,1.0,1.0
test,AESRC2020-INDIAN-ACCENT-G95609-G95609S2353,AESRC2020-INDIAN-ACCENT-G95609,3.479,INDIAN,tiny,whisper_norm,gold,i want to listen to dance for me next,i want to listen to dance for me next,I want to listen to dance for me next.,i want to listen to dance for me next,0.0,0.0,1.0,1.0
test,AESRC2020-INDIAN-ACCENT-G95609-G95609S2355,AESRC2020-INDIAN-ACCENT-G95609,4.693,INDIAN,tiny,whisper_norm,gold,how is the weather this week in chestermere,how is the weather this week in chestermere,How is the weather this week in Chestermir?,how is the weather this week in chestermir,0.125,0.0465,0.875,1.0
